timestamp,qw,qx,qy,qz,acc_x,acc_y,acc_z,gyro_x,gyro_y,gyro_z,raw_hex,src_uuid
11:05:25.626937,0.0311279296875,-0.06268310546875,0.12469482421875,0.015625,-0.24951171875,1.00244140625,0.0,-15.875,nan,nan,fe01fdfbfb07000101fe0508000002ff,d5060205-a904-deb9-4748-2c7f4a124842
11:05:25.634208,0.875244140625,-0.06561279296875,0.4774169921875,-0.04119873046875,-0.82958984375,-0.1416015625,0.5322265625,-0.5,-0.25,0.1875,0438cdfb8e1e5dfd5df9defe4204f8fffcff0300,d5060402-a904-deb9-4748-2c7f4a124842
11:05:25.649738,0.875244140625,-0.065673828125,0.4774169921875,-0.04119873046875,-0.81884765625,-0.16162109375,0.53125,-0.8125,-0.375,0.5,0438ccfb8e1e5dfd73f9b5fe4004f3fffaff0800,d5060402-a904-deb9-4748-2c7f4a124842
11:05:25.672419,0.875244140625,-0.065673828125,0.4774169921875,-0.041259765625,-0.82080078125,-0.15869140625,0.53076171875,0.4375,0.375,-0.5625,0438ccfb8e1e5cfd6ff9bbfe3f0407000600f7ff,d5060402-a904-deb9-4748-2c7f4a124842
11:05:25.672421,0.0155029296875,-0.22076416015625,-6.103515625e-05,-0.0155029296875,0.12353515625,0.26806640625,-0.0009765625,0.0,nan,nan,fe00dff1ffff02fffd002502feff0000,d5060205-a904-deb9-4748-2c7f4a124842
11:05:25.694129,0.875244140625,-0.06524658203125,0.47735595703125,-0.04144287109375,-0.828125,-0.14501953125,0.54150390625,2.1875,0.125,-0.375,0438d3fb8d1e59fd60f9d7fe550423000200faff,d5060402-a904-deb9-4748-2c7f4a124842
11:05:25.708905,0.01568603515625,-0.375,0.01568603515625,0.03125,-0.0009765625,1.12451171875,0.0,-63.875,nan,nan,010100e801010002feffff08000002fc,d5060205-a904-deb9-4748-2c7f4a124842
11:05:25.709788,0.87530517578125,-0.06500244140625,0.47723388671875,-0.04156494140625,-0.8193359375,-0.1484375,0.53076171875,1.5625,-0.375,-0.25,0538d7fb8b1e57fd72f9d0fe3f041900fafffcff,d5060402-a904-deb9-4748-2c7f4a124842
11:05:25.732520,0.87530517578125,-0.06500244140625,0.47723388671875,-0.04156494140625,-0.8251953125,-0.142578125,0.52490234375,-0.0625,0.625,-0.75,0538d7fb8b1e57fd66f9dcfe3304ffff0a00f4ff,d5060402-a904-deb9-4748-2c7f4a124842
11:05:25.746569,-0.00018310546875,-0.4844970703125,0.0777587890625,0.03106689453125,0.0009765625,1.37548828125,0.12548828125,-0.0625,nan,nan,fdfffee0fa04fd010200010b0101ffff,d5060205-a904-deb9-4748-2c7f4a124842
11:05:25.753955,0.8753662109375,-0.06494140625,0.47723388671875,-0.04156494140625,-0.83203125,-0.14306640625,0.54541015625,-0.8125,0.25,0.0625,0638d8fb8b1e57fd58f9dbfe5d04f3ff04000100,d5060402-a904-deb9-4748-2c7f4a124842
11:05:25.769729,0.8753662109375,-0.065185546875,0.4771728515625,-0.04132080078125,-0.82373046875,-0.15380859375,0.529296875,-1.6875,-0.5625,0.4375,0638d4fb8a1e5bfd69f9c5fe3c04e5fff7ff0700,d5060402-a904-deb9-4748-2c7f4a124842
11:05:25.792348,0.015625,-0.2188720703125,0.15618896484375,0.07806396484375,0.0009765625,1.63232421875,0.12548828125,-96.0625,nan,nan,0001fef1ff09ff0402000f0d0101fff9,d5060205-a904-deb9-4748-2c7f4a124842
11:05:25.792411,0.875244140625,-0.0654296875,0.47735595703125,-0.04132080078125,-0.8271484375,-0.15380859375,0.5263671875,-1.1875,0.5625,-0.5625,0438d0fb8d1e5bfd62f9c5fe3604edff0900f7ff,d5060402-a904-deb9-4748-2c7f4a124842
11:05:25.813977,0.875244140625,-0.06536865234375,0.47735595703125,-0.04132080078125,-0.82958984375,-0.14794921875,0.5419921875,-0.125,0.0625,-0.1875,0438d1fb8d1e5bfd5df9d1fe5604feff0100fdff,d5060402-a904-deb9-4748-2c7f4a124842
11:05:25.829040,-0.00018310546875,-0.42181396484375,0.0465087890625,-0.015625,-0.0009765625,0.375,-0.376953125,-0.0625,nan,nan,fdff01e5fa0200fffeff0003fcfcffff,d5060205-a904-deb9-4748-2c7f4a124842
11:05:25.829805,0.875244140625,-0.06536865234375,0.47735595703125,-0.04132080078125,-0.82177734375,-0.15185546875,0.5322265625,0.25,-0.4375,0.4375,0438d1fb8d1e5bfd6df9c9fe42040400f9ff0700,d5060402-a904-deb9-4748-2c7f4a124842
11:05:25.852138,0.875244140625,-0.06536865234375,0.47735595703125,-0.04132080078125,-0.82373046875,-0.15478515625,0.525390625,-0.75,0.25,-0.3125,0438d1fb8d1e5bfd69f9c3fe3404f4ff0400fbff,d5060402-a904-deb9-4748-2c7f4a124842
11:05:25.866670,0.01556396484375,-0.53131103515625,0.10906982421875,0.07806396484375,0.2490234375,2.24951171875,-0.24951171875,-16.1875,nan,nan,ff00ffddfb06ff04fe01ff1101fefdfe,d5060205-a904-deb9-4748-2c7f4a124842
11:05:25.874007,0.875244140625,-0.06536865234375,0.47735595703125,-0.04132080078125,-0.83154296875,-0.1484375,0.5390625,-0.25,0.0625,0.0625,0438d1fb8d1e5bfd59f9d0fe5004fcff01000100,d5060402-a904-deb9-4748-2c7f4a124842
11:05:25.889826,0.875244140625,-0.06536865234375,0.477294921875,-0.04132080078125,-0.81982421875,-0.15185546875,0.53515625,-0.6875,-0.0625,0.25,0438d1fb8c1e5bfd71f9c9fe4804f5ffffff0400,d5060402-a904-deb9-4748-2c7f4a124842
11:05:25.912812,0.87530517578125,-0.06536865234375,0.477294921875,-0.04132080078125,-0.8251953125,-0.14892578125,0.5341796875,-0.0625,-0.1875,-0.25,0538d1fb8c1e5bfd66f9cffe4604fffffdfffcff,d5060402-a904-deb9-4748-2c7f4a124842
11:05:25.912828,-0.015869140625,-0.2813720703125,0.10906982421875,0.0780029296875,0.248046875,1.75,-0.625,-96.25,nan,nan,fcfefeedfb06fe04fc01000e00fbfcf9,d5060205-a904-deb9-4748-2c7f4a124842
11:05:25.933970,0.875244140625,-0.06536865234375,0.47735595703125,-0.04132080078125,-0.82861328125,-0.1572265625,0.52978515625,0.5625,-0.125,-0.1875,0438d1fb8d1e5bfd5ff9befe3d040900fefffdff,d5060402-a904-deb9-4748-2c7f4a124842
11:05:25.949051,-0.00018310546875,-0.234619140625,0.14044189453125,0.0938720703125,0.0009765625,1.1201171875,-0.1220703125,-16.25,nan,nan,fdfffcf0fd0802060200f60806fffcfe,d5060205-a904-deb9-4748-2c7f4a124842
11:05:25.949720,0.875244140625,-0.06536865234375,0.47735595703125,-0.04132080078125,-0.82421875,-0.14794921875,0.53125,0.9375,0.0,-0.25,0438d1fb8d1e5bfd68f9d1fe40040f000000fcff,d5060402-a904-deb9-4748-2c7f4a124842
11:05:25.972045,0.875244140625,-0.06536865234375,0.47735595703125,-0.041259765625,-0.828125,-0.150390625,0.52734375,0.5,0.1875,-0.375,0438d1fb8d1e5cfd60f9ccfe380408000300faff,d5060402-a904-deb9-4748-2c7f4a124842
11:05:25.987437,0.03125,-0.06329345703125,0.109375,0.06256103515625,0.4990234375,0.87451171875,-0.25,-63.875,nan,nan,0002f3fb00070104fe03ff0600fe02fc,d5060205-a904-deb9-4748-2c7f4a124842
11:05:25.994231,0.875244140625,-0.06536865234375,0.47735595703125,-0.041259765625,-0.82763671875,-0.1513671875,0.53515625,0.125,0.25,-0.375,0438d1fb8d1e5cfd61f9cafe480402000400faff,d5060402-a904-deb9-4748-2c7f4a124842
11:05:26.016452,0.875244140625,-0.06536865234375,0.47735595703125,-0.041259765625,-0.8271484375,-0.15087890625,0.533203125,0.0,-0.3125,0.125,0438d1fb8d1e5cfd62f9cbfe44040000fbff0200,d5060402-a904-deb9-4748-2c7f4a124842
11:05:26.032466,6.103515625e-05,-0.26556396484375,0.07763671875,0.046630859375,-0.37548828125,0.634765625,-0.001953125,-16.1875,nan,nan,010001eff804fc02fffc1405fcfffdfe,d5060205-a904-deb9-4748-2c7f4a124842
11:05:26.032485,0.875244140625,-0.0653076171875,0.47735595703125,-0.041259765625,-0.8203125,-0.1474609375,0.5322265625,0.625,-0.125,-0.125,0438d2fb8d1e5cfd70f9d2fe42040a00fefffeff,d5060402-a904-deb9-4748-2c7f4a124842
11:05:26.054609,0.875244140625,-0.0653076171875,0.47735595703125,-0.041259765625,-0.82666015625,-0.146484375,0.52734375,-0.5,0.25,-0.5,0438d2fb8d1e5cfd63f9d4fe3804f8ff0400f8ff,d5060402-a904-deb9-4748-2c7f4a124842
11:05:26.068963,-0.03155517578125,-0.23565673828125,0.2030029296875,0.07818603515625,-0.1240234375,1.49951171875,0.25146484375,-31.8125,nan,nan,fbfdebf0fe0c010502ffff0b030203fe,d5060205-a904-deb9-4748-2c7f4a124842
11:05:26.069771,0.87518310546875,-0.0655517578125,0.4774169921875,-0.04119873046875,-0.8369140625,-0.14599609375,0.53662109375,-1.6875,0.25,-0.9375,0338cefb8e1e5dfd4ef9d5fe4b04e5ff0400f1ff,d5060402-a904-deb9-4748-2c7f4a124842
11:05:26.092665,0.87518310546875,-0.0655517578125,0.4774169921875,-0.04119873046875,-0.82666015625,-0.15380859375,0.5283203125,-0.3125,0.3125,0.125,0338cefb8e1e5dfd63f9c5fe3a04fbff05000200,d5060402-a904-deb9-4748-2c7f4a124842
11:05:26.122256,0.01556396484375,-0.23455810546875,0.1402587890625,0.09375,-0.3759765625,0.236328125,-0.37646484375,-80.125,nan,nan,ff00fdf0fa080006fefce401fdfcfefa,d5060205-a904-deb9-4748-2c7f4a124842
11:05:26.122374,0.87518310546875,-0.0653076171875,0.4775390625,-0.04119873046875,-0.82080078125,-0.1533203125,0.5263671875,1.25,0.5625,0.75,0338d2fb901e5dfd6ff9c6fe3604140009000c00,d5060402-a904-deb9-4748-2c7f4a124842
11:05:26.129755,0.87518310546875,-0.06524658203125,0.4775390625,-0.04119873046875,-0.82373046875,-0.14501953125,0.529296875,0.625,0.0625,0.1875,0338d3fb901e5dfd69f9d7fe3c040a0001000300,d5060402-a904-deb9-4748-2c7f4a124842
11:05:26.151588,-0.0313720703125,-0.251708984375,0.10919189453125,0.0,0.2490234375,0.404296875,-0.2509765625,-32.0,nan,nan,fefde4effd060000fe013c03fefd00fe,d5060205-a904-deb9-4748-2c7f4a124842
11:05:26.152345,0.87518310546875,-0.06524658203125,0.4775390625,-0.04119873046875,-0.82568359375,-0.146484375,0.533203125,-0.875,-0.375,-0.1875,0338d3fb901e5dfd65f9d4fe4404f2fffafffdff,d5060402-a904-deb9-4748-2c7f4a124842
11:05:26.166955,0.87518310546875,-0.06524658203125,0.4775390625,-0.04119873046875,-0.8251953125,-0.1513671875,0.52880859375,-0.6875,-0.5,-0.8125,0338d3fb901e5dfd66f9cafe3b04f5fff8fff3ff,d5060402-a904-deb9-4748-2c7f4a124842
11:05:26.188972,0.87518310546875,-0.06524658203125,0.4775390625,-0.04119873046875,-0.83056640625,-0.1494140625,0.53271484375,0.625,-0.125,-0.375,0338d3fb901e5dfd5bf9cefe43040a00fefffaff,d5060402-a904-deb9-4748-2c7f4a124842
11:05:26.189840,0.015625,-0.2498779296875,0.093505859375,0.09368896484375,0.12255859375,1.75,0.001953125,-31.9375,nan,nan,000102f0fc05ff05fb00000e040001fe,d5060205-a904-deb9-4748-2c7f4a124842
11:05:26.204075,0.87518310546875,-0.06524658203125,0.4775390625,-0.04119873046875,-0.8271484375,-0.1484375,0.53271484375,0.4375,0.0625,-0.1875,0338d3fb901e5dfd62f9d0fe430407000100fdff,d5060402-a904-deb9-4748-2c7f4a124842
11:05:26.226643,0.87518310546875,-0.065185546875,0.4775390625,-0.04119873046875,-0.8271484375,-0.14794921875,0.53173828125,-0.625,-0.1875,-0.125,0338d4fb901e5dfd62f9d1fe4104f6fffdfffeff,d5060402-a904-deb9-4748-2c7f4a124842
11:05:26.233904,-0.01580810546875,-0.361083984375,0.0933837890625,0.01568603515625,-0.00146484375,1.525390625,0.00048828125,-32.0625,nan,nan,fdfee4e8fa050101fdff340c0100fffd,d5060205-a904-deb9-4748-2c7f4a124842
11:05:26.248920,0.87518310546875,-0.065185546875,0.4775390625,-0.04119873046875,-0.828125,-0.154296875,0.53857421875,-0.4375,-0.1875,0.0,0338d4fb901e5dfd60f9c4fe4f04f9fffdff0000,d5060402-a904-deb9-4748-2c7f4a124842
11:05:26.265399,0.87518310546875,-0.06524658203125,0.4775390625,-0.04119873046875,-0.828125,-0.15576171875,0.5283203125,0.8125,0.1875,0.4375,0338d3fb901e5dfd60f9c1fe3a040d0003000700,d5060402-a904-deb9-4748-2c7f4a124842
11:05:26.274223,0.01556396484375,-0.2506103515625,0.03094482421875,0.01544189453125,0.3740234375,1.12548828125,-0.001953125,32.0,nan,nan,ff00f6effb01fd00fe020109fcff0002,d5060205-a904-deb9-4748-2c7f4a124842
11:05:26.286739,0.87518310546875,-0.065185546875,0.4775390625,-0.04119873046875,-0.8203125,-0.1484375,0.52783203125,0.9375,0.125,0.375,0338d4fb901e5dfd70f9d0fe39040f0002000600,d5060402-a904-deb9-4748-2c7f4a124842
11:05:26.309309,0.87518310546875,-0.065185546875,0.4775390625,-0.0411376953125,-0.826171875,-0.14453125,0.5302734375,-0.8125,-0.25,-0.1875,0338d4fb901e5efd64f9d8fe3e04f3fffcfffdff,d5060402-a904-deb9-4748-2c7f4a124842
11:05:26.316547,0.04681396484375,-0.01556396484375,0.1876220703125,0.09368896484375,0.12646484375,1.62890625,-0.12646484375,-31.875,nan,nan,ff0201ff020cff050301080dfdfe02fe,d5060205-a904-deb9-4748-2c7f4a124842
11:05:26.324133,0.8751220703125,-0.06549072265625,0.47760009765625,-0.04095458984375,-0.8251953125,-0.15478515625,0.52978515625,-2.0,0.0,0.5,0238cffb911e61fd66f9c3fe3d04e0ff00000800,d5060402-a904-deb9-4748-2c7f4a124842
11:05:26.346591,0.8751220703125,-0.06549072265625,0.47760009765625,-0.04095458984375,-0.82421875,-0.154296875,0.53955078125,-0.125,0.125,0.125,0238cffb911e61fd68f9c4fe5104feff02000200,d5060402-a904-deb9-4748-2c7f4a124842
11:05:26.353915,0.0467529296875,-0.187255859375,0.09344482421875,0.03131103515625,-0.251953125,1.3759765625,-0.1240234375,-16.0625,nan,nan,fe0204f4fb050102fcfd020b02fffffe,d5060205-a904-deb9-4748-2c7f4a124842
11:05:26.369098,0.87518310546875,-0.06524658203125,0.47747802734375,-0.041015625,-0.82763671875,-0.14990234375,0.53564453125,1.3125,-0.4375,0.125,0338d3fb8f1e60fd61f9cdfe49041500f9ff0200,d5060402-a904-deb9-4748-2c7f4a124842
11:05:26.384130,0.87530517578125,-0.06488037109375,0.47735595703125,-0.041015625,-0.8251953125,-0.1416015625,0.53369140625,1.4375,-0.625,0.375,0538d9fb8d1e60fd66f9defe45041700f6ff0600,d5060402-a904-deb9-4748-2c7f4a124842
11:05:26.391717,0.0311279296875,-0.43743896484375,-6.103515625e-05,0.062255859375,-0.62646484375,1.11767578125,0.2470703125,-16.1875,nan,nan,fe0101e4fffffc03fdfaf108fa01fdfe,d5060205-a904-deb9-4748-2c7f4a124842
11:05:26.406614,0.8753662109375,-0.0645751953125,0.47723388671875,-0.04095458984375,-0.82568359375,-0.14794921875,0.53369140625,1.1875,-0.875,0.5625,0638defb8b1e61fd65f9d1fe45041300f2ff0900,d5060402-a904-deb9-4748-2c7f4a124842
11:05:26.428958,0.87548828125,-0.064208984375,0.47711181640625,-0.041015625,-0.82861328125,-0.14794921875,0.537109375,1.8125,-0.625,0.375,0838e4fb891e60fd5ff9d1fe4c041d00f6ff0600,d5060402-a904-deb9-4748-2c7f4a124842
11:05:26.429796,-6.103515625e-05,-0.14056396484375,0.0784912109375,0.03125,-0.24853515625,1.75146484375,0.3779296875,-47.8125,nan,nan,ffff01f70605000203fe030e060303fd,d5060205-a904-deb9-4748-2c7f4a124842
11:05:26.445023,0.8756103515625,-0.06365966796875,0.47698974609375,-0.0411376953125,-0.82763671875,-0.14453125,0.52978515625,2.875,-1.125,0.6875,0a38edfb871e5efd61f9d8fe3d042e00eeff0b00,d5060402-a904-deb9-4748-2c7f4a124842
11:05:26.466733,0.8756103515625,-0.06329345703125,0.47698974609375,-0.04107666015625,-0.82666015625,-0.1416015625,0.52294921875,1.5,-0.625,0.875,0a38f3fb871e5ffd63f9defe2f041800f6ff0e00,d5060402-a904-deb9-4748-2c7f4a124842
11:05:26.482480,-0.00030517578125,-0.10821533203125,0.06243896484375,0.06231689453125,0.2490234375,1.86328125,0.0009765625,0.3125,nan,nan,fbff13f9ff03fd03fe01e80e02000500,d5060205-a904-deb9-4748-2c7f4a124842
11:05:26.488991,0.87567138671875,-0.06341552734375,0.47686767578125,-0.04083251953125,-0.826171875,-0.14892578125,0.54443359375,-1.3125,-0.3125,0.8125,0b38f1fb851e63fd64f9cffe5b04ebfffbff0d00,d5060402-a904-deb9-4748-2c7f4a124842
11:05:26.504073,0.87579345703125,-0.06353759765625,0.4766845703125,-0.04052734375,-0.82861328125,-0.15087890625,0.54638671875,-1.5625,-0.9375,0.9375,0d38effb821e68fd5ff9cbfe5f04e7fff1ff0f00,d5060402-a904-deb9-4748-2c7f4a124842
11:05:26.511634,0.00018310546875,-0.31243896484375,0.17156982421875,0.14093017578125,0.00048828125,0.3759765625,-0.876953125,-112.25,nan,nan,030001ecfb0a050901000203fcf8fcf8,d5060205-a904-deb9-4748-2c7f4a124842
11:05:26.526917,0.8759765625,-0.06341552734375,0.47637939453125,-0.04034423828125,-0.82421875,-0.14306640625,0.541015625,-0.125,-1.875,0.875,1038f1fb7d1e6bfd68f9dbfe5404feffe2ff0e00,d5060402-a904-deb9-4748-2c7f4a124842
11:05:26.548989,0.876220703125,-0.06304931640625,0.4759521484375,-0.0401611328125,-0.82080078125,-0.13720703125,0.5380859375,1.1875,-2.4375,1.5,1438f7fb761e6efd6ff9e7fe4e041300d9ff1800,d5060402-a904-deb9-4748-2c7f4a124842
11:05:26.549813,0.01556396484375,-0.203857421875,0.10955810546875,0.046630859375,0.3759765625,2.62060546875,1.0048828125,80.1875,nan,nan,ff00f4f20307fc020203f7140a080305,d5060205-a904-deb9-4748-2c7f4a124842
11:05:26.564149,0.87652587890625,-0.0628662109375,0.47540283203125,-0.0399169921875,-0.81982421875,-0.142578125,0.5419921875,0.25,-3.125,1.125,1938fafb6d1e72fd71f9dcfe56040400ceff1200,d5060402-a904-deb9-4748-2c7f4a124842
11:05:26.586629,0.8768310546875,-0.06292724609375,0.4749755859375,-0.03985595703125,-0.82470703125,-0.1494140625,0.5380859375,-0.1875,-3.1875,0.25,1e38f9fb661e73fd67f9cefe4e04fdffcdff0400,d5060402-a904-deb9-4748-2c7f4a124842
11:05:26.594090,-0.03131103515625,-0.3585205078125,-0.00048828125,0.01556396484375,0.12451171875,1.24853515625,-0.37255859375,-80.1875,nan,nan,fffd0ee9f8ffff00ff00fd0905fdfdfa,d5060205-a904-deb9-4748-2c7f4a124842
11:05:26.608968,0.8770751953125,-0.062744140625,0.4744873046875,-0.039794921875,-0.83056640625,-0.142578125,0.5400390625,0.6875,-3.1875,0.1875,2238fcfb5e1e74fd5bf9dcfe52040b00cdff0300,d5060402-a904-deb9-4748-2c7f4a124842
11:05:26.624174,0.87738037109375,-0.0626220703125,0.4739990234375,-0.03955078125,-0.83056640625,-0.140625,0.53759765625,-0.125,-3.6875,1.25,2738fefb561e78fd5bf9e0fe4d04feffc5ff1400,d5060402-a904-deb9-4748-2c7f4a124842
11:05:26.632641,0.12542724609375,0.17181396484375,0.28369140625,0.234619140625,-0.49951171875,-1.87548828125,-0.13330078125,-16.125,nan,nan,0708ff0a2812040f01fcfff0effefefe,d5060205-a904-deb9-4748-2c7f4a124842
11:05:26.646898,0.8775634765625,-0.0623779296875,0.47369384765625,-0.0390625,-0.8134765625,-0.140625,0.5205078125,0.0,-3.0625,2.4375,2a3802fc511e80fd7ef9e0fe2a040000cfff2700,d5060402-a904-deb9-4748-2c7f4a124842
11:05:26.669146,0.8775634765625,-0.0631103515625,0.47357177734375,-0.038818359375,-0.83154296875,-0.15283203125,0.5302734375,-4.125,-2.0,-0.3125,2a38f6fb4f1e84fd59f9c7fe3e04beffe0fffbff,d5060402-a904-deb9-4748-2c7f4a124842
11:05:26.669911,-0.047119140625,-0.265625,0.093505859375,0.0,-0.87451171875,0.9951171875,-0.25244140625,0.0625,nan,nan,fcfc00effc05000001f9f607fbfd0100,d5060205-a904-deb9-4748-2c7f4a124842
11:05:26.684300,0.877685546875,-0.06402587890625,0.47332763671875,-0.03839111328125,-0.83935546875,-0.1572265625,0.54541015625,-5.375,-2.3125,-0.125,2c38e7fb4b1e8bfd49f9befe5d04aaffdbfffeff,d5060402-a904-deb9-4748-2c7f4a124842
11:05:26.706658,0.8779296875,-0.06414794921875,0.47283935546875,-0.0382080078125,-0.822265625,-0.1533203125,0.5419921875,-0.875,-3.1875,0.6875,3038e5fb431e8efd6cf9c6fe5604f2ffcdff0b00,d5060402-a904-deb9-4748-2c7f4a124842
11:05:26.714132,0.015625,-0.17181396484375,0.10894775390625,0.1873779296875,0.24951171875,0.86328125,0.123046875,-111.9375,nan,nan,000101f5f906fe0bff01e806fc0001f9,d5060205-a904-deb9-4748-2c7f4a124842
11:05:26.729018,0.87811279296875,-0.0635986328125,0.47259521484375,-0.03839111328125,-0.81396484375,-0.14111328125,0.52978515625,3.5,-2.125,0.0625,3338eefb3f1e8bfd7df9dffe3d043800deff0100,d5060402-a904-deb9-4748-2c7f4a124842
11:05:26.744102,0.87835693359375,-0.0628662109375,0.47216796875,-0.0386962890625,-0.833984375,-0.1357421875,0.5478515625,4.1875,-2.5,-0.4375,3738fafb381e86fd54f9eafe62044300d8fff9ff,d5060402-a904-deb9-4748-2c7f4a124842
11:05:26.751942,0.078125,-0.0780029296875,0.1092529296875,0.09375,0.5,3.37744140625,0.765625,64.0625,nan,nan,000502fbfe0600060004051b20060104,d5060205-a904-deb9-4748-2c7f4a124842
11:05:26.766658,0.8785400390625,-0.06231689453125,0.471923828125,-0.0389404296875,-0.830078125,-0.14111328125,0.537109375,3.1875,-2.25,-0.1875,3a3803fc341e82fd5cf9dffe4c043300dcfffdff,d5060402-a904-deb9-4748-2c7f4a124842
11:05:26.789023,0.87860107421875,-0.06182861328125,0.47186279296875,-0.0391845703125,-0.8203125,-0.14697265625,0.54248046875,3.4375,-0.4375,0.0,3b380bfc331e7efd70f9d3fe57043700f9ff0000,d5060402-a904-deb9-4748-2c7f4a124842
11:05:26.789811,-0.0472412109375,-0.39129638671875,0.0462646484375,-0.0001220703125,-0.2509765625,1.37158203125,0.12353515625,-47.875,nan,nan,fafcf5e6f602fefffefdf90afd0002fd,d5060205-a904-deb9-4748-2c7f4a124842
11:05:26.804134,0.878662109375,-0.06121826171875,0.4718017578125,-0.03955078125,-0.8134765625,-0.14794921875,0.54248046875,4.125,-0.3125,0.0625,3c3815fc321e78fd7ef9d1fe57044200fbff0100,d5060402-a904-deb9-4748-2c7f4a124842
11:05:26.826607,0.87884521484375,-0.060791015625,0.471435546875,-0.03997802734375,-0.814453125,-0.14208984375,0.55078125,3.4375,-1.5,-1.125,3f381cfc2c1e71fd7cf9ddfe68043700e8ffeeff,d5060402-a904-deb9-4748-2c7f4a124842
11:05:26.834095,-0.01568603515625,-0.25048828125,0.0623779296875,-0.015869140625,-0.00048828125,2.13427734375,-0.1240234375,-15.875,nan,nan,fffef8effe03fcfeffff131102ff02ff,d5060205-a904-deb9-4748-2c7f4a124842
11:05:26.849007,0.87896728515625,-0.0606689453125,0.47119140625,-0.04034423828125,-0.8115234375,-0.14599609375,0.54248046875,1.625,-1.4375,-1.375,41381efc281e6bfd82f9d5fe57041a00e9ffeaff,d5060402-a904-deb9-4748-2c7f4a124842
11:05:26.864113,0.8790283203125,-0.0606689453125,0.47100830078125,-0.04083251953125,-0.82080078125,-0.14599609375,0.54248046875,1.5,-1.25,-2.4375,42381efc251e63fd6ff9d5fe57041800ecffd9ff,d5060402-a904-deb9-4748-2c7f4a124842
11:05:26.871798,-0.01568603515625,-0.21868896484375,0.109375,0.06231689453125,-0.00048828125,1.25048828125,0.001953125,31.875,nan,nan,fffe01f20007fd03ffff010a0400fe01,d5060205-a904-deb9-4748-2c7f4a124842
11:05:26.886774,0.87921142578125,-0.0604248046875,0.47076416015625,-0.04119873046875,-0.8232421875,-0.13818359375,0.5478515625,2.125,-1.5,-1.6875,453822fc211e5dfd6af9e5fe62042200e8ffe5ff,d5060402-a904-deb9-4748-2c7f4a124842
11:05:26.908978,0.87939453125,-0.06005859375,0.47039794921875,-0.04156494140625,-0.81884765625,-0.14404296875,0.54833984375,3.0,-2.0,-0.8125,483828fc1b1e57fd73f9d9fe63043000e0fff3ff,d5060402-a904-deb9-4748-2c7f4a124842
11:05:26.909803,-6.103515625e-05,-0.3902587890625,0.01446533203125,0.0780029296875,-0.5,2.11962890625,-0.75341796875,-80.0,nan,nan,ffff06e7ed00fe0400fcf510f9f900fb,d5060205-a904-deb9-4748-2c7f4a124842
11:05:26.924141,0.8795166015625,-0.05975341796875,0.47015380859375,-0.0419921875,-0.81982421875,-0.1455078125,0.55029296875,2.8125,-1.375,-1.375,4a382dfc171e50fd71f9d6fe67042d00eaffeaff,d5060402-a904-deb9-4748-2c7f4a124842
11:05:26.946760,0.87957763671875,-0.05926513671875,0.47003173828125,-0.0426025390625,-0.8251953125,-0.15283203125,0.546875,4.5625,-1.0625,-1.4375,4b3835fc151e46fd66f9c7fe60044900efffe9ff,d5060402-a904-deb9-4748-2c7f4a124842
11:05:26.954139,-0.04669189453125,-0.1715087890625,0.171630859375,0.046875,-0.00048828125,1.375,0.0048828125,-128.25,nan,nan,03fd06f5fc0a0003ffff000b0a00fcf7,d5060205-a904-deb9-4748-2c7f4a124842
11:05:26.969200,0.8797607421875,-0.05841064453125,0.4697265625,-0.043212890625,-0.81298828125,-0.1376953125,0.54443359375,5.75,-1.625,-0.875,4e3843fc101e3cfd7ff9e6fe5b045c00e6fff2ff,d5060402-a904-deb9-4748-2c7f4a124842
11:05:26.991483,0.8800048828125,-0.0576171875,0.46942138671875,-0.0435791015625,-0.8076171875,-0.1298828125,0.54345703125,4.625,-1.9375,-0.75,523850fc0b1e36fd8af9f6fe59044a00e1fff4ff,d5060402-a904-deb9-4748-2c7f4a124842
11:05:26.992309,0.0001220703125,0.061767578125,0.04736328125,0.09368896484375,-0.251953125,-0.37060546875,-0.38232421875,-48.0625,nan,nan,0200f4030803ff05fcfd09fdf1fcfffc,d5060205-a904-deb9-4748-2c7f4a124842
11:05:27.006882,0.880126953125,-0.0572509765625,0.46917724609375,-0.0439453125,-0.81298828125,-0.13037109375,0.5498046875,2.5,-1.375,-1.25,543856fc071e30fd7ff9f5fe66042800eaffecff,d5060402-a904-deb9-4748-2c7f4a124842
11:05:27.029192,0.88018798828125,-0.05731201171875,0.468994140625,-0.04412841796875,-0.8193359375,-0.14453125,0.55322265625,0.125,-0.8125,-1.0625,553855fc041e2dfd72f9d8fe6d040200f3ffefff,d5060402-a904-deb9-4748-2c7f4a124842
11:05:27.036442,0.047119140625,0.23468017578125,0.23455810546875,0.17193603515625,-0.12646484375,0.5,-1.0029296875,-144.125,nan,nan,0403050f030f010bfdfe0004faf7fef6,d5060205-a904-deb9-4748-2c7f4a124842
11:05:27.044189,0.8802490234375,-0.05731201171875,0.4688720703125,-0.04425048828125,-0.81640625,-0.1455078125,0.5439453125,0.8125,-1.375,-0.6875,563855fc021e2bfd78f9d6fe5a040d00eafff5ff,d5060402-a904-deb9-4748-2c7f4a124842
11:05:27.074016,0.88037109375,-0.05706787109375,0.46868896484375,-0.04449462890625,-0.81103515625,-0.13916015625,0.544921875,1.8125,-1.1875,-0.8125,583859fcff1d27fd83f9e3fe5c041d00edfff3ff,d5060402-a904-deb9-4748-2c7f4a124842
11:05:27.074849,-0.0625,-0.21929931640625,-0.001220703125,0.10919189453125,-0.62744140625,0.23828125,-1.00244140625,-80.25,nan,nan,00fcf7f1ecfffd06fbfae801fbf7fcfa,d5060205-a904-deb9-4748-2c7f4a124842
11:05:27.089194,0.88043212890625,-0.0567626953125,0.468505859375,-0.04486083984375,-0.81787109375,-0.1337890625,0.56201171875,2.1875,-0.625,-1.375,59385efcfc1d21fd75f9eefe7f042300f6ffeaff,d5060402-a904-deb9-4748-2c7f4a124842
11:05:27.104160,0.880615234375,-0.056396484375,0.46820068359375,-0.0452880859375,-0.81689453125,-0.1357421875,0.5595703125,2.6875,-1.3125,-1.5625,5c3864fcf71d1afd77f9eafe7a042b00ebffe7ff,d5060402-a904-deb9-4748-2c7f4a124842
11:05:27.111726,6.103515625e-05,-0.062255859375,0.09356689453125,-0.03125,0.12548828125,1.0029296875,0.26025390625,48.25,nan,nan,010004fcfd0500fe0101060815020403,d5060205-a904-deb9-4748-2c7f4a124842
11:05:27.126680,0.8807373046875,-0.05584716796875,0.468017578125,-0.04571533203125,-0.814453125,-0.13330078125,0.5400390625,4.0,-1.6875,-1.25,5e386dfcf41d13fd7cf9effe52044000e5ffecff,d5060402-a904-deb9-4748-2c7f4a124842
11:05:27.149160,0.880615234375,-0.0557861328125,0.46820068359375,-0.04632568359375,-0.81298828125,-0.1455078125,0.53662109375,2.1875,0.5625,-2.6875,5c386efcf71d09fd7ff9d6fe4b0423000900d5ff,d5060402-a904-deb9-4748-2c7f4a124842
11:05:27.156996,0.062744140625,0.265869140625,0.25152587890625,0.046875,-0.125,-0.388671875,0.12109375,0.0625,nan,nan,040404111910000300ffe4fcf8000100,d5060205-a904-deb9-4748-2c7f4a124842
11:05:27.164143,0.880615234375,-0.05572509765625,0.4681396484375,-0.046875,-0.82275390625,-0.13818359375,0.56396484375,1.375,0.5625,-2.6875,5c386ffcf61d00fd6bf9e5fe830416000900d5ff,d5060402-a904-deb9-4748-2c7f4a124842
11:05:27.186616,0.8804931640625,-0.05548095703125,0.46826171875,-0.04736328125,-0.81591796875,-0.14208984375,0.54541015625,2.4375,0.625,-1.8125,5a3873fcf81df8fc79f9ddfe5d0427000a00e3ff,d5060402-a904-deb9-4748-2c7f4a124842
11:05:27.194189,-0.015625,-0.17169189453125,0.04620361328125,0.125,-0.75048828125,-0.1220703125,-1.38232421875,-112.25,nan,nan,00ff03f5f5020008fff906fff1f4fcf8,d5060205-a904-deb9-4748-2c7f4a124842
11:05:27.209166,0.88043212890625,-0.05535888671875,0.46844482421875,-0.04779052734375,-0.8193359375,-0.14111328125,0.544921875,1.8125,0.625,-1.8125,593875fcfb1df1fc72f9dffe5c041d000a00e3ff,d5060402-a904-deb9-4748-2c7f4a124842
11:05:27.224143,0.88031005859375,-0.055419921875,0.4686279296875,-0.04827880859375,-0.8134765625,-0.14306640625,0.548828125,1.0,1.3125,-2.8125,573874fcfe1de9fc7ef9dbfe640410001500d3ff,d5060402-a904-deb9-4748-2c7f4a124842
11:05:27.231884,-0.0467529296875,-0.29681396484375,0.04638671875,0.09381103515625,-0.50048828125,-0.5,-0.1298828125,-80.1875,nan,nan,02fd01edf8020106fffb00fcf6fefdfa,d5060205-a904-deb9-4748-2c7f4a124842
11:05:27.246616,0.88018798828125,-0.0550537109375,0.46875,-0.04888916015625,-0.81396484375,-0.1328125,0.54736328125,3.125,1.0625,-2.4375,55387afc001edffc7df9f0fe610432001100d9ff,d5060402-a904-deb9-4748-2c7f4a124842
11:05:27.269171,0.88018798828125,-0.05450439453125,0.46875,-0.049560546875,-0.80810546875,-0.13427734375,0.55908203125,4.0,0.9375,-2.4375,553883fc001ed4fc89f9edfe790440000f00d9ff,d5060402-a904-deb9-4748-2c7f4a124842
11:05:27.276475,-0.09393310546875,-0.43603515625,-0.07928466796875,-0.047119140625,-0.49853515625,1.86328125,-0.251953125,-79.9375,nan,nan,fdf918e4edfafcfc03fce80efcfd01fb,d5060205-a904-deb9-4748-2c7f4a124842
11:05:27.284180,0.88006591796875,-0.05438232421875,0.46893310546875,-0.05023193359375,-0.8095703125,-0.14453125,0.55029296875,2.1875,1.6875,-2.8125,533885fc031ec9fc86f9d8fe670423001b00d3ff,d5060402-a904-deb9-4748-2c7f4a124842
11:05:27.306693,0.87982177734375,-0.05419921875,0.4693603515625,-0.05120849609375,-0.81640625,-0.1416015625,0.54931640625,3.375,3.0625,-4.4375,4f3888fc0a1eb9fc78f9defe650436003100b9ff,d5060402-a904-deb9-4748-2c7f4a124842
11:05:27.314212,-0.0782470703125,-0.17205810546875,-0.01666259765625,-0.03143310546875,0.25048828125,0.47998046875,-0.24609375,-64.25,nan,nan,fefafdf4effefdfd0102d70308fefcfb,d5060205-a904-deb9-4748-2c7f4a124842
11:05:27.329124,0.8795166015625,-0.0537109375,0.4698486328125,-0.05218505859375,-0.82470703125,-0.14111328125,0.55029296875,5.0,3.4375,-3.6875,4a3890fc121ea9fc67f9dffe670450003700c5ff,d5060402-a904-deb9-4748-2c7f4a124842
11:05:27.344120,0.87939453125,-0.05322265625,0.47003173828125,-0.052978515625,-0.81884765625,-0.1337890625,0.55224609375,4.0,1.625,-3.4375,483898fc151e9cfc73f9eefe6b0440001a00c9ff,d5060402-a904-deb9-4748-2c7f4a124842
11:05:27.351729,0.06231689453125,-0.093505859375,0.170654296875,0.03118896484375,0.0009765625,0.8779296875,0.38671875,-32.25,nan,nan,fd0304faec0aff01020006071803fcfd,d5060205-a904-deb9-4748-2c7f4a124842
11:05:27.366700,0.8792724609375,-0.052978515625,0.47021484375,-0.0537109375,-0.80908203125,-0.1435546875,0.5478515625,3.0,1.75,-2.8125,46389cfc181e90fc87f9dafe620430001c00d3ff,d5060402-a904-deb9-4748-2c7f4a124842
11:05:27.389201,0.8790283203125,-0.05267333984375,0.470703125,-0.054443359375,-0.80712890625,-0.13720703125,0.533203125,3.375,3.0,-3.1875,4238a1fc201e84fc8bf9e7fe440436003000cdff,d5060402-a904-deb9-4748-2c7f4a124842
11:05:27.396594,-0.0311279296875,-0.31243896484375,-0.0325927734375,0.03118896484375,-0.5009765625,0.62255859375,-0.87890625,-160.125,nan,nan,02fe01eceafdff01fefbfb04f8f8fef5,d5060205-a904-deb9-4748-2c7f4a124842
11:05:27.404192,0.878662109375,-0.05267333984375,0.47119140625,-0.0552978515625,-0.822265625,-0.1396484375,0.54931640625,1.8125,3.625,-4.4375,3c38a1fc281e76fc6cf9e2fe65041d003a00b9ff,d5060402-a904-deb9-4748-2c7f4a124842
11:05:27.426596,0.87835693359375,-0.052734375,0.4716796875,-0.05584716796875,-0.8193359375,-0.140625,0.54931640625,0.625,3.4375,-3.5,3738a0fc301e6dfc72f9e0fe65040a003700c8ff,d5060402-a904-deb9-4748-2c7f4a124842
11:05:27.434144,-0.12518310546875,-0.4525146484375,0.02947998046875,0.10919189453125,-0.5009765625,-0.25439453125,-1.0078125,-144.25,nan,nan,fdf70ae3e301fd06fefbf7fdf0f7fcf6,d5060205-a904-deb9-4748-2c7f4a124842
11:05:27.449202,0.87799072265625,-0.0528564453125,0.4722900390625,-0.056396484375,-0.8193359375,-0.1376953125,0.5380859375,0.375,3.8125,-3.4375,31389efc3a1e64fc72f9e6fe4e0406003d00c9ff,d5060402-a904-deb9-4748-2c7f4a124842
11:05:27.464265,0.8775634765625,-0.05328369140625,0.4730224609375,-0.05694580078125,-0.826171875,-0.1494140625,0.53955078125,-0.875,4.625,-3.8125,2a3897fc461e5bfc64f9cefe5104f2ff4a00c3ff,d5060402-a904-deb9-4748-2c7f4a124842
11:05:27.471785,0.015380859375,-0.078369140625,0.09466552734375,0.04681396484375,1.50244140625,4.755859375,1.13671875,80.0625,nan,nan,fc00fcfa0f06ff02050c0c2618090105,d5060205-a904-deb9-4748-2c7f4a124842
11:05:27.487283,0.8770751953125,-0.05340576171875,0.4737548828125,-0.0574951171875,-0.810546875,-0.14892578125,0.53515625,0.375,4.9375,-2.875,223895fc521e52fc84f9cffe480406004f00d2ff,d5060402-a904-deb9-4748-2c7f4a124842
11:05:27.509135,0.87664794921875,-0.0537109375,0.47454833984375,-0.05810546875,-0.81591796875,-0.14794921875,0.53515625,-0.3125,5.0,-3.6875,1b3890fc5f1e48fc79f9d1fe4804fbff5000c5ff,d5060402-a904-deb9-4748-2c7f4a124842
11:05:27.516420,-0.078369140625,-0.28460693359375,-0.0472412109375,0.01531982421875,0.12646484375,3.87841796875,1.00537109375,160.25,nan,nan,fcfac9edfafcfb000301071f0b08040a,d5060205-a904-deb9-4748-2c7f4a124842
11:05:27.524173,0.87646484375,-0.0538330078125,0.47479248046875,-0.0584716796875,-0.82958984375,-0.142578125,0.56396484375,-0.25,3.0625,-2.875,18388efc631e42fc5df9dcfe8304fcff3100d2ff,d5060402-a904-deb9-4748-2c7f4a124842
11:05:27.547095,0.87640380859375,-0.0540771484375,0.47479248046875,-0.05902099609375,-0.814453125,-0.15087890625,0.54541015625,0.375,0.625,-3.0,17388afc631e39fc7cf9cbfe5d0406000a00d0ff,d5060402-a904-deb9-4748-2c7f4a124842
11:05:27.554301,-0.01580810546875,-0.1407470703125,0.1722412109375,0.18743896484375,-0.1259765625,2.24951171875,0.12158203125,-64.0625,nan,nan,fdfefef6060bff0bfefeff11f900fffb,d5060205-a904-deb9-4748-2c7f4a124842
11:05:27.569152,0.87591552734375,-0.05419921875,0.47552490234375,-0.06011962890625,-0.81396484375,-0.16552734375,0.5283203125,2.5625,5.0625,-4.9375,0f3888fc6f1e27fc7df9adfe3a0429005100b1ff,d5060402-a904-deb9-4748-2c7f4a124842
11:05:27.592373,0.87542724609375,-0.0533447265625,0.4764404296875,-0.06146240234375,-0.84033203125,-0.14501953125,0.54248046875,7.25,6.25,-5.0625,073896fc7e1e11fc47f9d7fe570474006400afff,d5060402-a904-deb9-4748-2c7f4a124842
11:05:27.592583,-0.1253662109375,-0.39111328125,-0.173583984375,-0.04736328125,0.5,-0.25,-0.50146484375,-144.375,nan,nan,faf7f8e6e4f4f8fc000400fefdfbfaf6,d5060205-a904-deb9-4748-2c7f4a124842
11:05:27.606690,0.8751220703125,-0.0523681640625,0.4769287109375,-0.0626220703125,-0.830078125,-0.14013671875,0.5185546875,7.5,2.625,-3.625,0238a6fc861efefb5cf9e1fe260478002a00c6ff,d5060402-a904-deb9-4748-2c7f4a124842
11:05:27.622249,0.874755859375,-0.0521240234375,0.4775390625,-0.0634765625,-0.81982421875,-0.15283203125,0.53076171875,3.1875,4.25,-3.8125,fc37aafc901ef0fb71f9c7fe3f0433004400c3ff,d5060402-a904-deb9-4748-2c7f4a124842
11:05:27.636802,-0.10943603515625,-0.86090087890625,-0.1285400390625,-0.0003662109375,0.25,4.00048828125,1.02001953125,-80.0625,nan,nan,fff8e7c8c6f7faff000201202908fffa,d5060205-a904-deb9-4748-2c7f4a124842
11:05:27.644141,0.8741455078125,-0.0517578125,0.47845458984375,-0.064697265625,-0.833984375,-0.1611328125,0.54296875,5.0,6.8125,-4.4375,f237b0fc9f1edcfb54f9b6fe580450006d00b9ff,d5060402-a904-deb9-4748-2c7f4a124842
11:05:27.666808,0.8736572265625,-0.0509033203125,0.479248046875,-0.06597900390625,-0.83056640625,-0.15576171875,0.52490234375,7.4375,5.5,-3.875,ea37befcac1ec7fb5bf9c1fe330477005800c2ff,d5060402-a904-deb9-4748-2c7f4a124842
11:05:27.674166,0.01556396484375,-0.17156982421875,0.1864013671875,0.0936279296875,-0.126953125,-0.00439453125,-1.125,-64.1875,nan,nan,ff0005f5ee0bfe05fcfef7ff00f7fdfb,d5060205-a904-deb9-4748-2c7f4a124842
11:05:27.682268,0.87310791015625,-0.0501708984375,0.48016357421875,-0.0672607421875,-0.81787109375,-0.14453125,0.50634765625,6.75,5.8125,-4.6875,e137cafcbb1eb2fb75f9d8fe0d046c005d00b5ff,d5060402-a904-deb9-4748-2c7f4a124842
11:05:27.704200,0.87237548828125,-0.04974365234375,0.4813232421875,-0.068603515625,-0.822265625,-0.15625,0.5341796875,5.3125,8.8125,-5.0625,d537d1fcce1e9cfb6cf9c0fe460455008d00afff,d5060402-a904-deb9-4748-2c7f4a124842
11:05:27.711665,-0.00018310546875,-0.171875,0.14013671875,-0.03143310546875,-0.125,-0.36962890625,-0.12841796875,47.9375,nan,nan,fdff00f5f808fdfd00ff0bfdf9feff02,d5060205-a904-deb9-4748-2c7f4a124842
11:05:27.726779,0.87176513671875,-0.0494384765625,0.482421875,-0.06951904296875,-0.8271484375,-0.1484375,0.52294921875,3.375,7.4375,-4.0625,cb37d6fce01e8dfb62f9d0fe2f0436007700bfff,d5060402-a904-deb9-4748-2c7f4a124842
11:05:27.742266,0.87091064453125,-0.04949951171875,0.48370361328125,-0.07080078125,-0.822265625,-0.15966796875,0.50244140625,2.875,8.0,-6.0,bd37d5fcf51e78fb6cf9b9fe05042e008000a0ff,d5060402-a904-deb9-4748-2c7f4a124842
11:05:27.756417,0.015380859375,0.23468017578125,0.09527587890625,-0.01580810546875,1.00341796875,1.7529296875,0.7431640625,80.3125,nan,nan,fc00050f1906fdfe0708060ef2050505,d5060205-a904-deb9-4748-2c7f4a124842
11:05:27.764175,0.86993408203125,-0.04901123046875,0.48529052734375,-0.07196044921875,-0.845703125,-0.1513671875,0.5185546875,4.5,10.5625,-5.0,ad37ddfc0f1f65fb3cf9cafe26044800a900b0ff,d5060402-a904-deb9-4748-2c7f4a124842
11:05:27.794043,0.86907958984375,-0.048583984375,0.48675537109375,-0.07293701171875,-0.8486328125,-0.14501953125,0.52880859375,3.5625,10.1875,-4.1875,9f37e4fc271f55fb36f9d7fe3b043900a300bdff,d5060402-a904-deb9-4748-2c7f4a124842
11:05:27.794826,0.077880859375,-0.1717529296875,0.1409912109375,-0.0626220703125,1.1259765625,4.7578125,1.1328125,32.0625,nan,nan,fc0402f50609fefb0209102610090102,d5060205-a904-deb9-4748-2c7f4a124842
11:05:27.802306,0.8685302734375,-0.04803466796875,0.4876708984375,-0.073974609375,-0.83544921875,-0.14501953125,0.52294921875,4.6875,7.25,-4.3125,9637edfc361f44fb51f9d7fe2f044b007400bbff,d5060402-a904-deb9-4748-2c7f4a124842
11:05:27.824176,0.867919921875,-0.04742431640625,0.48858642578125,-0.0751953125,-0.8212890625,-0.1533203125,0.5146484375,5.625,7.0,-4.25,8c37f7fc451f30fb6ef9c6fe1e045a007000bcff,d5060402-a904-deb9-4748-2c7f4a124842
11:05:27.831632,0.07830810546875,0.10986328125,-0.01416015625,0.031005859375,-0.248046875,0.63134765625,0.49169921875,-15.9375,nan,nan,0305080718fffc0104fe0d05ef0301ff,d5060205-a904-deb9-4748-2c7f4a124842
11:05:27.846624,0.867431640625,-0.04656982421875,0.48931884765625,-0.076416015625,-0.8369140625,-0.14990234375,0.52685546875,6.875,6.5625,-4.1875,843705fd511f1cfb4ef9cdfe37046e006900bdff,d5060402-a904-deb9-4748-2c7f4a124842
11:05:27.862305,0.86651611328125,-0.04595947265625,0.49078369140625,-0.07806396484375,-0.8388671875,-0.16162109375,0.501953125,6.9375,9.875,-6.0,75370ffd691f01fb4af9b5fe04046f009e00a0ff,d5060402-a904-deb9-4748-2c7f4a124842
11:05:27.876417,-0.01593017578125,0.18743896484375,-0.03045654296875,0.01544189453125,-0.12646484375,-0.25244140625,-0.123046875,-96.0,nan,nan,fbfeff0b0dfefd00fdfefbfd04ff00fa,d5060205-a904-deb9-4748-2c7f4a124842
11:05:27.884198,0.86541748046875,-0.045166015625,0.49249267578125,-0.07977294921875,-0.84326171875,-0.15869140625,0.49853515625,7.9375,11.6875,-6.1875,63371cfd851fe5fa41f9bbfefd037f00bb009dff,d5060402-a904-deb9-4748-2c7f4a124842
11:05:27.906612,0.86456298828125,-0.04443359375,0.49383544921875,-0.0814208984375,-0.84912109375,-0.15673828125,0.50439453125,7.375,9.6875,-6.25,553728fd9b1fcafa35f9bffe090476009b009cff,d5060402-a904-deb9-4748-2c7f4a124842
11:05:27.914101,0.156494140625,0.1572265625,0.046630859375,0.09368896484375,-0.37744140625,-2.6279296875,-0.12646484375,-31.8125,nan,nan,040a100afc02ff05fbfcfaeafdfe03fe,d5060205-a904-deb9-4748-2c7f4a124842
11:05:27.922328,0.86370849609375,-0.043701171875,0.4951171875,-0.08270263671875,-0.84423828125,-0.150390625,0.49365234375,6.25,8.8125,-4.8125,473734fdb01fb5fa3ff9ccfef30364008d00b3ff,d5060402-a904-deb9-4748-2c7f4a124842
11:05:27.944742,0.86279296875,-0.0433349609375,0.49664306640625,-0.0838623046875,-0.8427734375,-0.154296875,0.4853515625,4.4375,9.8125,-4.9375,38373afdc91fa2fa42f9c4fee20347009d00b1ff,d5060402-a904-deb9-4748-2c7f4a124842
11:05:27.958972,-0.03143310546875,-0.14068603515625,0.062255859375,-0.03143310546875,0.12744140625,0.1279296875,-0.5068359375,96.125,nan,nan,fdfdfff6fc03fdfd05010601f2fb0206,d5060205-a904-deb9-4748-2c7f4a124842
11:05:27.966635,0.86187744140625,-0.04302978515625,0.498046875,-0.0850830078125,-0.8603515625,-0.16162109375,0.51025390625,3.9375,10.25,-5.375,29373ffde01f8efa1ef9b5fe15043f00a400aaff,d5060402-a904-deb9-4748-2c7f4a124842
11:05:27.982357,0.8612060546875,-0.0423583984375,0.4990234375,-0.08612060546875,-0.8408203125,-0.15380859375,0.490234375,5.625,7.125,-3.4375,1e374afdf01f7dfa46f9c5feec035a007200c9ff,d5060402-a904-deb9-4748-2c7f4a124842
11:05:27.996742,0.03131103515625,0.35992431640625,0.1732177734375,0.06243896484375,-0.12548828125,-0.25146484375,-0.50390625,31.875,nan,nan,01020917160bff03fffefdfdf8fbfe01,d5060205-a904-deb9-4748-2c7f4a124842
11:05:28.012372,0.86029052734375,-0.04193115234375,0.50042724609375,-0.08721923828125,-0.83544921875,-0.16259765625,0.48388671875,4.1875,10.0,-3.9375,0f3751fd07206bfa51f9b3fedf034300a000c1ff,d5060402-a904-deb9-4748-2c7f4a124842
11:05:28.026629,0.859375,-0.04150390625,0.50189208984375,-0.08856201171875,-0.86474609375,-0.1650390625,0.498046875,5.1875,10.375,-5.375,003758fd1f2055fa15f9aefefc035300a600aaff,d5060402-a904-deb9-4748-2c7f4a124842
11:05:28.034093,-0.06268310546875,-0.28167724609375,0.030517578125,-0.0467529296875,-0.1240234375,0.7431640625,0.39013671875,-79.9375,nan,nan,fdfbf9edf40102fd02fff2051f0301fb,d5060205-a904-deb9-4748-2c7f4a124842
11:05:28.042305,0.85870361328125,-0.0408935546875,0.5028076171875,-0.08978271484375,-0.85693359375,-0.150390625,0.49658203125,5.6875,7.5625,-5.0625,f53662fd2e2041fa25f9ccfef9035b007900afff,d5060402-a904-deb9-4748-2c7f4a124842
11:05:28.064781,0.8580322265625,-0.0399169921875,0.50384521484375,-0.0908203125,-0.84423828125,-0.15380859375,0.47802734375,6.75,7.5,-2.5,ea3672fd3f2030fa3ff9c5fed3036c007800d8ff,d5060402-a904-deb9-4748-2c7f4a124842
11:05:28.079094,-0.03131103515625,-0.51519775390625,0.01446533203125,0.0308837890625,-0.25146484375,0.00244140625,-0.62890625,-128.0,nan,nan,fffd07dfed00fa01fdfd0500f8fa00f8,d5060205-a904-deb9-4748-2c7f4a124842
11:05:28.086628,0.857177734375,-0.039306640625,0.505126953125,-0.091796875,-0.8603515625,-0.16357421875,0.48486328125,5.125,9.125,-3.25,dc367cfd542020fa1ef9b1fee10352009200ccff,d5060402-a904-deb9-4748-2c7f4a124842
11:05:28.102343,0.85650634765625,-0.0384521484375,0.5062255859375,-0.09283447265625,-0.865234375,-0.15380859375,0.48046875,6.25,7.5625,-3.0,d1368afd66200ffa14f9c5fed80364007900d0ff,d5060402-a904-deb9-4748-2c7f4a124842
11:05:28.116622,-0.047119140625,-0.421875,-0.00115966796875,0.09368896484375,-0.626953125,-1.87890625,-0.25537109375,-144.0625,nan,nan,fcfc00e5edffff05fcfaf8f0f5fdfff6,d5060205-a904-deb9-4748-2c7f4a124842
11:05:28.124774,0.85595703125,-0.03753662109375,0.50701904296875,-0.09375,-0.84423828125,-0.15771484375,0.47900390625,6.6875,6.3125,-2.125,c83699fd732000fa3ff9bdfed5036b006500deff,d5060402-a904-deb9-4748-2c7f4a124842
11:05:28.146632,0.85540771484375,-0.03717041015625,0.5078125,-0.0947265625,-0.8515625,-0.166015625,0.48291015625,4.0,6.5625,-3.1875,bf369ffd8020f0f930f9acfedd0340006900cdff,d5060402-a904-deb9-4748-2c7f4a124842
11:05:28.154158,-0.0157470703125,-0.31207275390625,-0.00238037109375,-6.103515625e-05,-0.251953125,0.8779296875,-0.875,-80.0,nan,nan,fefe07ecd9fffffffcfd060700f900fb,d5060205-a904-deb9-4748-2c7f4a124842
11:05:28.162336,0.85455322265625,-0.0369873046875,0.50909423828125,-0.09576416015625,-0.8623046875,-0.171875,0.4765625,3.3125,8.8125,-4.3125,b136a2fd9520dff91af9a0fed00335008d00bbff,d5060402-a904-deb9-4748-2c7f4a124842
11:05:28.184751,0.8536376953125,-0.03631591796875,0.51043701171875,-0.096923828125,-0.86474609375,-0.1640625,0.46435546875,6.125,9.25,-3.5625,a236adfdab20ccf915f9b0feb70362009400c7ff,d5060402-a904-deb9-4748-2c7f4a124842
11:05:28.199182,0.0782470703125,0.0938720703125,0.09478759765625,0.12518310546875,-0.12646484375,-1.3740234375,-0.26171875,-175.875,nan,nan,0205020611060308fdfe02f5e8fd02f5,d5060205-a904-deb9-4748-2c7f4a124842
11:05:28.207452,0.85272216796875,-0.03564453125,0.51177978515625,-0.09814453125,-0.857421875,-0.1640625,0.4609375,6.0625,9.0625,-4.0,9336b8fdc120b8f924f9b0feb00361009100c0ff,d5060402-a904-deb9-4748-2c7f4a124842
11:05:28.222341,0.85186767578125,-0.03515625,0.51300048828125,-0.09918212890625,-0.859375,-0.158203125,0.45751953125,4.75,8.5,-4.25,8536c0fdd520a7f920f9bcfea9034c008800bcff,d5060402-a904-deb9-4748-2c7f4a124842
11:05:28.236568,0.0155029296875,0.10980224609375,0.2025146484375,0.109375,-0.375,-1.87353515625,-0.8857421875,-208.125,nan,nan,fe000707f60c000700fd03f1eaf8fef2,d5060205-a904-deb9-4748-2c7f4a124842
11:05:28.244795,0.85089111328125,-0.03448486328125,0.514404296875,-0.100341796875,-0.86669921875,-0.1669921875,0.45556640625,5.9375,9.6875,-3.6875,7536cbfdec2094f911f9aafea5035f009b00c5ff,d5060402-a904-deb9-4748-2c7f4a124842
11:05:28.266602,0.85003662109375,-0.03387451171875,0.51556396484375,-0.101806640625,-0.87255859375,-0.1669921875,0.47314453125,6.25,8.9375,-5.1875,6736d5fdff207cf905f9aafec90364008f00adff,d5060402-a904-deb9-4748-2c7f4a124842
11:05:28.274144,0.04730224609375,1.0009765625,0.334228515625,0.172607421875,-0.8759765625,-4.75830078125,-0.775390625,-112.1875,nan,nan,0703104064150c0bfef8efd9ccf9fdf8,d5060205-a904-deb9-4748-2c7f4a124842
11:05:28.282325,0.84930419921875,-0.032958984375,0.51666259765625,-0.1029052734375,-0.8701171875,-0.14501953125,0.46044921875,6.3125,8.0,-4.0,5b36e4fd11216af90af9d7feaf0365008000c0ff,d5060402-a904-deb9-4748-2c7f4a124842
11:05:28.304838,0.84844970703125,-0.0323486328125,0.51788330078125,-0.10369873046875,-0.8681640625,-0.14404296875,0.4501953125,3.9375,8.5625,-3.375,4d36eefd25215df90ef9d9fe9a033f008900caff,d5060402-a904-deb9-4748-2c7f4a124842
11:05:28.334084,-0.0157470703125,-0.17083740234375,0.0775146484375,0.06243896484375,0.12451171875,0.75390625,-0.00341796875,-80.0625,nan,nan,fefe11f5f604ff03ff000806f9fffffa,d5060205-a904-deb9-4748-2c7f4a124842
11:05:28.335250,0.84759521484375,-0.0322265625,0.5191650390625,-0.1046142578125,-0.8662109375,-0.166015625,0.45166015625,2.5,8.75,-4.1875,3f36f0fd3a214ef912f9acfe9d0328008c00bdff,d5060402-a904-deb9-4748-2c7f4a124842
11:05:28.342401,0.8466796875,-0.03204345703125,0.52044677734375,-0.10552978515625,-0.87353515625,-0.1708984375,0.45556640625,2.875,9.1875,-3.875,3036f3fd4f213ff903f9a2fea5032e009300c2ff,d5060402-a904-deb9-4748-2c7f4a124842
11:05:28.356806,-0.04718017578125,0.031494140625,0.11041259765625,0.04693603515625,-0.49951171875,-2.26025390625,-1.28466796875,-47.875,nan,nan,fbfc04021107010301fcebedb9f502fd,d5060205-a904-deb9-4748-2c7f4a124842
11:05:28.364819,0.845947265625,-0.03155517578125,0.52154541015625,-0.10650634765625,-0.8701171875,-0.16552734375,0.45263671875,4.4375,8.125,-3.5625,2436fbfd61212ff90af9adfe9f0347008200c7ff,d5060402-a904-deb9-4748-2c7f4a124842
11:05:28.386787,0.84527587890625,-0.031005859375,0.52239990234375,-0.107666015625,-0.86376953125,-0.1630859375,0.44482421875,5.625,6.4375,-4.25,193604fe6f211cf917f9b2fe8f035a006700bcff,d5060402-a904-deb9-4748-2c7f4a124842
11:05:28.394102,0.06243896484375,-0.09326171875,0.09307861328125,0.07794189453125,-0.376953125,-1.37353515625,-0.2607421875,-112.0625,nan,nan,ff0308faf505fd04fcfc03f5eafdfff8,d5060205-a904-deb9-4748-2c7f4a124842
11:05:28.402438,0.84442138671875,-0.03076171875,0.5235595703125,-0.10870361328125,-0.8759765625,-0.16357421875,0.4404296875,3.5625,8.1875,-4.625,0b3608fe82210bf9fef8b1fe860339008300b6ff,d5060402-a904-deb9-4748-2c7f4a124842
11:05:28.424747,0.84356689453125,-0.0302734375,0.52471923828125,-0.10955810546875,-0.87353515625,-0.1611328125,0.431640625,3.75,7.75,-3.4375,fd3510fe9521fdf803f9b6fe74033c007c00c9ff,d5060402-a904-deb9-4748-2c7f4a124842
11:05:28.446557,-0.0626220703125,-0.6094970703125,-0.11224365234375,-0.09393310546875,-1.00048828125,-1.76025390625,0.15185546875,-304.4375,nan,nan,fefbfed8d1f8fdf9fff7ebf13701f9ec,d5060205-a904-deb9-4748-2c7f4a124842
11:05:28.447914,0.84283447265625,-0.0299072265625,0.52581787109375,-0.1104736328125,-0.869140625,-0.1640625,0.4287109375,4.0,7.375,-3.625,f13516fea721eef80cf9b0fe6e0340007600c6ff,d5060402-a904-deb9-4748-2c7f4a124842
11:05:28.462330,0.8419189453125,-0.02972412109375,0.527099609375,-0.11138916015625,-0.876953125,-0.1611328125,0.42626953125,2.625,8.375,-4.5625,e23519febc21dff8fcf8b6fe69032a008600b7ff,d5060402-a904-deb9-4748-2c7f4a124842
11:05:28.476731,-0.0469970703125,-0.26519775390625,0.08203125,0.04718017578125,0.125,-1.88037109375,0.60986328125,-64.1875,nan,nan,fefc07ef400505030001f5f0e104fdfb,d5060205-a904-deb9-4748-2c7f4a124842
11:05:28.484820,0.84088134765625,-0.02972412109375,0.52850341796875,-0.11236572265625,-0.88525390625,-0.17236328125,0.42626953125,1.875,9.0625,-4.875,d13519fed321cff8ebf89ffe69031e009100b2ff,d5060402-a904-deb9-4748-2c7f4a124842
11:05:28.506609,0.83978271484375,-0.02972412109375,0.530029296875,-0.11334228515625,-0.8828125,-0.181640625,0.42724609375,2.4375,10.0625,-4.6875,bf3519feec21bff8f0f88cfe6b032700a100b5ff,d5060402-a904-deb9-4748-2c7f4a124842
11:05:28.521522,0.1248779296875,-0.13873291015625,-0.0623779296875,0.03125,0.62255859375,-1.248046875,-0.62744140625,-111.9375,nan,nan,fe071ff702fc0002fb0404f6fbfa01f9,d5060205-a904-deb9-4748-2c7f4a124842
11:05:28.522984,0.83837890625,-0.0291748046875,0.531982421875,-0.11468505859375,-0.88525390625,-0.173828125,0.408203125,5.375,12.75,-5.0625,a83522fe0c22a9f8ebf89cfe44035600cc00afff,d5060402-a904-deb9-4748-2c7f4a124842
11:05:28.544814,0.8365478515625,-0.02838134765625,0.53466796875,-0.115966796875,-0.88818359375,-0.16845703125,0.41162109375,5.8125,18.625,-4.6875,8a352ffe382294f8e5f8a7fe4b035d002a01b5ff,d5060402-a904-deb9-4748-2c7f4a124842
11:05:28.559028,0.12493896484375,0.439208984375,0.20758056640625,0.156494140625,-1.00048828125,-3.50244140625,-1.15380859375,-48.4375,nan,nan,ff071c1c490d040afff7fbe3c5f6f9fc,d5060205-a904-deb9-4748-2c7f4a124842
11:05:28.566639,0.8349609375,-0.02703857421875,0.53692626953125,-0.1170654296875,-0.90234375,-0.1494140625,0.4140625,7.5625,15.875,-3.5625,703545fe5d2282f8c8f8cefe50037900fe00c7ff,d5060402-a904-deb9-4748-2c7f4a124842
11:05:28.583725,0.8338623046875,-0.0262451171875,0.53851318359375,-0.117919921875,-0.892578125,-0.158203125,0.416015625,4.75,11.125,-2.8125,5e3552fe772274f8dcf8bcfe54034c00b200d3ff,d5060402-a904-deb9-4748-2c7f4a124842
11:05:28.596690,-0.14093017578125,-1.20355224609375,-0.39764404296875,-0.0628662109375,-0.3779296875,9.23583984375,-1.4560546875,-144.4375,nan,nan,fbf6f9b28de6fafbfafce3495af4f9f6,d5060205-a904-deb9-4748-2c7f4a124842
11:05:28.604784,0.83306884765625,-0.02593994140625,0.53961181640625,-0.11859130859375,-0.8828125,-0.169921875,0.41015625,2.6875,8.25,-2.8125,513557fe892269f8f0f8a4fe48032b008400d3ff,d5060402-a904-deb9-4748-2c7f4a124842
11:05:28.626588,0.83233642578125,-0.02581787109375,0.5406494140625,-0.11920166015625,-0.87744140625,-0.1689453125,0.41015625,1.375,7.5625,-2.8125,453559fe9a225ff8fbf8a6fe480316007900d3ff,d5060402-a904-deb9-4748-2c7f4a124842
11:05:28.634322,0.09375,0.2669677734375,0.1424560546875,0.04693603515625,-0.6240234375,-4.4091796875,-0.5166015625,15.8125,nan,nan,000616111e09010302fbbadcdefbfd00,d5060205-a904-deb9-4748-2c7f4a124842
11:05:28.642271,0.83148193359375,-0.02606201171875,0.54180908203125,-0.119873046875,-0.8837890625,-0.181640625,0.41015625,0.25,8.3125,-3.6875,373555fead2254f8eef88cfe480304008500c5ff,d5060402-a904-deb9-4748-2c7f4a124842
11:05:28.664758,0.83050537109375,-0.0260009765625,0.54302978515625,-0.1207275390625,-0.89404296875,-0.1826171875,0.408203125,2.0625,9.0,-3.9375,273556fec12246f8d9f88afe440321009000c1ff,d5060402-a904-deb9-4748-2c7f4a124842
11:05:28.679155,-0.0626220703125,-0.57666015625,-0.09979248046875,-0.04718017578125,0.0,-0.39013671875,-1.07177734375,47.9375,nan,nan,fefb18db9df9fbfc0000e1fc6df7ff02,d5060205-a904-deb9-4748-2c7f4a124842
11:05:28.686554,0.82940673828125,-0.025634765625,0.54461669921875,-0.12164306640625,-0.896484375,-0.1728515625,0.3935546875,3.5625,10.625,-3.875,15355cfedb2237f8d4f89efe26033900aa00c2ff,d5060402-a904-deb9-4748-2c7f4a124842
11:05:28.702302,0.82806396484375,-0.02496337890625,0.54644775390625,-0.1224365234375,-0.9072265625,-0.16748046875,0.376953125,4.0625,11.375,-3.0625,ff3467fef9222af8bef8a9fe04034100b600cfff,d5060402-a904-deb9-4748-2c7f4a124842
11:05:28.716781,0.23480224609375,0.56475830078125,0.41845703125,0.4068603515625,-1.25,0.49560546875,-1.49072265625,-112.0625,nan,nan,070f2524c81a0a1a00f6f70313f4fff8,d5060205-a904-deb9-4748-2c7f4a124842
11:05:28.724739,0.8272705078125,-0.02410888671875,0.54766845703125,-0.12274169921875,-0.91455078125,-0.154296875,0.38037109375,3.75,7.4375,-0.5,f23475fe0d2325f8aff8c4fe0b033c007700f8ff,d5060402-a904-deb9-4748-2c7f4a124842
11:05:28.746690,0.82659912109375,-0.02386474609375,0.54864501953125,-0.12286376953125,-0.8876953125,-0.169921875,0.39990234375,0.5625,7.5625,-0.6875,e73479fe1d2323f8e6f8a4fe330309007900f5ff,d5060402-a904-deb9-4748-2c7f4a124842
11:05:28.754080,-0.07843017578125,0.453369140625,-0.1871337890625,-0.0628662109375,-1.37646484375,-10.62255859375,-1.5625,-16.1875,nan,nan,fbfa041d06f4fafbfdf405ab80f3fdfe,d5060205-a904-deb9-4748-2c7f4a124842
11:05:28.762277,0.82598876953125,-0.02374267578125,0.54949951171875,-0.12310791015625,-0.8876953125,-0.1826171875,0.396484375,0.9375,6.625,-0.25,dd347bfe2b231ff8e6f88afe2c030f006a00fcff,d5060402-a904-deb9-4748-2c7f4a124842
11:05:28.784710,0.82550048828125,-0.02349853515625,0.55023193359375,-0.1234130859375,-0.89306640625,-0.1767578125,0.39892578125,1.3125,5.8125,-0.625,d5347ffe37231af8dbf896fe310315005d00f6ff,d5060402-a904-deb9-4748-2c7f4a124842
11:05:28.799174,-0.04681396484375,0.10968017578125,-0.062744140625,-0.07855224609375,-0.37646484375,6.11669921875,1.763671875,64.1875,nan,nan,01fd0507fcfbf9fafdfcef301c0e0304,d5060205-a904-deb9-4748-2c7f4a124842
11:05:28.807238,0.82501220703125,-0.02349853515625,0.55084228515625,-0.12371826171875,-0.89208984375,-0.177734375,0.3935546875,0.6875,5.0625,-1.625,cd347ffe412315f8ddf894fe26030b005100e6ff,d5060402-a904-deb9-4748-2c7f4a124842
11:05:28.822661,0.824462890625,-0.023681640625,0.55157470703125,-0.1241455078125,-0.88818359375,-0.1728515625,0.3857421875,-0.0625,5.0625,-2.875,c4347cfe4d230ef8e5f89efe1603ffff5100d2ff,d5060402-a904-deb9-4748-2c7f4a124842
11:05:28.843995,0.62591552734375,1.20697021484375,0.76605224609375,0.68878173828125,-2.0029296875,-4.8779296875,-2.1640625,-208.4375,nan,nan,0f283f4d0731152cfaeffad8b0eef9f2,d5060205-a904-deb9-4748-2c7f4a124842
11:05:28.844523,0.82379150390625,-0.02392578125,0.552490234375,-0.12445068359375,-0.90283203125,-0.16796875,0.38134765625,-1.3125,5.8125,-3.0,b93478fe5c2309f8c7f8a8fe0d03ebff5d00d0ff,d5060402-a904-deb9-4748-2c7f4a124842
11:05:28.866474,0.8231201171875,-0.02410888671875,0.553466796875,-0.12469482421875,-0.91064453125,-0.17138671875,0.3671875,-0.8125,5.5,-2.625,ae3475fe6c2305f8b7f8a1fef002f3ff5800d6ff,d5060402-a904-deb9-4748-2c7f4a124842
11:05:28.882364,0.0001220703125,0.03125,0.262939453125,0.2032470703125,-0.2509765625,-4.99853515625,-2.02099609375,-176.25,nan,nan,02000002d410020dfefd03d8d5effcf4,d5060205-a904-deb9-4748-2c7f4a124842
11:05:28.882393,0.8223876953125,-0.024169921875,0.554443359375,-0.12493896484375,-0.9072265625,-0.1787109375,0.37109375,-0.25,5.8125,-1.6875,a23474fe7c2301f8bef892fef802fcff5d00e5ff,d5060402-a904-deb9-4748-2c7f4a124842
11:05:28.904011,0.82183837890625,-0.0240478515625,0.55517578125,-0.1251220703125,-0.8974609375,-0.1806640625,0.3740234375,0.625,5.125,-0.875,993476fe8823fef7d2f88efefe020a005200f2ff,d5060402-a904-deb9-4748-2c7f4a124842
11:05:28.919156,0.0626220703125,0.75042724609375,0.428466796875,0.1875,1.62646484375,3.25830078125,1.87353515625,176.5625,nan,nan,020407306c1b000c030d111afd0e090b,d5060205-a904-deb9-4748-2c7f4a124842
11:05:28.933974,0.82147216796875,-0.02392578125,0.55572509765625,-0.12518310546875,-0.89404296875,-0.1728515625,0.3671875,0.375,3.25,-0.25,933478fe9123fdf7d9f89efef00206003400fcff,d5060402-a904-deb9-4748-2c7f4a124842
11:05:28.942309,0.82135009765625,-0.0240478515625,0.555908203125,-0.12542724609375,-0.89892578125,-0.18505859375,0.3837890625,0.375,1.75,-1.125,913476fe9423f9f7cff885fe120306001c00eeff,d5060402-a904-deb9-4748-2c7f4a124842
11:05:28.956637,-0.2037353515625,-0.56329345703125,-0.3316650390625,-0.04718017578125,0.1279296875,3.498046875,0.75634765625,-79.875,nan,nan,f6f2f3dbc6eafbfc0601fc1b0d0602fb,d5060205-a904-deb9-4748-2c7f4a124842
11:05:28.963978,0.82122802734375,-0.02374267578125,0.55596923828125,-0.1258544921875,-0.89501953125,-0.18115234375,0.3740234375,2.8125,0.625,-0.8125,8f347bfe9523f2f7d7f88dfefe022d000a00f3ff,d5060402-a904-deb9-4748-2c7f4a124842
11:05:28.986450,0.8212890625,-0.023193359375,0.55584716796875,-0.126220703125,-0.89990234375,-0.17578125,0.380859375,3.5625,-0.0625,-0.25,903484fe9323ecf7cdf898fe0c033900fffffcff,d5060402-a904-deb9-4748-2c7f4a124842
11:05:29.002208,-0.078125,-0.54681396484375,-0.05059814453125,-0.06280517578125,-0.251953125,-1.005859375,-2.85693359375,-272.5,nan,nan,00fb01ddc3fcfbfbfcfdf4f725e9f8ee,d5060205-a904-deb9-4748-2c7f4a124842
11:05:29.002443,0.8214111328125,-0.02252197265625,0.5556640625,-0.12646484375,-0.90234375,-0.16455078125,0.37548828125,3.625,-0.875,0.375,92348ffe9023e8f7c8f8affe01033a00f2ff0600,d5060402-a904-deb9-4748-2c7f4a124842
11:05:29.024033,0.821533203125,-0.02203369140625,0.555419921875,-0.12652587890625,-0.900390625,-0.16748046875,0.3681640625,2.625,-2.0,0.8125,943497fe8c23e7f7ccf8a9fef2022a00e0ff0d00,d5060402-a904-deb9-4748-2c7f4a124842
11:05:29.039162,-0.01544189453125,0.35894775390625,0.250732421875,0.015625,0.25048828125,-0.99267578125,-1.6298828125,160.1875,nan,nan,03fff9160c10000101020ff8f6f2030a,d5060205-a904-deb9-4748-2c7f4a124842
11:05:29.046470,0.82177734375,-0.021728515625,0.55517578125,-0.12640380859375,-0.90576171875,-0.169921875,0.37646484375,1.125,-2.0,1.25,98349cfe8823e9f7c1f8a4fe03031200e0ff1400,d5060402-a904-deb9-4748-2c7f4a124842
11:05:29.062136,0.82208251953125,-0.0216064453125,0.5546875,-0.126220703125,-0.90087890625,-0.1748046875,0.3916015625,0.3125,-2.6875,1.4375,9d349efe8023ecf7cbf89afe22030500d5ff1700,d5060402-a904-deb9-4748-2c7f4a124842
11:05:29.076788,0.0001220703125,0.234375,0.004150390625,0.09393310546875,-0.1259765625,-0.37109375,-0.75146484375,-128.0625,nan,nan,0200000f44000306fefe08fdfdf9fff7,d5060205-a904-deb9-4748-2c7f4a124842
11:05:29.084928,0.82244873046875,-0.02154541015625,0.55419921875,-0.1259765625,-0.89111328125,-0.17138671875,0.38330078125,-0.3125,-2.9375,1.5,a3349ffe7823f0f7dff8a1fe1103fbffd1ff1800,d5060402-a904-deb9-4748-2c7f4a124842
11:05:29.106443,0.82281494140625,-0.02166748046875,0.5537109375,-0.125732421875,-0.90625,-0.1748046875,0.3828125,-0.625,-3.8125,0.875,a9349dfe7023f4f7c0f89afe1003f6ffc3ff0e00,d5060402-a904-deb9-4748-2c7f4a124842
11:05:29.121443,0.015380859375,0.03173828125,0.03271484375,6.103515625e-05,-0.25,-0.00048828125,0.3662109375,-32.0625,nan,nan,fc0008021802010000feffffee02fffd,d5060205-a904-deb9-4748-2c7f4a124842
11:05:29.122079,0.8231201171875,-0.02197265625,0.5533447265625,-0.12548828125,-0.8994140625,-0.18212890625,0.373046875,-1.75,-3.5625,0.6875,ae3498fe6a23f8f7cef88bfefc02e4ffc7ff0b00,d5060402-a904-deb9-4748-2c7f4a124842
11:05:29.144164,0.82342529296875,-0.0220947265625,0.55291748046875,-0.12530517578125,-0.89599609375,-0.177734375,0.38232421875,-0.875,-3.375,1.0,b33496fe6323fbf7d5f894fe0f03f2ffcaff1000,d5060402-a904-deb9-4748-2c7f4a124842
11:05:29.159178,0.2498779296875,1.75152587890625,0.00347900390625,0.20306396484375,-0.62353515625,-1.87890625,0.9921875,-80.1875,nan,nan,fe0f19703900ff0c03fbf8f0f007fdfa,d5060205-a904-deb9-4748-2c7f4a124842
11:05:29.166487,0.82403564453125,-0.02191162109375,0.552001953125,-0.125244140625,-0.9052734375,-0.173828125,0.3828125,1.625,-6.5,1.3125,bd3499fe5423fcf7c2f89cfe10031a0098ff1500,d5060402-a904-deb9-4748-2c7f4a124842
11:05:29.182090,0.82470703125,-0.0220947265625,0.551025390625,-0.12506103515625,-0.896484375,-0.1748046875,0.38671875,-0.8125,-6.9375,0.4375,c83496fe4423fff7d4f89afe1803f3ff91ff0700,d5060402-a904-deb9-4748-2c7f4a124842
11:05:29.196816,-0.06256103515625,0.06256103515625,0.015625,0.0311279296875,0.00048828125,0.8759765625,-0.1279296875,-112.0625,nan,nan,fffb01040001fe0101000207fafefff8,d5060205-a904-deb9-4748-2c7f4a124842
11:05:29.203907,0.82513427734375,-0.02239990234375,0.55035400390625,-0.125,-0.90234375,-0.181640625,0.38525390625,-0.625,-5.4375,0.0625,cf3491fe392300f8c8f88cfe1503f6ffa9ff0100,d5060402-a904-deb9-4748-2c7f4a124842
11:05:29.226430,0.825439453125,-0.022216796875,0.5499267578125,-0.125,-0.8974609375,-0.17236328125,0.38330078125,1.125,-3.3125,0.6875,d43494fe322300f8d2f89ffe11031200cbff0b00,d5060402-a904-deb9-4748-2c7f4a124842
11:05:29.241390,0.03118896484375,0.1724853515625,0.0018310546875,-0.01556396484375,0.8759765625,2.623046875,0.15625,31.9375,nan,nan,ff010a0b1e0001ff0207fc144001ff01,d5060205-a904-deb9-4748-2c7f4a124842
11:05:29.242109,0.82562255859375,-0.021728515625,0.5496826171875,-0.12493896484375,-0.90576171875,-0.16552734375,0.38525390625,2.1875,-2.1875,1.5625,d7349cfe2e2301f8c1f8adfe15032300ddff1900,d5060402-a904-deb9-4748-2c7f4a124842
11:05:29.271665,0.8260498046875,-0.02099609375,0.54913330078125,-0.12481689453125,-0.89599609375,-0.16748046875,0.390625,3.4375,-3.75,2.625,de34a8fe252303f8d5f8a9fe20033700c4ff2a00,d5060402-a904-deb9-4748-2c7f4a124842
11:05:29.279340,0.03094482421875,-0.265625,-0.03179931640625,-0.015625,0.25,1.6318359375,0.37744140625,0.0,nan,nan,fb0100eff7fd00ff00020e0d05030000,d5060205-a904-deb9-4748-2c7f4a124842
11:05:29.286469,0.8265380859375,-0.02056884765625,0.54852294921875,-0.12451171875,-0.8916015625,-0.162109375,0.39111328125,1.5,-4.0,2.6875,e634affe1b2308f8def8b4fe21031800c0ff2b00,d5060402-a904-deb9-4748-2c7f4a124842
11:05:29.302123,0.82696533203125,-0.0206298828125,0.5479736328125,-0.12408447265625,-0.89697265625,-0.166015625,0.3837890625,-1.5,-4.9375,1.75,ed34aefe12230ff8d3f8acfe1203e8ffb1ff1c00,d5060402-a904-deb9-4748-2c7f4a124842
11:05:29.316718,-0.07830810546875,-0.1402587890625,0.0308837890625,-0.0001220703125,-0.2509765625,-2.49853515625,-1.00830078125,-127.875,nan,nan,fdfa06f7fa01fefffefd03eceff702f8,d5060205-a904-deb9-4748-2c7f4a124842
11:05:29.323952,0.827392578125,-0.0211181640625,0.54736328125,-0.1236572265625,-0.89794921875,-0.17529296875,0.40087890625,-3.0625,-4.625,1.1875,f434a6fe082316f8d1f899fe3503cfffb6ff1300,d5060402-a904-deb9-4748-2c7f4a124842
11:05:29.353944,0.828125,-0.02117919921875,0.54638671875,-0.1231689453125,-0.90478515625,-0.16796875,0.41357421875,-1.125,-6.4375,2.0625,0035a5fef8221ef8c3f8a8fe4f03eeff99ff2100,d5060402-a904-deb9-4748-2c7f4a124842
11:05:29.362257,0.031005859375,0.1253662109375,-0.04595947265625,0.03094482421875,-0.62548828125,1.24609375,-0.49609375,48.0625,nan,nan,fc0106080ffdfb01fffaf80908fc0103,d5060205-a904-deb9-4748-2c7f4a124842
11:05:29.362444,0.828857421875,-0.02117919921875,0.54534912109375,-0.12249755859375,-0.88916015625,-0.15478515625,0.396484375,-1.6875,-7.375,2.875,0c35a5fee72229f8e3f8c3fe2c03e5ff8aff2e00,d5060402-a904-deb9-4748-2c7f4a124842
11:05:29.383960,0.82952880859375,-0.02154541015625,0.5445556640625,-0.12176513671875,-0.900390625,-0.15869140625,0.40478515625,-3.6875,-6.4375,2.0625,17359ffeda2235f8ccf8bbfe3d03c5ff99ff2100,d5060402-a904-deb9-4748-2c7f4a124842
11:05:29.399158,-0.06243896484375,-0.077880859375,0.01531982421875,0.01556396484375,0.0,2.001953125,-0.2490234375,-16.0625,nan,nan,01fc04fbfb00ff000000041002fefffe,d5060205-a904-deb9-4748-2c7f4a124842
11:05:29.406461,0.83001708984375,-0.02215576171875,0.5439453125,-0.12091064453125,-0.89794921875,-0.16064453125,0.38525390625,-5.1875,-6.4375,1.875,1f3595fed02243f8d1f8b7fe1503adff99ff1e00,d5060402-a904-deb9-4748-2c7f4a124842
11:05:29.422273,0.83038330078125,-0.02301025390625,0.54351806640625,-0.120361328125,-0.89501953125,-0.1884765625,0.3935546875,-4.5625,-4.5625,1.3125,253587fec9224cf8d7f87efe2603b7ffb7ff1500,d5060402-a904-deb9-4748-2c7f4a124842
11:05:29.444035,-0.03125,0.09295654296875,0.04681396484375,-0.00030517578125,-0.25048828125,-0.49951171875,0.0009765625,16.0625,nan,nan,00fef305ff02fbfffffd01fc02000101,d5060205-a904-deb9-4748-2c7f4a124842
11:05:29.444578,0.83038330078125,-0.0234375,0.54351806640625,-0.12030029296875,-0.89599609375,-0.181640625,0.39990234375,-1.75,-0.9375,-0.0625,253580fec9224df8d5f88cfe3303e4fff1ffffff,d5060402-a904-deb9-4748-2c7f4a124842
11:05:29.473987,0.8310546875,-0.02288818359375,0.54266357421875,-0.11968994140625,-0.908203125,-0.14990234375,0.42138671875,0.5625,-5.4375,3.375,303589febb2257f8bcf8cdfe5f030900a9ff3600,d5060402-a904-deb9-4748-2c7f4a124842
11:05:29.481426,0.03118896484375,0.0775146484375,-0.029052734375,0.031005859375,0.3759765625,2.2685546875,0.6171875,0.0,nan,nan,ff01f60424fefc0102032612f0040000,d5060205-a904-deb9-4748-2c7f4a124842
11:05:29.482075,0.831787109375,-0.02294921875,0.54168701171875,-0.11859130859375,-0.87451171875,-0.14453125,0.40283203125,-3.5,-7.1875,4.25,3c3588feab2269f801f9d8fe3903c8ff8dff4400,d5060402-a904-deb9-4748-2c7f4a124842
11:05:29.503930,0.83251953125,-0.023681640625,0.540771484375,-0.11749267578125,-0.884765625,-0.15625,0.4130859375,-6.5625,-6.875,2.5625,48357cfe9c227bf8ecf8c0fe4e0397ff92ff2900,d5060402-a904-deb9-4748-2c7f4a124842
11:05:29.519247,-0.01568603515625,-0.39007568359375,0.01409912109375,0.06231689453125,-0.87646484375,2.24462890625,-0.61083984375,-79.875,nan,nan,fffe09e7e700fd03fdf8f5111dfb02fb,d5060205-a904-deb9-4748-2c7f4a124842
11:05:29.526414,0.83343505859375,-0.0245361328125,0.5396728515625,-0.1163330078125,-0.890625,-0.15380859375,0.41552734375,-7.0625,-8.8125,2.875,57356efe8a228ef8e0f8c5fe53038fff73ff2e00,d5060402-a904-deb9-4748-2c7f4a124842
11:05:29.542079,0.83441162109375,-0.02581787109375,0.53826904296875,-0.115234375,-0.90185546875,-0.16943359375,0.435546875,-8.5625,-9.8125,1.625,673559fe7322a0f8c9f8a5fe7c0377ff63ff1a00,d5060402-a904-deb9-4748-2c7f4a124842
11:05:29.556804,-0.06243896484375,-0.10894775390625,0.03125,-6.103515625e-05,0.1259765625,1.12451171875,-0.123046875,-64.1875,nan,nan,01fc07f90002ffff0201ff0804fffdfb,d5060205-a904-deb9-4748-2c7f4a124842
11:05:29.563953,0.83514404296875,-0.02691650390625,0.5372314453125,-0.1142578125,-0.880859375,-0.17626953125,0.4091796875,-7.1875,-8.75,2.25,733547fe6222b0f8f4f897fe46038dff74ff2400,d5060402-a904-deb9-4748-2c7f4a124842
11:05:29.586446,0.8355712890625,-0.02777099609375,0.53680419921875,-0.11328125,-0.88330078125,-0.166015625,0.4111328125,-6.875,-4.375,2.0625,7a3539fe5b22c0f8eff8acfe4a0392ffbaff2100,d5060402-a904-deb9-4748-2c7f4a124842
11:05:29.601420,0.03131103515625,-0.07757568359375,0.00140380859375,0.07794189453125,-0.74951171875,1.5,-0.49853515625,-47.875,nan,nan,010209fb1700fd0401fa000c03fc02fd,d5060205-a904-deb9-4748-2c7f4a124842
11:05:29.602100,0.83624267578125,-0.028076171875,0.535888671875,-0.112548828125,-0.8984375,-0.154296875,0.43212890625,-3.375,-6.6875,2.0625,853534fe4c22ccf8d0f8c4fe7503caff95ff2100,d5060402-a904-deb9-4748-2c7f4a124842
11:05:29.623963,0.837158203125,-0.028076171875,0.53466796875,-0.11163330078125,-0.87451171875,-0.16015625,0.40673828125,-1.9375,-9.5625,4.1875,943534fe3822dbf801f9b8fe4103e1ff67ff4300,d5060402-a904-deb9-4748-2c7f4a124842
11:05:29.639337,0.0155029296875,-0.0772705078125,-0.0159912109375,-0.03125,0.625,3.6181640625,0.134765625,48.125,nan,nan,fe000efbfafe00fe0005f21c14010203,d5060205-a904-deb9-4748-2c7f4a124842
11:05:29.646704,0.83795166015625,-0.02874755859375,0.5335693359375,-0.11053466796875,-0.8779296875,-0.17333984375,0.43115234375,-5.5625,-8.0625,4.0625,a13529fe2622edf8faf89dfe7303a7ff7fff4100,d5060402-a904-deb9-4748-2c7f4a124842
11:05:29.662252,0.83868408203125,-0.02947998046875,0.53271484375,-0.1092529296875,-0.8876953125,-0.16943359375,0.416015625,-6.4375,-7.9375,4.5,ad351dfe182202f9e6f8a5fe540399ff81ff4800,d5060402-a904-deb9-4748-2c7f4a124842
11:05:29.676862,0.0157470703125,-0.2041015625,0.0625,0.0313720703125,-0.25048828125,2.7421875,-0.74365234375,-31.9375,nan,nan,0201f0f200040202fffdf0150dfa01fe,d5060205-a904-deb9-4748-2c7f4a124842
11:05:29.684005,0.83935546875,-0.0302734375,0.53179931640625,-0.1080322265625,-0.88037109375,-0.17724609375,0.4248046875,-6.5625,-7.3125,4.5625,b83510fe092216f9f5f895fe660397ff8bff4900,d5060402-a904-deb9-4748-2c7f4a124842
11:05:29.706522,0.84002685546875,-0.03094482421875,0.5308837890625,-0.10711669921875,-0.87744140625,-0.17529296875,0.4140625,-4.75,-8.1875,3.3125,c33505fefa2125f9fbf899fe5003b4ff7dff3500,d5060402-a904-deb9-4748-2c7f4a124842
11:05:29.721413,-0.03131103515625,-0.15667724609375,0.06195068359375,0.03131103515625,-0.1259765625,-0.62548828125,-0.376953125,-48.0625,nan,nan,fffdf9f5f7030102fefefffafcfcfffc,d5060205-a904-deb9-4748-2c7f4a124842
11:05:29.722050,0.84075927734375,-0.0311279296875,0.52984619140625,-0.106201171875,-0.8828125,-0.16357421875,0.41845703125,-2.8125,-8.4375,3.75,cf3502fee92134f9f0f8b1fe5903d3ff79ff3c00,d5060402-a904-deb9-4748-2c7f4a124842
11:05:29.744585,0.84173583984375,-0.03125,0.528564453125,-0.10516357421875,-0.89013671875,-0.15283203125,0.44384765625,-3.0625,-9.5625,4.3125,df3500fed42145f9e1f8c7fe8d03cfff67ff4500,d5060402-a904-deb9-4748-2c7f4a124842
11:05:29.766562,-0.078369140625,-0.28271484375,0.01580810546875,-0.00054931640625,-0.75048828125,-0.62353515625,-0.00341796875,-79.8125,nan,nan,fcfae8ed0301f7fffff903fbf9ff03fb,d5060205-a904-deb9-4748-2c7f4a124842
11:05:29.767046,0.843017578125,-0.03155517578125,0.52667236328125,-0.1038818359375,-0.8642578125,-0.15576171875,0.4306640625,-4.375,-13.5,5.5,f435fbfdb5215af916f9c1fe7203baff28ff5800,d5060402-a904-deb9-4748-2c7f4a124842
11:05:29.782196,0.84423828125,-0.03228759765625,0.52508544921875,-0.10235595703125,-0.86474609375,-0.1552734375,0.42724609375,-6.9375,-12.8125,5.3125,0836effd9b2173f915f9c2fe6b0391ff33ff5500,d5060402-a904-deb9-4748-2c7f4a124842
11:05:29.796910,0.0311279296875,0.04656982421875,0.03094482421875,-0.015625,0.37646484375,3.75341796875,0.5126953125,32.25,nan,nan,fe01fb02fb0100ff0303071e1a040402,d5060205-a904-deb9-4748-2c7f4a124842
11:05:29.804178,0.84503173828125,-0.03363037109375,0.52398681640625,-0.10076904296875,-0.86669921875,-0.17041015625,0.42431640625,-9.875,-9.875,4.3125,1536d9fd89218df911f9a3fe650362ff62ff4500,d5060402-a904-deb9-4748-2c7f4a124842
11:05:29.819840,0.8458251953125,-0.03485107421875,0.52294921875,-0.09918212890625,-0.876953125,-0.1591796875,0.4384765625,-9.9375,-9.3125,4.1875,2236c5fd7821a7f9fcf8bafe820361ff6bff4300,d5060402-a904-deb9-4748-2c7f4a124842
11:05:29.841567,-0.0001220703125,-0.297607421875,-0.032470703125,0.06256103515625,-0.375,1.50146484375,-0.10302734375,-80.125,nan,nan,fefff4ececfd010400fd030c2dfffefa,d5060205-a904-deb9-4748-2c7f4a124842
11:05:29.842286,0.846435546875,-0.0362548828125,0.52215576171875,-0.09735107421875,-0.8642578125,-0.15380859375,0.43603515625,-11.75,-7.25,4.1875,2c36aefd6b21c5f916f9c5fe7d0344ff8cff4300,d5060402-a904-deb9-4748-2c7f4a124842
11:05:29.864610,0.84747314453125,-0.03753662109375,0.520751953125,-0.09539794921875,-0.89013671875,-0.142578125,0.49072265625,-12.125,-9.4375,4.5625,3d3699fd5421e5f9e1f8dcfeed033eff69ff4900,d5060402-a904-deb9-4748-2c7f4a124842
11:05:29.879027,-0.0782470703125,0.0625,-0.0782470703125,-0.078369140625,0.00048828125,-0.74853515625,1.75634765625,0.1875,nan,nan,fefa0004fefafcfa010003fa0d0e0300,d5060205-a904-deb9-4748-2c7f4a124842
11:05:29.879781,0.8487548828125,-0.03887939453125,0.5189208984375,-0.093505859375,-0.87646484375,-0.16650390625,0.49658203125,-11.3125,-11.5625,5.5625,523683fd362104fafdf8abfef9034bff47ff5900,d5060402-a904-deb9-4748-2c7f4a124842
11:05:29.902363,0.849853515625,-0.03997802734375,0.51727294921875,-0.092041015625,-0.8505859375,-0.17919921875,0.4833984375,-8.5625,-10.25,5.1875,643671fd1b211cfa32f991fede0377ff5cff5300,d5060402-a904-deb9-4748-2c7f4a124842
11:05:29.924009,-0.0623779296875,-0.1719970703125,0.04632568359375,0.06243896484375,-0.5009765625,-0.0029296875,-0.8759765625,-112.125,nan,nan,02fcfef4f702ff03fefbfafffef8fef8,d5060205-a904-deb9-4748-2c7f4a124842
11:05:29.924604,0.850341796875,-0.0404052734375,0.51654052734375,-0.09136962890625,-0.85595703125,-0.177734375,0.44140625,-2.6875,-6.1875,3.25,6c366afd0f2127fa27f994fe8803d5ff9dff3400,d5060402-a904-deb9-4748-2c7f4a124842
11:05:29.939800,0.85064697265625,-0.04046630859375,0.51605224609375,-0.0911865234375,-0.8662109375,-0.1767578125,0.43896484375,0.25,-4.5625,1.625,713669fd07212afa12f996fe83030400b7ff1a00,d5060402-a904-deb9-4748-2c7f4a124842
11:05:29.961581,-0.04693603515625,-0.15643310546875,0.03045654296875,0.07794189453125,-0.0009765625,0.87451171875,-0.619140625,-112.25,nan,nan,fffcfdf5f301fd04feffff060cfbfcf8,d5060205-a904-deb9-4748-2c7f4a124842
11:05:29.962244,0.8509521484375,-0.04071044921875,0.515625,-0.0906982421875,-0.86865234375,-0.15234375,0.4453125,-2.625,-4.375,1.0625,763665fd002132fa0df9c8fe9003d6ffbaff1100,d5060402-a904-deb9-4748-2c7f4a124842
11:05:29.984645,0.85205078125,-0.04022216796875,0.51409912109375,-0.089599609375,-0.87744140625,-0.11474609375,0.49560546875,-1.5,-9.5,4.0,88366dfde72044fafbf815fff703e8ff68ff4000,d5060402-a904-deb9-4748-2c7f4a124842
11:05:29.999123,0.03106689453125,-0.093505859375,0.07794189453125,0.01544189453125,-0.12548828125,0.24951171875,-0.62451171875,-48.0625,nan,nan,fd0104fafd04fd00fffeff0101fbfffc,d5060205-a904-deb9-4748-2c7f4a124842
11:05:29.999855,0.85369873046875,-0.04052734375,0.5115966796875,-0.087890625,-0.8681640625,-0.1357421875,0.4951171875,-6.1875,-16.375,6.125,a33668fdbe2060fa0ef9eafef6039dfffafe6200,d5060402-a904-deb9-4748-2c7f4a124842
11:05:30.022268,0.85467529296875,-0.042236328125,0.51025390625,-0.085693359375,-0.8271484375,-0.15087890625,0.4462890625,-13.6875,-11.3125,5.9375,b3364cfda82084fa62f9cbfe920325ff4bff5f00,d5060402-a904-deb9-4748-2c7f4a124842
11:05:30.043922,0.046630859375,0.015869140625,0.07794189453125,0.04681396484375,0.37353515625,0.62353515625,-0.37841796875,-112.25,nan,nan,fc020401fd04ff02fd02fd04f9fcfcf8,d5060205-a904-deb9-4748-2c7f4a124842
11:05:30.044583,0.85479736328125,-0.04400634765625,0.5101318359375,-0.0841064453125,-0.865234375,-0.18115234375,0.46142578125,-12.4375,-3.125,3.75,b5362ffda6209efa14f98dfeb10339ffceff3c00,d5060402-a904-deb9-4748-2c7f4a124842
11:05:30.059807,0.85491943359375,-0.04510498046875,0.510009765625,-0.083251953125,-0.875,-0.189453125,0.47021484375,-7.0,-2.375,2.4375,b7361dfda420acfa00f97cfec30390ffdaff2700,d5060402-a904-deb9-4748-2c7f4a124842
11:05:30.081447,0.14056396484375,0.04913330078125,0.1109619140625,0.06268310546875,0.37548828125,3.8427734375,0.8798828125,64.375,nan,nan,ff0825031a0703040103be1e0a070604,d5060205-a904-deb9-4748-2c7f4a124842
11:05:30.082338,0.85546875,-0.04522705078125,0.5091552734375,-0.08270263671875,-0.86962890625,-0.1708984375,0.50634765625,-1.5625,-4.4375,3.0625,c0361bfd9620b5fa0bf9a2fe0d04e7ffb9ff3100,d5060402-a904-deb9-4748-2c7f4a124842
11:05:30.104623,0.85723876953125,-0.04376220703125,0.50634765625,-0.08209228515625,-0.8798828125,-0.1279296875,0.53515625,5.4375,-15.9375,5.25,dd3633fd6820bffaf6f8fafe4804570001ff5400,d5060402-a904-deb9-4748-2c7f4a124842
11:05:30.119008,0.06256103515625,0.00201416015625,0.0311279296875,-0.0157470703125,-0.12548828125,1.48974609375,-0.49853515625,-95.75,nan,nan,01042100fe01fefefffeeb0b03fc04fa,d5060205-a904-deb9-4748-2c7f4a124842
11:05:30.119773,0.85870361328125,-0.043212890625,0.504150390625,-0.08050537109375,-0.8251953125,-0.130859375,0.44873046875,-0.75,-16.375,8.3125,f5363cfd4420d9fa66f9f4fe9703f4fffafe8500,d5060402-a904-deb9-4748-2c7f4a124842
11:05:30.142285,0.85943603515625,-0.04437255859375,0.50311279296875,-0.07879638671875,-0.8349609375,-0.15673828125,0.45947265625,-9.6875,-9.25,5.375,013729fd3320f5fa52f9bffead0365ff6cff5600,d5060402-a904-deb9-4748-2c7f4a124842
11:05:30.164103,-0.0001220703125,0.078369140625,0.01605224609375,0.062255859375,-0.49951171875,-0.00048828125,-0.3798828125,-64.125,nan,nan,feff04050701fc0301fcfffff6fcfefb,d5060205-a904-deb9-4748-2c7f4a124842
11:05:30.164632,0.85992431640625,-0.04534912109375,0.50238037109375,-0.07763671875,-0.8740234375,-0.17041015625,0.4794921875,-7.3125,-7.0625,3.8125,093719fd272008fb02f9a3fed6038bff8fff3d00,d5060402-a904-deb9-4748-2c7f4a124842
11:05:30.179798,0.86126708984375,-0.04522705078125,0.50018310546875,-0.07647705078125,-0.86279296875,-0.15966796875,0.52587890625,-1.4375,-13.3125,6.25,1f371bfd03201bfb19f9b9fe3504e9ff2bff6400,d5060402-a904-deb9-4748-2c7f4a124842
11:05:30.201637,-0.0157470703125,-0.124755859375,0.093505859375,6.103515625e-05,0.2490234375,1.1259765625,-0.25,-15.875,nan,nan,fefe04f8fc050100fe01020900fe02ff,d5060205-a904-deb9-4748-2c7f4a124842
11:05:30.202196,0.86309814453125,-0.04412841796875,0.4974365234375,-0.0751953125,-0.82177734375,-0.13671875,0.49462890625,2.875,-18.0,9.125,3d372dfdd61f30fb6df9e8fef5032e00e0fe9200,d5060402-a904-deb9-4748-2c7f4a124842
11:05:30.225236,0.86376953125,-0.044921875,0.496337890625,-0.07379150390625,-0.8154296875,-0.15771484375,0.4609375,-6.5625,-9.5,5.3125,483720fdc41f47fb7af9bdfeb00397ff68ff5500,d5060402-a904-deb9-4748-2c7f4a124842
11:05:30.239135,-0.0469970703125,-0.171875,-0.00115966796875,-0.0001220703125,-0.1240234375,0.49755859375,-0.00244140625,-64.125,nan,nan,fefc00f5edfffeff02fffb03fbfffefb,d5060205-a904-deb9-4748-2c7f4a124842
11:05:30.246470,0.8642578125,-0.04638671875,0.49554443359375,-0.0721435546875,-0.87890625,-0.1474609375,0.50439453125,-11.75,-7.25,3.1875,503708fdb71f62fbf8f8d2fe090444ff8cff3300,d5060402-a904-deb9-4748-2c7f4a124842
11:05:30.262330,0.86541748046875,-0.04766845703125,0.49383544921875,-0.0697021484375,-0.86865234375,-0.13525390625,0.5078125,-13.0,-13.5625,7.4375,6337f3fc9b1f8afb0df9ebfe100430ff27ff7700,d5060402-a904-deb9-4748-2c7f4a124842
11:05:30.284042,0.0,-0.1873779296875,-0.00048828125,6.103515625e-05,0.0,2.74951171875,-0.626953125,-80.0,nan,nan,000002f4f8ff01000000ff15fcfa00fb,d5060205-a904-deb9-4748-2c7f4a124842
11:05:30.284548,0.8668212890625,-0.0489501953125,0.49163818359375,-0.06640625,-0.8212890625,-0.12158203125,0.50146484375,-15.375,-16.0625,11.0625,7a37defc771fc0fb6ef907ff03040afffffeb100,d5060402-a904-deb9-4748-2c7f4a124842
11:05:30.306461,0.8677978515625,-0.05096435546875,0.49017333984375,-0.06298828125,-0.81982421875,-0.13720703125,0.49609375,-19.1875,-12.0,10.875,8a37bdfc5f1ff8fb71f9e7fef803cdfe40ffae00,d5060402-a904-deb9-4748-2c7f4a124842
11:05:30.321656,-0.03125,-0.156494140625,0.04681396484375,-0.031494140625,0.25,1.62255859375,0.1240234375,-64.0625,nan,nan,00fefcf5ff02fcfd0002fb0cfe00fffb,d5060205-a904-deb9-4748-2c7f4a124842
11:05:30.322325,0.8685302734375,-0.0535888671875,0.48895263671875,-0.05987548828125,-0.85498046875,-0.15478515625,0.52001953125,-21.0,-10.125,7.9375,963792fc4b1f2bfc29f9c3fe2904b0fe5eff7f00,d5060402-a904-deb9-4748-2c7f4a124842
11:05:30.344611,0.87005615234375,-0.0550537109375,0.48638916015625,-0.05767822265625,-0.85498046875,-0.17041015625,0.5966796875,-12.25,-14.25,7.25,af377afc211f4ffc29f9a3fec6043cff1cff7400,d5060402-a904-deb9-4748-2c7f4a124842
11:05:30.366502,-0.01580810546875,-0.14056396484375,0.0303955078125,-0.0625,-0.24951171875,3.5,0.39013671875,-32.1875,nan,nan,fdfe01f7f20100fc01fe001c1f03fdfd,d5060205-a904-deb9-4748-2c7f4a124842
11:05:30.367129,0.87213134765625,-0.05450439453125,0.48291015625,-0.05596923828125,-0.80908203125,-0.1708984375,0.56298828125,0.125,-20.3125,11.375,d13783fce81e6bfc87f9a2fe81040200bbfeb600,d5060402-a904-deb9-4748-2c7f4a124842
11:05:30.382312,0.87310791015625,-0.053466796875,0.4813232421875,-0.05523681640625,-0.76123046875,-0.1611328125,0.466796875,5.3125,-11.8125,7.9375,e13794fcce1e77fce9f9b6febc03550043ff7f00,d5060402-a904-deb9-4748-2c7f4a124842
11:05:30.403975,-0.01556396484375,-0.14031982421875,0.06231689453125,0.03106689453125,-0.25244140625,0.87451171875,-0.37548828125,-63.875,nan,nan,01ff05f7fd03fd01fbfdff06fffc02fc,d5060205-a904-deb9-4748-2c7f4a124842
11:05:30.404556,0.87310791015625,-0.0531005859375,0.48138427734375,-0.05548095703125,-0.82763671875,-0.16455078125,0.48193359375,3.5625,-1.875,0.9375,e1379afccf1e73fc61f9affedb033900e2ff0f00,d5060402-a904-deb9-4748-2c7f4a124842
11:05:30.426434,0.87310791015625,-0.0533447265625,0.48138427734375,-0.0550537109375,-0.8701171875,-0.1455078125,0.51904296875,-2.3125,-2.5625,1.0625,e13796fccf1e7afc0af9d6fe2704dbffd7ff1100,d5060402-a904-deb9-4748-2c7f4a124842
11:05:30.441452,0.03106689453125,-0.03118896484375,0.077880859375,0.06231689453125,-0.50048828125,-0.12841796875,-0.8837890625,-64.125,nan,nan,fd0101fefc04fd03fffbf9feeef8fefb,d5060205-a904-deb9-4748-2c7f4a124842
11:05:30.442270,0.8736572265625,-0.0538330078125,0.48052978515625,-0.053466796875,-0.8564453125,-0.12255859375,0.53564453125,-7.5625,-6.9375,4.875,ea378efcc11e94fc26f905ff490487ff91ff4e00,d5060402-a904-deb9-4748-2c7f4a124842
11:05:30.464580,0.87493896484375,-0.05389404296875,0.47833251953125,-0.05126953125,-0.8359375,-0.10888671875,0.58056640625,-6.875,-12.8125,8.4375,ff378dfc9d1eb8fc50f921ffa50492ff33ff8700,d5060402-a904-deb9-4748-2c7f4a124842
11:05:30.479178,-0.00030517578125,-0.10894775390625,-0.04693603515625,-0.00042724609375,0.12646484375,0.50244140625,-0.50830078125,-48.0625,nan,nan,fbff07f9fffcf9ff03010504effbfffc,d5060205-a904-deb9-4748-2c7f4a124842
11:05:30.486454,0.8768310546875,-0.0533447265625,0.47528076171875,-0.049072265625,-0.7958984375,-0.12060546875,0.59033203125,-2.875,-17.125,11.125,1e3896fc6b1edcfca2f909ffb904d2ffeefeb200,d5060402-a904-deb9-4748-2c7f4a124842
11:05:30.502255,0.87750244140625,-0.053466796875,0.47412109375,-0.04742431640625,-0.7607421875,-0.16796875,0.4912109375,-3.125,-8.625,10.0625,293894fc581ef7fceaf9a8feee03ceff76ffa100,d5060402-a904-deb9-4748-2c7f4a124842
11:05:30.524133,0.06243896484375,-0.2498779296875,0.046875,0.04681396484375,-0.24951171875,2.24853515625,-0.25048828125,-144.0,nan,nan,ff0302f00003ff0201fefd11fffd00f7,d5060205-a904-deb9-4748-2c7f4a124842
11:05:30.524577,0.87725830078125,-0.0548095703125,0.474365234375,-0.047607421875,-0.81103515625,-0.20361328125,0.51513671875,-3.6875,0.5625,-0.8125,25387efc5c1ef4fc83f95ffe1f04c5ff0900f3ff,d5060402-a904-deb9-4748-2c7f4a124842
11:05:30.546532,0.8770751953125,-0.05426025390625,0.4747314453125,-0.04864501953125,-0.86572265625,-0.1650390625,0.54296875,6.125,1.25,-2.5625,223887fc621ee3fc13f9aefe580462001400d7ff,d5060402-a904-deb9-4748-2c7f4a124842
11:05:30.561790,0.01580810546875,0.12493896484375,0.17218017578125,0.07818603515625,-0.125,1.37451171875,-0.37646484375,-32.125,nan,nan,0301ff07050b010500ffff0afdfcfefd,d5060205-a904-deb9-4748-2c7f4a124842
11:05:30.569109,0.87750244140625,-0.05242919921875,0.47412109375,-0.04888916015625,-0.84326171875,-0.10791015625,0.55712890625,8.9375,-3.6875,1.625,2938a5fc581edffc41f923ff75048f00c5ff1a00,d5060402-a904-deb9-4748-2c7f4a124842
11:05:30.584627,0.8782958984375,-0.05078125,0.47283935546875,-0.04833984375,-0.8134765625,-0.08642578125,0.5703125,5.3125,-6.375,4.375,3638c0fc431ee8fc7ef94fff900455009aff4600,d5060402-a904-deb9-4748-2c7f4a124842
11:05:30.599236,-0.0313720703125,-0.14031982421875,-0.0159912109375,-0.07830810546875,-0.25,-0.375,-1.00341796875,-96.375,nan,nan,fefd05f7fafefdfa00fe00fdf9f7faf9,d5060205-a904-deb9-4748-2c7f4a124842
11:05:30.606488,0.8792724609375,-0.0496826171875,0.47125244140625,-0.04742431640625,-0.796875,-0.10546875,0.56494140625,2.4375,-8.875,6.0,4638d2fc291ef7fca0f928ff8504270072ff6000,d5060402-a904-deb9-4748-2c7f4a124842
11:05:30.622191,0.8795166015625,-0.0498046875,0.4708251953125,-0.04644775390625,-0.79541015625,-0.1357421875,0.51171875,-2.625,-4.25,4.8125,4a38d0fc221e07fda3f9eafe1804d6ffbcff4d00,d5060402-a904-deb9-4748-2c7f4a124842
11:05:30.645060,-6.103515625e-05,-0.20294189453125,0.04644775390625,0.0623779296875,0.125,0.72802734375,-0.123046875,-79.9375,nan,nan,ffff03f3f902fe030001d30504ff01fb,d5060205-a904-deb9-4748-2c7f4a124842
11:05:30.645456,0.87933349609375,-0.05096435546875,0.4710693359375,-0.04620361328125,-0.82177734375,-0.15283203125,0.5283203125,-5.4375,0.0625,-0.625,4738bdfc261e0bfd6df9c7fe3a04a9ff0100f6ff,d5060402-a904-deb9-4748-2c7f4a124842
11:05:30.666632,0.87933349609375,-0.05126953125,0.4710693359375,-0.0462646484375,-0.8359375,-0.140625,0.56884765625,-1.375,0.625,-0.875,4738b8fc261e0afd50f9e0fe8d04eaff0a00f2ff,d5060402-a904-deb9-4748-2c7f4a124842
11:05:30.681816,0.07818603515625,0.0478515625,0.12554931640625,0.0782470703125,-0.00048828125,1.24853515625,-0.62744140625,-32.1875,nan,nan,0105100309080205fffffd09fbfafdfd,d5060205-a904-deb9-4748-2c7f4a124842
11:05:30.682289,0.87957763671875,-0.05078125,0.470703125,-0.0462646484375,-0.818359375,-0.1279296875,0.5625,2.1875,-1.6875,1.0625,4b38c0fc201e0afd74f9fafe80042300e5ff1100,d5060402-a904-deb9-4748-2c7f4a124842
11:05:30.704591,0.87982177734375,-0.04998779296875,0.47027587890625,-0.046142578125,-0.81982421875,-0.11328125,0.5517578125,2.9375,-2.5625,1.5625,4f38cdfc191e0cfd71f918ff6a042f00d7ff1900,d5060402-a904-deb9-4748-2c7f4a124842
11:05:30.719139,-0.0625,-0.2340087890625,0.06219482421875,-0.01568603515625,-0.00048828125,0.74853515625,-0.5009765625,-80.1875,nan,nan,00fc06f1fb03fffefffffd05fefbfdfa,d5060205-a904-deb9-4748-2c7f4a124842
11:05:30.726517,0.88006591796875,-0.04937744140625,0.46990966796875,-0.04571533203125,-0.81884765625,-0.10498046875,0.55859375,1.125,-2.0625,2.375,5338d7fc131e13fd73f929ff78041200dfff2600,d5060402-a904-deb9-4748-2c7f4a124842
11:05:30.742309,0.8802490234375,-0.04949951171875,0.4697265625,-0.04498291015625,-0.818359375,-0.12109375,0.54150390625,-2.6875,-2.125,2.9375,5638d5fc101e1ffd74f908ff5504d5ffdeff2f00,d5060402-a904-deb9-4748-2c7f4a124842
11:05:30.763931,-0.01568603515625,-0.0302734375,0.01495361328125,0.01568603515625,-0.5009765625,0.1201171875,-0.25244140625,-47.9375,nan,nan,fffe10fef5000101fefbf600fbfd01fd,d5060205-a904-deb9-4748-2c7f4a124842
11:05:30.764797,0.88055419921875,-0.04962158203125,0.46923828125,-0.0440673828125,-0.81103515625,-0.11328125,0.54150390625,-3.5625,-4.0,3.25,5b38d3fc081e2efd83f918ff5504c7ffc0ff3400,d5060402-a904-deb9-4748-2c7f4a124842
11:05:30.787129,0.880859375,-0.0496826171875,0.4686279296875,-0.04327392578125,-0.80126953125,-0.12646484375,0.55517578125,-2.25,-3.3125,3.6875,6038d2fcfe1d3bfd97f9fdfe7104dcffcbff3b00,d5060402-a904-deb9-4748-2c7f4a124842
11:05:30.809285,-0.0626220703125,-0.34320068359375,-0.000244140625,-0.03143310546875,-0.37744140625,1.74462890625,-0.87451171875,-0.25,nan,nan,fefb09eafcfffdfdfbfcf50d01f9fcff,d5060205-a904-deb9-4748-2c7f4a124842
11:05:30.809649,0.88104248046875,-0.050048828125,0.46832275390625,-0.042724609375,-0.8125,-0.12890625,0.5556640625,-3.125,-2.0625,2.0,6338ccfcf91d44fd80f9f8fe7204ceffdfff2000,d5060402-a904-deb9-4748-2c7f4a124842
11:05:30.824776,0.88116455078125,-0.0504150390625,0.46820068359375,-0.04217529296875,-0.82177734375,-0.13232421875,0.55419921875,-3.0,-1.375,1.875,6538c6fcf71d4dfd6df9f1fe6f04d0ffeaff1e00,d5060402-a904-deb9-4748-2c7f4a124842
11:05:30.846450,0.03131103515625,0.0938720703125,0.110107421875,0.0,-0.12646484375,1.62548828125,-0.24951171875,-15.875,nan,nan,010202060c070000fdfe010d01fe02ff,d5060205-a904-deb9-4748-2c7f4a124842
11:05:30.847101,0.881103515625,-0.050537109375,0.46820068359375,-0.04180908203125,-0.81396484375,-0.1298828125,0.556640625,-1.6875,0.3125,1.5,6438c4fcf71d53fd7df9f6fe7404e5ff05001800,d5060402-a904-deb9-4748-2c7f4a124842
11:05:30.862327,0.88104248046875,-0.05078125,0.4683837890625,-0.04168701171875,-0.8203125,-0.12548828125,0.5439453125,-1.6875,0.5,0.0,6338c0fcfa1d55fd70f9fffe5a04e5ff08000000,d5060402-a904-deb9-4748-2c7f4a124842
11:05:30.884042,-0.03173828125,-0.31256103515625,-0.00067138671875,0.04681396484375,-0.5,1.1240234375,-1.00146484375,-80.125,nan,nan,f8fdffebf5ffff0200fcfe08fdf7fefa,d5060205-a904-deb9-4748-2c7f4a124842
11:05:30.884769,0.881103515625,-0.05078125,0.46832275390625,-0.0413818359375,-0.8251953125,-0.11962890625,0.5673828125,-1.1875,-0.3125,0.9375,6438c0fcf91d5afd66f90bff8a04edfffbff0f00,d5060402-a904-deb9-4748-2c7f4a124842
11:05:30.907124,0.88104248046875,-0.05096435546875,0.46844482421875,-0.04071044921875,-0.8115234375,-0.12451171875,0.5322265625,-2.6875,-0.5,2.75,6338bdfcfb1d65fd82f901ff4204d5fff8ff2c00,d5060402-a904-deb9-4748-2c7f4a124842
11:05:30.921455,0.0157470703125,-0.15631103515625,0.03125,0.0467529296875,0.24951171875,1.38037109375,-0.625,-112.0,nan,nan,0201fff50002fe02ff010b0b00fb00f9,d5060205-a904-deb9-4748-2c7f4a124842
11:05:30.922320,0.8807373046875,-0.05181884765625,0.46893310546875,-0.0401611328125,-0.8193359375,-0.11279296875,0.5361328125,-6.75,1.875,-0.3125,5e38affc031e6efd72f919ff4a0494ff1e00fbff,d5060402-a904-deb9-4748-2c7f4a124842
11:05:30.944755,0.88067626953125,-0.05267333984375,0.46905517578125,-0.03948974609375,-0.84228515625,-0.115234375,0.58056640625,-6.875,1.3125,-0.1875,5d38a1fc051e79fd43f914ffa50492ff1500fdff,d5060402-a904-deb9-4748-2c7f4a124842
11:05:30.966531,0.04681396484375,-0.09002685546875,-0.0003662109375,-0.00018310546875,-0.12451171875,2.98583984375,0.00341796875,-16.0,nan,nan,ff023dfafafffdff01ffe317070000ff,d5060205-a904-deb9-4748-2c7f4a124842
11:05:30.967063,0.88079833984375,-0.05328369140625,0.46875,-0.03875732421875,-0.8095703125,-0.1328125,0.5771484375,-5.1875,-0.625,2.1875,5f3897fc001e85fd86f9f0fe9e04adfff6ff2300,d5060402-a904-deb9-4748-2c7f4a124842
11:05:30.982237,0.88092041015625,-0.0533447265625,0.46856689453125,-0.03851318359375,-0.796875,-0.140625,0.5546875,-0.4375,-0.4375,1.875,613896fcfd1d89fda0f9e0fe7004f9fff9ff1e00,d5060402-a904-deb9-4748-2c7f4a124842
11:05:31.003949,0.04669189453125,0.0003662109375,0.047119140625,0.03131103515625,-0.37451171875,1.375,-0.50146484375,-15.875,nan,nan,fd0206000403010201fd000bfdfb02ff,d5060205-a904-deb9-4748-2c7f4a124842
11:05:31.004748,0.88104248046875,-0.0528564453125,0.46844482421875,-0.03875732421875,-0.80712890625,-0.13427734375,0.552734375,3.375,-0.3125,0.5,63389efcfb1d85fd8bf9edfe6c043600fbff0800,d5060402-a904-deb9-4748-2c7f4a124842
11:05:31.027099,0.881103515625,-0.05224609375,0.46832275390625,-0.03887939453125,-0.80810546875,-0.11767578125,0.54833984375,2.9375,-0.4375,0.3125,6438a8fcf91d83fd89f90fff63042f00f9ff0500,d5060402-a904-deb9-4748-2c7f4a124842
11:05:31.041560,-0.03143310546875,-0.4237060546875,0.0152587890625,0.06231689453125,-0.37451171875,3.140625,-0.62646484375,-95.9375,nan,nan,fdfde2e4fa00fd0301fd2019fdfa01fa,d5060205-a904-deb9-4748-2c7f4a124842
11:05:31.042339,0.881103515625,-0.05224609375,0.46832275390625,-0.03887939453125,-0.81201171875,-0.1123046875,0.56103515625,0.875,0.5625,0.3125,6438a8fcf91d83fd81f91aff7d040e0009000500,d5060402-a904-deb9-4748-2c7f4a124842
11:05:31.064803,0.88116455078125,-0.05218505859375,0.46826171875,-0.03887939453125,-0.8173828125,-0.1220703125,0.56494140625,-0.8125,0.5,0.1875,6538a9fcf81d83fd76f906ff8504f3ff08000300,d5060402-a904-deb9-4748-2c7f4a124842
11:05:31.086565,-0.0001220703125,-0.04669189453125,0.04681396484375,0.0936279296875,-0.2509765625,2.12451171875,-0.4990234375,-48.0,nan,nan,feff03fdff02fe05fefdff1002fc00fd,d5060205-a904-deb9-4748-2c7f4a124842
11:05:31.087101,0.880859375,-0.0523681640625,0.46875,-0.03887939453125,-0.81982421875,-0.14111328125,0.52734375,-0.1875,1.5625,0.125,6038a6fc001e83fd71f9dffe3804fdff19000200,d5060402-a904-deb9-4748-2c7f4a124842
11:05:31.102387,0.88055419921875,-0.052734375,0.46929931640625,-0.03912353515625,-0.8310546875,-0.1376953125,0.54541015625,-1.0625,2.875,-1.5625,5b38a0fc091e7ffd5af9e6fe5d04efff2e00e7ff,d5060402-a904-deb9-4748-2c7f4a124842
11:05:31.123957,-0.14056396484375,-1.1741943359375,0.031005859375,-0.03131103515625,1.49853515625,3.0302734375,-0.99755859375,-80.25,nan,nan,01f7dab4fc01fffdfd0b3e1805f8fcfa,d5060205-a904-deb9-4748-2c7f4a124842
11:05:31.124783,0.88037109375,-0.052490234375,0.46966552734375,-0.03924560546875,-0.828125,-0.11474609375,0.56396484375,0.75,2.6875,-0.875,5838a4fc0f1e7dfd60f915ff83040c002b00f2ff,d5060402-a904-deb9-4748-2c7f4a124842
11:05:31.147098,0.88037109375,-0.0518798828125,0.4697265625,-0.03924560546875,-0.81396484375,-0.1181640625,0.568359375,2.4375,1.75,1.125,5838aefc101e7dfd7df90eff8c0427001c001200,d5060402-a904-deb9-4748-2c7f4a124842
11:05:31.161530,-0.01568603515625,-0.49969482421875,0.093505859375,0.078125,0.00048828125,0.99560546875,-0.7529296875,-144.1875,nan,nan,fffe05e0fc0500050100f707faf9fdf6,d5060205-a904-deb9-4748-2c7f4a124842
11:05:31.162305,0.88031005859375,-0.051513671875,0.4698486328125,-0.03936767578125,-0.81298828125,-0.126953125,0.55224609375,2.1875,1.25,0.5,5738b4fc121e7bfd7ff9fcfe6b04230014000800,d5060402-a904-deb9-4748-2c7f4a124842
11:05:31.184787,0.88037109375,-0.05072021484375,0.4698486328125,-0.039794921875,-0.81494140625,-0.1171875,0.55615234375,4.625,0.625,-0.5625,5838c1fc121e74fd7bf910ff73044a000a00f7ff,d5060402-a904-deb9-4748-2c7f4a124842
11:05:31.206501,0.046630859375,-0.07879638671875,0.1090087890625,0.07818603515625,-0.125,-0.37890625,-0.62841796875,-208.125,nan,nan,fc02f5fafa06010500fff8fcf9fafef2,d5060205-a904-deb9-4748-2c7f4a124842
11:05:31.207094,0.88043212890625,-0.049560546875,0.4698486328125,-0.04010009765625,-0.8056640625,-0.11279296875,0.54345703125,6.3125,0.1875,1.0,5938d4fc121e6ffd8ef919ff5904650003001000,d5060402-a904-deb9-4748-2c7f4a124842
11:05:31.222253,0.880126953125,-0.0491943359375,0.4703369140625,-0.04034423828125,-0.80126953125,-0.1259765625,0.51904296875,2.6875,2.25,-0.0625,5438dafc1a1e6bfd97f9fefe27042b002400ffff,d5060402-a904-deb9-4748-2c7f4a124842
11:05:31.244153,6.103515625e-05,-0.15631103515625,0.10931396484375,0.00018310546875,-0.37451171875,1.5,-0.5009765625,-64.25,nan,nan,0100fff5ff06030001fd000cfefbfcfb,d5060205-a904-deb9-4748-2c7f4a124842
11:05:31.244811,0.8797607421875,-0.0496826171875,0.47100830078125,-0.0406494140625,-0.83935546875,-0.12890625,0.5439453125,-2.0,3.4375,-2.75,4e38d2fc251e66fd49f9f8fe5a04e0ff3700d4ff,d5060402-a904-deb9-4748-2c7f4a124842
11:05:31.267130,0.87957763671875,-0.050048828125,0.4713134765625,-0.04058837890625,-0.84033203125,-0.13134765625,0.5517578125,-1.875,1.4375,-0.5,4b38ccfc2a1e67fd47f9f3fe6a04e2ff1700f8ff,d5060402-a904-deb9-4748-2c7f4a124842
11:05:31.281742,-0.06256103515625,-0.140869140625,0.062255859375,0.04681396484375,-0.0009765625,1.00390625,-0.875,-112.0625,nan,nan,fffbfcf6fc03ff02feff080800f9fff8,d5060205-a904-deb9-4748-2c7f4a124842
11:05:31.296492,0.87957763671875,-0.050048828125,0.4713134765625,-0.04058837890625,-0.810546875,-0.12255859375,0.544921875,-0.75,0.1875,0.3125,4b38ccfc2a1e67fd84f905ff5c04f4ff03000500,d5060402-a904-deb9-4748-2c7f4a124842
11:05:31.304755,0.87957763671875,-0.04998779296875,0.4713134765625,-0.04058837890625,-0.81298828125,-0.11474609375,0.552734375,-0.875,-0.6875,-0.4375,4b38cdfc2a1e67fd7ff915ff6c04f2fff5fff9ff,d5060402-a904-deb9-4748-2c7f4a124842
11:05:31.326610,-0.06256103515625,-0.21856689453125,0.062255859375,0.03082275390625,0.00048828125,1.9990234375,-0.62451171875,-63.9375,nan,nan,fffb03f2fc03f9010100fe0f01fb01fc,d5060205-a904-deb9-4748-2c7f4a124842
11:05:31.327183,0.87969970703125,-0.050048828125,0.4710693359375,-0.04034423828125,-0.81884765625,-0.1123046875,0.546875,-1.25,-1.4375,0.125,4d38ccfc261e6bfd73f91aff6004ecffe9ff0200,d5060402-a904-deb9-4748-2c7f4a124842
11:05:31.350335,0.879638671875,-0.050537109375,0.47113037109375,-0.0401611328125,-0.8212890625,-0.1220703125,0.5390625,-3.1875,-0.5,-0.75,4c38c4fc271e6efd6ef906ff5004cdfff8fff4ff,d5060402-a904-deb9-4748-2c7f4a124842
11:05:31.364019,-0.09368896484375,-0.093994140625,0.07794189453125,0.0936279296875,0.0009765625,2.49755859375,-0.24951171875,-64.25,nan,nan,01fafcf9fd04fe050200fb1301fefcfb,d5060205-a904-deb9-4748-2c7f4a124842
11:05:31.364740,0.879638671875,-0.05084228515625,0.47113037109375,-0.04010009765625,-0.818359375,-0.123046875,0.5556640625,-1.875,0.5625,-0.8125,4c38bffc271e6ffd74f904ff7204e2ff0900f3ff,d5060402-a904-deb9-4748-2c7f4a124842
11:05:31.387157,0.879638671875,-0.05084228515625,0.4710693359375,-0.04010009765625,-0.81689453125,-0.1162109375,0.5634765625,0.0625,0.4375,-0.3125,4c38bffc261e6ffd77f912ff820401000700fbff,d5060402-a904-deb9-4748-2c7f4a124842
11:05:31.401731,-0.03143310546875,-0.14044189453125,0.12518310546875,0.0152587890625,0.5,3.37646484375,-0.1181640625,-32.0,nan,nan,fdfd03f70308fa000004031b0eff00fe,d5060205-a904-deb9-4748-2c7f4a124842
11:05:31.409041,0.87969970703125,-0.05078125,0.4710693359375,-0.04010009765625,-0.82177734375,-0.11865234375,0.5537109375,0.875,0.0,-0.25,4d38c0fc261e6ffd6df90dff6e040e000000fcff,d5060402-a904-deb9-4748-2c7f4a124842
11:05:31.424765,0.879638671875,-0.05078125,0.4710693359375,-0.04010009765625,-0.818359375,-0.11572265625,0.54150390625,0.4375,-0.6875,0.0,4c38c0fc261e6ffd74f913ff55040700f5ff0000,d5060402-a904-deb9-4748-2c7f4a124842
11:05:31.446509,-0.015625,-0.18798828125,0.07763671875,-6.103515625e-05,0.123046875,0.87548828125,-0.75048828125,-64.125,nan,nan,00fff8f3f804fffffc000107fff9fefb,d5060205-a904-deb9-4748-2c7f4a124842
11:05:31.447086,0.87969970703125,-0.05096435546875,0.47100830078125,-0.0399169921875,-0.81640625,-0.1220703125,0.54931640625,-1.625,-0.375,0.0625,4d38bdfc251e72fd78f906ff6504e6fffaff0100,d5060402-a904-deb9-4748-2c7f4a124842
11:05:31.466767,0.879638671875,-0.051513671875,0.4710693359375,-0.03973388671875,-0.82177734375,-0.1318359375,0.544921875,-3.0625,0.25,-0.3125,4c38b4fc261e75fd6df9f2fe5c04cfff0400fbff,d5060402-a904-deb9-4748-2c7f4a124842
11:05:31.483983,0.8795166015625,-0.0518798828125,0.47125244140625,-0.03973388671875,-0.82177734375,-0.1328125,0.5439453125,-1.75,0.625,-0.625,4a38aefc291e75fd6df9f0fe5a04e4ff0a00f6ff,d5060402-a904-deb9-4748-2c7f4a124842
11:05:31.484779,0.06292724609375,0.17230224609375,0.0787353515625,0.07830810546875,-0.24853515625,1.62255859375,-0.37841796875,-80.0,nan,nan,0704070b0a05030503fefb0cf9fc00fb,d5060205-a904-deb9-4748-2c7f4a124842
11:05:31.499177,0.87945556640625,-0.05206298828125,0.471435546875,-0.03961181640625,-0.8193359375,-0.12890625,0.533203125,-1.3125,0.3125,-0.1875,4938abfc2c1e77fd72f9f8fe4404ebff0500fdff,d5060402-a904-deb9-4748-2c7f4a124842
11:05:31.524761,0.87939453125,-0.052490234375,0.47149658203125,-0.03948974609375,-0.8212890625,-0.1240234375,0.55078125,-2.8125,0.6875,-0.625,4838a4fc2d1e79fd6ef902ff6804d3ff0b00f6ff,d5060402-a904-deb9-4748-2c7f4a124842
11:05:31.529313,-0.03143310546875,-0.04522705078125,0.06243896484375,0.04669189453125,-0.00048828125,2.74658203125,-0.74853515625,-32.0625,nan,nan,fdfd1bfdff03fd02fffff91503fafffd,d5060205-a904-deb9-4748-2c7f4a124842
11:05:31.543921,0.87939453125,-0.0528564453125,0.47149658203125,-0.0391845703125,-0.82421875,-0.12109375,0.56201171875,-3.0625,0.4375,-0.1875,48389efc2d1e7efd68f908ff7f04cfff0700fdff,d5060402-a904-deb9-4748-2c7f4a124842
11:05:31.559186,0.87939453125,-0.0531005859375,0.471435546875,-0.03887939453125,-0.81494140625,-0.12939453125,0.54931640625,-2.1875,-0.1875,0.9375,48389afc2c1e83fd7bf9f7fe6504ddfffdff0f00,d5060402-a904-deb9-4748-2c7f4a124842
11:05:31.566682,-0.06243896484375,0.04608154296875,-0.031494140625,-0.10931396484375,-0.00146484375,2.01318359375,-0.37646484375,-48.1875,nan,nan,01fcf302fcfd01f9fdff1b10fdfcfdfc,d5060205-a904-deb9-4748-2c7f4a124842
11:05:31.587885,0.87939453125,-0.0531005859375,0.47137451171875,-0.03887939453125,-0.81103515625,-0.13134765625,0.55517578125,-0.5,-0.1875,0.3125,48389afc2b1e83fd83f9f3fe7104f8fffdff0500,d5060402-a904-deb9-4748-2c7f4a124842
11:05:31.603968,0.87945556640625,-0.0531005859375,0.47137451171875,-0.03887939453125,-0.81005859375,-0.12451171875,0.54150390625,0.9375,-0.1875,-0.625,49389afc2b1e83fd85f901ff55040f00fdfff6ff,d5060402-a904-deb9-4748-2c7f4a124842
11:05:31.604885,0.0,-0.14166259765625,0.03125,0.015625,0.0,2.7568359375,-0.748046875,-112.0,nan,nan,0000eff60002000100000e1604fa00f9,d5060205-a904-deb9-4748-2c7f4a124842
11:05:31.619096,0.87939453125,-0.0531005859375,0.47137451171875,-0.0389404296875,-0.82421875,-0.11376953125,0.552734375,-0.5,0.3125,-1.25,48389afc2b1e82fd68f917ff6c04f8ff0500ecff,d5060402-a904-deb9-4748-2c7f4a124842
