timestamp,emg1,emg2,emg3,emg4,emg5,emg6,emg7,emg8
10:56:10.509992,7.662413485970824,8.985989616752416,11.903354964196799,11.321422705589178,10.545658555027611,6.438206860235327,20.49809479948431,19.522538197366295
10:56:10.523875,7.399328400457762,8.579577193161958,12.196784273182773,10.978958203311818,10.044495841475555,6.246685693932964,19.5188707712269,18.575420679004754
10:56:10.524564,7.137369949285001,8.174544193591608,12.48437323498492,10.63630554448147,9.547012871239904,6.053626502152287,18.543485161804607,17.631852923490836
10:56:10.547199,6.8773155138217605,7.772312987269933,12.764944615271725,10.294795448490534,9.05484720101656,5.859666114842954,17.57519145487491,16.69500725706591
10:56:10.547211,6.6199277186116205,7.374281293766098,13.03737002597178,9.955739188989568,8.569599857860469,5.665444383433271,16.617187643284286,15.76799962845886
10:56:10.561759,6.365948789160397,6.981810646987413,13.300579270508136,9.620416999798234,8.092823258024044,5.471599063521984,15.67259129084209,14.85386506107122
10:56:10.568899,6.116095238951762,6.596215449915754,13.553568888932249,9.290067072724515,7.626009759669355,5.278760886731666,14.744415659359845,13.955534225563936
10:56:10.583823,5.871052957413891,6.218752774090071,13.795409775075688,8.965875298469873,7.1705809939151965,5.087548892475048,13.835547211490068,13.075811424307133
10:56:10.584523,5.631472750179907,5.850613032763998,14.025253741159764,8.648965881582116,6.727878094667747,4.89856607362195,12.948724762558072,12.21735424156254
10:56:10.599088,5.397966363402691,5.492911629621268,14.24233891058114,8.340392945498344,6.29915292289746,4.712395372051552,12.086520509659978,11.382655076082305
10:56:10.606175,5.17110300703209,5.146681656969439,14.445993841590944,8.041133231672147,5.885560356434058,4.529596043585962,11.251323116747729,10.57402473586067
10:56:10.621370,4.951406378621759,4.812867689615652,14.635640331539301,7.752079980095485,5.488151692595329,4.350700399831033,10.445322983598784,9.793578236858098
10:56:10.628740,4.739352178818193,4.492320694355691,14.810794909334486,7.474038052825199,5.107869188466545,4.176210927173253,9.67049977914656,9.043222907667012
10:56:10.643708,4.535366100697242,4.1857940513773775,14.971069066664217,7.207720329413276,4.745541743398929,4.006597778511761,8.928612280256507,8.324648860417138
10:56:10.644657,4.339822267691989,3.8939406643056764,15.116168296311603,6.9537453676383345,4.401881712268275,3.8422966298135646,8.22119052704096,7.6393218458588965
10:56:10.659243,4.1530420922049505,3.6173111210193394,15.245890012476071,6.712636287562186,4.077482827354854,3.6837068914616093,7.54953028239783,6.988478470112385
10:56:10.666278,3.9752935317187723,3.3563528569593073,15.360120441914825,6.48482080394942,3.772819199911055,3.5311902640686177,6.914689762813552,6.373123715805925
10:56:10.681321,3.806790728691995,3.111410264473001,15.458830601030954,6.27063230488741,3.488245366554599,3.385069629399735,6.317488587930885,5.79403068344953
10:56:10.688798,3.647694028668451,2.8827256847789093,15.542071504363216,6.0703118577156125,3.223997338616855,3.2456282677135984,5.758508878295369,5.251742448811302
10:56:10.711213,3.4981103744204174,2.6704412138389624,15.60996877330948,5.884011020420245,2.9801946048790167,3.1131093916282384,5.238098414837802,4.746575916361149
10:56:10.712678,3.3580940737773157,2.4746012501304055,15.662716824887955,5.7117953455552355,2.7568430310247884,2.987715983358932,4.7563757600214975,4.278627535729283
10:56:10.718839,3.2276479373531783,2.295155710827302,15.700572817795459,5.55364847674191,2.55383859287185,2.869610918352431,4.313237227692062,3.847780736675396
10:56:10.734571,3.106724780472129,2.131963843699411,15.723850515565148,5.409476745668563,2.3709718745936392,2.7589173557809694,3.908365574561298,3.4537149286551574
10:56:10.741367,2.995229281256635,1.984798565759976,15.732914193630565,5.279114175486957,2.2079332578932105,2.6557193758333733,3.5412402706473354,3.0959159048642375
10:56:10.749730,2.893020184147634,1.8533512655083717,15.72817267328891,5.162327786965541,2.0643187241270518,2.5600628449581504,3.2111491907216374,2.7736874872864883
10:56:10.763804,2.7999128345520683,1.7372370117324483,15.710073520494351,5.05882309485667,1.9396361892283587,2.471956492569217,2.917201556505533,2.4861642466883342
10:56:10.772152,2.7156820248541815,1.636000117291659,15.67909741018598,4.968249683271003,1.833312291078764,2.3913731856625704,2.6583419516448807,2.2323251283997885
10:56:10.778894,2.6400651243655306,1.5491200108953946,15.635752632630082,4.890206765011408,1.7446995503368405,2.3182513905555933,2.433365227534831,2.011007811793248
10:56:10.787022,2.572765456829074,1.4760173730490018,15.580569709110776,4.824248655813665,1.6730838278008353,2.2524968123797406,2.240932115187848,1.8209236304253862
10:56:10.801340,2.5134558802206124,1.4160604931545517,15.51409609217226,4.769890119530902,1.6176920032358908,2.1939842019216913,2.079585355160667,1.6606728828541273
10:56:10.809732,2.4617825160637956,1.3685718031150114,15.436890952824179,4.7266115574176375,1.577699801877577,2.142559315655531,1.9477661557814698,1.5287603719497167
10:56:10.823830,2.4173685709649715,1.3328345399501695,15.349520100569096,4.693864023820544,1.5522396960467124,2.0980410091432793,1.8438307919901837,1.4236110211388628
10:56:10.832173,2.3798181940278527,1.3080994874619878,15.252551127232678,4.671074053940414,1.540408810956094,2.060223438010802,1.7660671633478973,1.3435854259862632
10:56:10.838816,2.348720321495475,1.2935917452743795,15.146548892149113,4.657648287704653,1.5412767653261426,2.028878336562986,1.7127111388448149,1.286995207076573
10:56:10.847063,2.3236524715913056,1.2885174719738026,15.032071463140273,4.652977868259385,1.5538933780811655,2.0037573435632345,1.6819625265105909,1.2521180367512335
10:56:10.861321,2.3041844620470493,1.2920705474109822,14.909666599309464,4.656442587440917,1.5772961726072687,1.9845943476778893,1.6720005159247915,1.2372122206631084
10:56:10.869678,2.289882026158167,1.3034390982424462,14.779868820613848,4.667414748865808,1.610517611202185,1.9711078295591278,1.680998451049847,1.2405307261274883
10:56:10.883782,2.2803103021263036,1.3218118311021771,14.643197067611633,4.685262726006468,1.6525919950877932,1.9630031817044817,1.7071378020604646,1.2603345604193048
10:56:10.892147,2.275037170096056,1.3463841190295862,14.500152923064423,4.709354207192753,1.7025619688918079,1.9599749907662436,1.7486212222664854,1.2949054108363447
10:56:10.899038,2.2736364146144488,1.3763637881008044,14.351219356463307,4.739059136585258,1.7594845720006924,1.9617092698330663,1.8036846002996139,1.3425574656232302
10:56:10.907050,2.2756906955150193,1.4109765522591988,14.196859971854508,4.773752374024676,1.8224367837275668,1.9678856299113656,1.8706080431693188,1.4016483447765942
10:56:10.921526,2.280794314058602,1.4494710453170492,14.037518783667586,4.812816104470348,1.890520517587799,1.9781793808179142,1.9477257461635238,1.4705890841701093
10:56:10.936325,2.288555762254052,1.4911234001792548,13.873620591352697,4.855642029627531,1.962867033489707,1.992263553299443,2.0334347188676154,1.5478531321688591
10:56:10.943907,2.2986000425372017,1.5352413268244045,13.705572044644732,4.9016333723777175,2.0386407527632704,2.0098108366001872,2.126202345749999,1.6319843298143915
10:56:10.952026,2.3105707439284875,1.5811676439245006,13.533763477536745,4.950206721700832,2.1170424751006207,2.030495427294601,2.224572769300491,1.7216038515984529
10:56:10.966208,2.324131861219013,1.62828322693861,13.358571551210735,5.000793743597059,2.197312006663732,2.053994784658715,2.327172096160812,1.8154160859538684
10:56:10.967746,2.33896934677227,1.6760093501320898,13.180362699779346,5.052842781726495,2.2787302166168577,2.0799912857900815,2.4327124418589774,1.912213436942397
10:56:10.981526,2.3547923885843236,1.7238094201654786,12.999497325145091,5.105820369926102,2.360620547663704,2.108173772109453,2.539994846864015,2.01088003428173
10:56:10.989749,2.3713344097781466,1.7711901203724387,12.816334639201507,5.159212678306743,2.442350015494088,2.1382389797219523,2.6479111156597868,2.1103943483550336
10:56:11.003939,2.3883537820757765,1.817702002731945,12.631238003632696,5.212526914597261,2.5233297413745346,2.1698928499317867,2.7554446500950096,2.209830718627866
10:56:11.012123,2.405634241390279,1.8629395763162826,12.44458057130615,5.265292699618523,2.6030150696223084,2.2028517213564545,2.8616703645416486,2.3083598164158183
10:56:11.026262,2.4229849920742113,1.9065409473990287,12.256750988617537,5.317063427553053,2.680905325603104,2.236843408846215,2.965753779551041,2.405248076223934
10:56:11.027666,2.440240490563536,1.9481870697496686,12.068158874838154,5.367417608506369,2.756543269653167,2.2716081754189728,3.0669493921319435,2.4998561446788523
10:56:11.041463,2.457259908108171,1.9876006652656293,11.87923975576366,5.415960175995104,2.829514299205384,2.306899602215124,3.1645984169097297,2.591636411884753
10:56:11.049826,2.4739262820158747,2.0245448746237074,11.690459103166729,5.462323729564697,2.8994454475576914,2.342485358989435,3.2581259860154232,2.6801297044978707
10:56:11.064278,2.490145372873085,2.0588216944719946,11.502315134624263,5.506169675833276,2.966004224361951,2.3781478745407,3.3470378880860086,2.7649612304025633
10:56:11.071995,2.5058442530536817,2.0902702523363432,11.31534008262537,5.54718923075964,3.028897339259153,2.4136849032321224,3.430916918853491,2.8458358711001264
10:56:11.086509,2.5209696617963804,2.1187649640389465,11.130099759641615,5.585104251881143,3.0878693448605854,2.448909980351383,3.509418907945906,2.9225329218770963
10:56:11.087710,2.5354861727410896,2.144213611738919,10.94719140692845,5.6196678835367,3.1427012289667697,2.4836527555116494,3.5822684797294255,2.994900384188342
10:56:11.101507,2.549374226446007,2.166555373839653,10.767239970650321,5.650665021936684,3.1932089806774195,2.5177591909293517,3.649254602167101,3.062848919890591
10:56:11.109631,2.5626280800204673,2.18575883120881,10.590893055293813,5.677912634427173,3.239242152471339,2.551091612102848,3.7102259781533142,3.126345580570466
10:56:11.124091,2.5752537194436145,2.2018199681608883,10.418814848562503,5.701259986001637,3.280682440003969,2.5835286025273767,3.765086337482461,3.1854074246151067
10:56:11.132106,2.5872667704080503,2.2147601821086997,10.251679310333168,5.72058882705782,3.3174423011884775,2.614964740387806,3.813789691289265,3.2400951295841063
10:56:11.146415,2.598690433829273,2.2246243125064096,10.090162896256173,5.735813580523129,3.349463633870635,2.645310182080852,3.8563356118501306,3.290506699331289
10:56:11.147727,2.609553465334499,2.231478697029902,9.934937062839493,5.746881541107296,3.376716526419223,2.674490103385795,3.8927645988002744,3.3367713555347662
10:56:11.168944,2.6198882158478636,2.2354092609158487,9.78666078101612,5.7537730717915165,3.39919808884308,2.7024440131466636,3.923153589379711,3.379043692452833
10:56:11.170212,2.6297287524086164,2.2365196448820908,9.645973264083002,5.756501757579747,3.4169313649271467,2.7291249568813547,3.947611666492857,3.417498162169503
10:56:11.183928,2.639109082290423,2.2349293785296007,9.513487086293338,5.755114458522062,3.4299643196449394,2.7544986297052603,3.966276014354922,3.4523239456524295
10:56:11.191551,2.648061506797445,2.230772108815401,9.389781829053025,5.749691198541407,3.4383688924767744,2.778542419125852,3.9793081662541825,3.483720252856265
10:56:11.207345,2.6566151321094886,2.224193895688175,9.27539834726305,5.740344836035495,3.4422401069086614,2.8012443979369164,3.9868905810726223,3.511892082803004
10:56:11.208523,2.6647945622425353,2.215351587966634,9.170833704851423,5.7272204805765865,3.441695227013949,2.822602286108213,3.989223574464332,3.5370464619597395
10:56:11.221526,2.6726187931355376,2.2044112910206,9.07653679149111,5.7104946363445555,3.436872950123871,2.8426223995318325,3.9865226182864446,3.559389166781929
10:56:11.229544,2.680100317779499,2.191546933704332,8.992904606177968,5.690374061116206,3.4279326195474704,2.8613186031571174,3.979016009586873,3.5791219246763553
10:56:11.243796,2.687244442597491,2.1769389364668,8.920279177610748,5.667094331123493,3.4150534364506946,2.8787112857679964,3.9669428991303572,3.596440076802712
10:56:11.251515,2.694048808381446,2.1607729770804633,8.858945080997335,5.640918100031017,3.398433649435713,2.89482637325248,3.9505516597867385,3.611530675518743
10:56:11.273866,2.700503107260338,2.143238845631653,8.80912750108626,5.612133036290421,3.3782897053154013,2.909694397310192,3.930098567767479,3.624570979029005
10:56:11.275212,2.7065889896472144,2.124529376717719,8.770990781713287,5.5810494198582825,3.3548553530166525,2.923349637111004,3.9058467642758363,3.6357272974210106
10:56:11.281550,2.712280158593265,2.1048394454218635,8.744637396477552,5.547997382862379,3.328380701342446,2.9358293514497893,3.8780654598215536,3.6451541398534406
10:56:11.289534,2.7175426502109477,2.0843650155823967,8.730107279355195,5.513323796318304,3.299131238306875,2.9471731175964844,3.8470293366759347,3.652993612731235
10:56:11.303882,2.7223352964023873,2.063302232995117,8.727377475649044,5.477388837105031,3.2673868241175557,2.957422289789577,3.8130180969879093,3.659375021464253
10:56:11.311408,2.726610360191762,2.041846559891104,8.73636211343626,5.440562306379543,3.233440671564799,2.9666195846836594,3.776316097436411,3.6644146327274068
10:56:11.326388,2.7303143255695193,2.0201919488682805,8.75691273951502,5.40321979857762,3.197598326808441,2.9748087935501233,3.737212010007117,3.6682155619698023
10:56:11.327800,2.7333888151559917,1.9985300547917715,8.788819091011005,5.3657388312305665,3.160176660810542,2.9820346136236426,3.695998455021201,3.670867764309398
10:56:11.341563,2.735771603615066,1.9770494828635798,8.831810374262002,5.328495041036645,3.1215028779000473,2.988342585751701,3.6529715640779137,3.672448123698874
10:56:11.349541,2.737397695401154,1.955935070821876,8.885557101520934,5.291858536578778,3.081913544316242,2.9937791231343622,3.608430440827705,3.6730206496511433
10:56:11.363945,2.738200441686006,1.935367203705559,8.949673503906816,5.256190478594868,3.0417536362841795,2.9983916158446013,3.56267649309705,3.672636798668086
10:56:11.379046,2.7381126792974935,1.915521160591623,9.023720503154625,5.221839938913262,3.001375602995307,3.0022285971632465,3.516012612878989,3.6713359391612403
10:56:11.386380,2.737067879853823,1.8965664926955512,9.107209187822038,5.189141071021692,2.9611384334372444,3.0053399597969186,3.4687421853976925,3.6691459766746246
10:56:11.387650,2.735001298309075,1.8786664298198976,9.19960470217553,5.158410609012992,2.921406707704006,3.007777211309843,3.421167917634516,3.6660841519992156
10:56:11.401468,2.731851108139904,1.8619773076270958,9.300330419495442,5.129945697332034,2.8825496058257967,3.0095937566696143,3.3735904898626186,3.6621580187645213
10:56:11.409528,2.7275595077402244,1.846648003578264,9.408772241899477,5.104022042876858,2.844939844028716,3.010845191589514,3.32630704782407,3.6573666003832765
10:56:11.423866,2.72207378102934,1.8328193671050916,9.524282858292711,5.080892377132229,2.8089525119428536,3.011589586168955,3.2796095651242796,3.6517017195627153
10:56:11.431465,2.7153472957936313,1.8206236312903352,9.646185816200969,5.060785221367737,2.7749637928201403,3.0118877372769997,3.2337831135639177,3.645149486184529
10:56:11.447513,2.7073404257761746,1.8101837988344935,9.773779328199046,5.043903958780089,2.7433495575365394,3.011803370173038,3.1891040827386226,3.637691920172336
10:56:11.449419,2.6980213854143713,1.8016130024405126,9.906339823274488,5.030426225089763,2.714483828856126,3.0114032724198756,3.145838389423302,3.629308676186108
10:56:11.461507,2.6873669676296505,1.7950138462724883,10.043125334362086,5.020503626964081,2.6887371156142295,3.010757344867796,3.104239713927508,3.6199788303527205
10:56:11.469635,2.6753631753463125,1.7904777385348134,10.183378857928316,5.014261786105217,2.6664746190634556,3.0099385569856763,3.0645477980419846,3.6096826889769527
10:56:11.483809,2.662005738331209,1.7880842244441046,10.326331825542438,5.011800691092366,2.648054316845392,3.009022798916731,3.0269868393664154,3.5984035841349935
10:56:11.491492,2.647300509947566,1.7879003249167964,10.471207805040866,5.013195324945595,2.6338249339657978,3.008088629522007,2.9917640182221303,3.586129625954374
10:56:11.506386,2.6312637432096793,1.7899798821346506,10.617226516974421,5.0184965279088125,2.624123813525301,3.0072169259301673,2.9590681923988553,3.5728553813488566
10:56:11.507762,2.6139222505565893,1.7943629120823894,10.763608220420812,5.027732052253861,2.619274701488157,3.006490444431445,2.929068789322599,3.558583443438547
10:56:11.521538,2.5953134556683564,1.8010749674499615,10.909578494784443,5.040907764945056,2.6195854602664976,3.0059933051905516,2.9019149152461563,3.5433258485170955
10:56:11.536508,2.5754853480655897,1.8101265204258723,11.054373421881177,5.058008950627806,2.625345727610984,3.005810414433224,2.8777346887113615,3.5271052932121623
10:56:11.551372,2.5544963523052955,1.8215123812294258,11.197245153127819,5.079001661723204,2.6368245408435356,3.0060268367610177,2.856634793217063,3.509956106676219
10:56:11.552730,2.5324151237862633,1.8352111729947287,11.337467825327563,5.103834057843424,2.6542679502581747,3.006727126559036,2.8387002343207266,3.4919249413556743
10:56:11.566693,2.509320283710795,1.8511848862594051,11.474343765274142,5.132437675724159,2.677896648545621,3.0079946224880825,2.823994281198885,3.4730711583587466
10:56:11.567862,2.485300107325814,1.8693785367497227,11.607209906846771,5.164728573702366,2.707903646532672,3.009910705608053,2.812558572143394,3.4534668956120673
10:56:11.582130,2.460452180534345,1.8897199487429752,11.73544434399572,5.200608302945888,2.7444520306367313,3.0125540215809425,2.804413366350503,3.4331968164122477
10:56:11.589540,2.4348830374190906,1.9121196840767753,11.85847295781885,5.239964674698458,2.7876728429191124,3.015999670245402,2.79955792903778,3.4123575438604337
10:56:11.603907,2.4087077840645477,1.936471135162739,11.975776072073934,5.282672318144342,2.8376631273597366,3.020318370008872,2.7979710412468304,3.3910567957518194
10:56:11.611477,2.382049703954041,1.9626507996064229,12.086895092295343,5.328593047868652,2.8944841843311537,3.0255756088799473,2.7996116270650924,3.369412244967992
10:56:11.627338,2.3550398300385216,1.990518753298103,12.191439061295142,5.377576072359583,2.9581600705321223,3.0318307987691595,2.8044194883489104,3.3475501395715668
10:56:11.629051,2.3278164612180725,2.01991933662697,12.289091024249808,5.429458073913055,3.028676376369477,3.03913645512253,2.812316132603206,3.3256037222613353
10:56:11.641457,2.3005245988287566,2.0506820641843913,12.379614056569778,5.484063183362899,3.1059793085533296,3.0475374286323174,2.8232056778647046,3.3037114908937086
10:56:11.656959,2.273315282563234,2.0826227627581217,12.462856785980177,5.541202868132547,3.189975102729214,3.0570702176184157,2.836975822282562,3.2820153426030507
10:56:11.671174,2.2463448133008312,2.11554493703744,12.538758245638277,5.600675752765302,3.280529788578073,3.0677623879794975,2.853498874715741,3.2606586454444333
10:56:11.672752,2.2197738592770175,2.149241358294264,12.607351919258509,5.6622673997006086,3.377469326644985,3.079632123279066,2.872632851970018,3.239784283386703
10:56:11.687099,2.1937664493789155,2.1834958683452714,12.668768862045559,5.725750095942813,3.480580131221928,3.0926879222127455,2.8942226543703673,3.2195327213644847
10:56:11.688755,2.168488862696076,2.2180853882990856,12.72323978809644,5.790882713752545,3.5896099876310226,3.106928456085545,2.9181013334898807,3.2000401351381984
10:56:11.701311,2.1441084277289293,2.2527821177758742,12.77109600932724,5.857410730325075,3.7042693675060048,3.1223425954387194,2.944091466117068,3.181436645037645
10:56:11.709594,2.12079224836506,2.287355905103513,12.812769109543106,5.925066495183388,3.824233143497162,3.1389096109424885,2.972006648858897,3.1638446840496433
10:56:11.723730,2.0987058758197774,2.321576762960918,12.848789251114933,5.993569825360702,3.9491427036445454,3.156599547073816,3.0016531278857155,3.1473775212100654
10:56:11.731318,2.07801194445507,2.3552174977051847,12.879782036556032,6.062628992363295,4.078608462194439,3.1753737581142305,3.0328315763537543,3.132137953073044
10:56:11.746211,2.05886878450613,2.3880564145939656,12.9064638757886,6.131942145400125,4.212212756099665,3.1951855871601293,3.0653390264182208,3.118217170463332
10:56:11.747897,2.041429018732907,2.4198800557094273,12.929635845675103,6.201199194801718,4.34951310648553,3.215981162878562,3.098970953430091,3.1056938048364757
10:56:11.761327,2.025838146727604,2.4504859230950724,12.950176077938128,6.270084160166486,4.490045815780821,3.237700286985714,3.133523497963901,3.0946331575740627
10:56:11.776989,2.0122331224412573,2.479685136642817,12.969030769459941,6.338277971804961,4.633329866289748,3.2602773875918203,3.1687957981524923,3.085086615508223
10:56:11.783663,2.000740936584704,2.5073049743196028,12.987203961163077,6.405461702457859,4.778871083172457,3.2836425181755824,3.204592392568085,3.0770912562207866
10:56:11.791332,1.9914772226110815,2.5331912409649444,13.005746267969315,6.4713201978659844,4.926166520877198,3.3077223868467565,3.2407256457008775,3.0706696463245335
10:56:11.806180,1.9845449098376609,2.557210411367119,13.025742758323414,6.535546066981749,5.0747090257377465,3.33244140346467,3.277018145730936,3.0658298338893646
10:56:11.807676,1.9800329488976152,2.5792514950817194,13.048300176510418,6.597843983094708,5.223991919884155,3.357722731804959,3.3133050258101067,3.062565532442586
10:56:11.821374,1.9780151340244954,2.5992275765794792,13.074533680708342,6.657935234966306,5.373513744715432,3.3834893312475565,3.349436161561766,3.0608564905148925
10:56:11.829548,1.9785490447395517,2.6170769960439366,13.105553250510992,6.715562452480653,5.522782997187073,3.4096649703789557,3.385278197239707,3.060669039365698
10:56:11.843684,1.9816751267382848,2.6327641524985963,13.1424499172403,6.770494414369523,5.671322788638086,3.4361751958095668,3.4207163518717985,3.0619568114213767
10:56:11.851446,1.9874159286514153,2.646279928378018,13.18628199336372,6.822530825561671,5.8186753518241,3.462948242563206,3.4556559555309128,3.064661620483379
10:56:11.867403,1.995775508792767,2.6576417483212844,13.238061508763813,6.8715069289841635,5.964406315810008,3.489915874417016,3.49002366529806,3.068714490928544
10:56:11.881375,2.0067390242265626,2.6668932914355508,13.298741077609467,6.917297794945107,6.108108661668247,3.517014141530305,3.5237683137375764,3.07403681839817
10:56:11.888682,2.0202725125666268,2.6741038759204145,13.369201406595396,6.959822117436156,6.2494062675025335,3.5441840400524525,3.556861354164504,3.080541640444976
10:56:11.890328,2.036322874071292,2.679367531441632,13.45023961824838,6.9990453471947935,6.38795695038548,3.571372057446569,3.589296886056192,3.0881349922692305
10:56:11.903668,2.0548180582641518,2.6828017716392574,13.542558516003638,7.034982008417822,6.523454914541895,3.598530589177654,3.6210912631033216,3.09671731910258
10:56:11.911342,2.075667456499432,2.684546077572775,13.6467568723191,7.06769707818596,6.655632521420837,3.6256182151424037,3.652282297968203,3.1061849128856074
10:56:11.926407,2.098762499743484,2.6847601021386875,13.763320784542111,7.097306351723905,6.784261314400718,3.652599826221489,3.682928081674092,3.1164313383325295
10:56:11.933874,2.123977458264478,2.6836216065321055,13.89261612149617,7.123975766663115,6.909152263430581,3.6794465944922754,3.713105438102655,3.1273488152322217
10:56:11.948727,2.151170435702497,2.6813241452226495,14.034882077301214,7.147919707322309,7.030155240084757,3.7061357872454077,3.742908040911216,3.1388295321320574
10:56:11.950195,2.1801845441956407,2.678074526307038,14.190225847781077,7.16939834983391,7.14715778114103,3.7326504330329193,3.7724442308458848,3.150766880237005
10:56:11.963693,2.210849241340986,2.6740900863080372,14.358618435261905,7.188714138795566,7.260083236548055,3.7589788523929757,3.80183458097538,3.1630566099296766
10:56:11.978888,2.242981805359041,2.6695958277054803,14.539891566581836,7.2062075047998455,7.368888417427408,3.785114064238136,3.8312092620670004,3.1755979192411306
10:56:11.986527,2.276388922169452,2.6648214707110336,14.733735689363485,7.222251938883271,7.473560861014751,3.8110530745441618,3.8607052609947248,3.1882944814263827
10:56:12.001329,2.3108683562771275,2.6599984685772924,14.939699011199727,7.237248536674132,7.574115817977201,3.8367960529286953,3.8904635047753056,3.20105541045436
10:56:12.008723,2.3462106759577805,2.6553570313376116,15.157187572946789,7.251620115884978,7.6705930531960025,3.862345408277748,3.9206259430047594,3.2137961536635693
10:56:12.010248,2.382201002809121,2.651123199465096,15.385466389339136,7.265805000181317,7.763053545139142,3.8877047851072377,3.951332641357081,3.2264392934434185
10:56:12.023702,2.418620756711024,2.6475160070556476,15.623661725621218,7.2802505556862425,7.851576177774305,3.912878013099573,3.9827189371359326,3.2389152359871423
10:56:12.031313,2.455249368949818,2.64474477221507,15.870764595858047,7.295406568203926,7.936254537485153,3.937868049306365,4.014912703993481,3.251162765948388
10:56:12.046157,2.4918659376793153,2.6430065493610653,16.12563557485381,7.311718558956302,8.017193941674845,3.962675955060403,4.048031767026824,3.2631294517531244
10:56:12.054011,2.528250801147983,2.6424837748352514,16.387011023022897,7.32962114709424,8.094508824960373,3.9872999487536753,4.082181501949029,3.2747718955795286
10:56:12.068970,2.5641870070559194,2.6433421343890524,16.653510828116733,7.34953157094899,8.168320593831037,4.011734571600258,4.117452643199905,3.286055830793535
10:56:12.077029,2.5994616625989395,2.6457286782017935,16.923647754823932,7.371843474734591,8.238756038772605,4.035969995504466,4.153919317068471,3.296956075232033
10:56:12.083908,2.633867158293837,2.649770205004743,17.195838457774656,7.396921056064005,8.30594636849835,4.059991490412572,4.1916373106752465,3.307456352103227
10:56:12.091348,2.667202267474633,2.655571931853392,17.46841616265431,7.425093657175512,8.37002690320886,4.083779055933985,4.2306425896150435,3.317548994842859
10:56:12.106301,2.6992731318491354,2.663216461667545,17.739644959697134,7.456650873401293,8.431137431767757,4.107307213239711,4.270950085513116,3.3272345597364383
10:56:12.113983,2.729894151742291,2.6727630576512826,18.00773558267792,7.4918382464203495,8.489423203479655,4.13054495164675,4.312552783800865,3.336521377919654
10:56:12.128802,2.758888805675636,2.684247231182382,18.27086246584448,7.5308536033717255,8.545036491777784,4.153455829050307,4.355421145562707,3.3454250821882914
10:56:12.130250,2.7860904249192,2.6976806465836747,18.52718179229326,7.573844092512667,8.59813863611624,4.175998231490802,4.399502893872085,3.3539681418863836
10:56:12.143812,2.8113429444992835,2.7130513422448437,18.77485018885843,7.620903951815193,8.648902441523033,4.198125799101989,4.444723186796472,3.3621794318763305
10:56:12.151451,2.834501646107766,2.7303242628806177,19.012043701175344,7.672073030535045,8.69751479663149,4.2197880216994745,4.490985188501927,3.37009385100023
10:56:12.166295,2.8554339037636773,2.749442091828153,19.236976701539902,7.727336067302136,8.744179364675325,4.240931000306576,4.5381710378855376,3.377751992745837
10:56:12.173826,2.8740199403198323,2.7703263652150145,19.447920426882863,7.786622713902063,8.789119207556512,4.26149836549344,4.5861432019286825,3.3851998567979957
10:56:12.188776,2.890153600143824,2.7928788424663775,19.64322088845091,7.849808282942118,8.832579213672222,4.281432341562696,4.63474618982705,3.392488576492857
10:56:12.190228,2.903743139413047,2.8169831011801016,19.821315916117072,7.916715188196528,8.874828205771685,4.300674945676426,4.683808594855082,3.399674127469935
10:56:12.203715,2.9147120312426917,2.8425063203427388,19.980751093327843,7.987115034782571,8.916160601042016,4.319169309465226,4.733145423515318,3.4068169804279624
10:56:12.211521,2.9229997794066285,2.869301215153475,20.120194317312492,8.060731301437755,8.956897487707888,4.336861105140508,4.782560665359054,3.4139816655401614
10:56:12.226279,2.9285627315257736,2.8972080879779476,20.238448707786088,8.13724254367011,8.997386984100132,4.3537000494283244,4.831850053084045,3.4212362240759147
10:56:12.233970,2.9313748792397307,2.92605695993154,20.33446361095799,8.216286040513186,9.038003770256966,4.369641449817646,4.880803962193957,3.428651531790726
10:56:12.248779,2.9314286283243143,2.955669744496973,20.407343517086687,8.297461809636989,9.079147731885655,4.384647751153201,4.92921040096733,3.4363004900481617
10:56:12.250217,2.928735515969047,2.9858624196566343,20.456354814311673,8.380336920291887,9.121241721232883,4.398690036958198,4.976858041696172,3.4442570953119813
10:56:12.263776,2.923326845966337,3.0164471513217976,20.480930397961835,8.464450036404722,9.1647285013327,4.411749438282233,5.023539242033506,3.452595412122326
10:56:12.271322,2.9152542061689246,3.0472343216293813,20.48067220642825,8.549316124527754,9.210066987017877,4.423818402348419,5.069053001940457,3.461388483948013
10:56:12.286247,2.9045898273727477,3.0780344223005587,20.455351760724167,8.634431268870431,9.257727925229098,4.434901773753205,5.113207798980893,3.470707218613734
10:56:12.293871,2.8914267405590253,3.108659783156852,20.40490877537169,8.719277552189462,9.308189169520658,4.4450176443670895,5.155824244962104,3.4806192817421495
10:56:12.308867,2.8758786927364572,3.138926114733354,20.329447917618932,8.803327984789004,9.361930701131998,4.454197936501767,5.196737512716519,3.491188024772251
10:56:12.310232,2.8580797924992654,3.1686538507437527,20.22923383614268,8.886051486794733,9.419429536295086,4.462488696730373,5.2357994941016175,3.5024714655205758
10:56:12.323768,2.8381838737992284,3.1976692839797254,20.10468464774255,8.96691794296688,9.481154642647846,4.469950092568718,5.272880667142667,3.514521331472822
10:56:12.331524,2.8163635853550626,3.225805499794276,19.956364127680267,9.045403350780285,9.547561970162546,4.476656119407694,5.3078716674779125,3.5273821714182954
10:56:12.346412,2.792809227974697,3.252903121767998,19.784972863898247,9.120995072922794,9.619089684391053,4.482694039028976,5.340684572469013,3.5410905398927928
10:56:12.361568,2.767727370810911,3.278810890599219,19.591338600791907,9.193197188256885,9.696153671570467,4.488163581075223,5.371253913018948,3.555674258647822
10:56:12.368781,2.7413392817620608,3.303386099253995,19.376405938140433,9.261535913913605,9.779143365710215,4.493175943612783,5.399537428276623,3.571151757264677
10:56:12.370204,2.7138792083303134,3.326494907233159,19.141225501681213,9.325565050511807,9.86841792780854,4.497852630519237,5.425516573375854,3.587531491365593
10:56:12.383952,2.6855925429502348,3.348012556587805,18.886942690628917,9.384871389065351,9.964302789835017,4.502324165233216,5.449196782633208,3.6048114350602027
10:56:12.399551,2.6567339010814286,3.367823513429171,18.614786138123968,9.439080014080558,10.067086566195647,4.506728722981043,5.470607484244669,3.6229786474906702
10:56:12.406234,2.627565133092108,3.3858215615288207,18.326056072808402,9.487859436593146,10.177018336864858,4.511210723910612,5.48980186084035,3.642008921080276
10:56:12.413973,2.5983532845808894,3.4019098777815744,18.02211281057941,9.530926485462448,10.294305315884984,4.5159194245135,5.506856352367436,3.661866527208074
10:56:12.428833,2.5693685154294337,3.4160011206927647,17.70436561081462,9.568050873551893,10.419110924984547,4.5210075343947915,5.52186989977248,3.68250407953209
10:56:12.430231,2.540881985480028,3.4280175616006323,17.374262100838482,9.599059340465327,10.551553283994648,4.5266298725443805,5.534962928474296,3.703862535301564
10:56:12.443826,2.5131637143550405,3.437891284208174,17.033278424258647,9.623839256846557,10.691704107982657,4.532942064829717,5.546276072478339,3.725871352782841
10:56:12.452040,2.4864804249519024,3.4455644721494036,16.682910220179267,9.642341559996163,10.83958797594655,4.540099275403788,5.555968646314508,3.7484488211877616
10:56:12.466326,2.461093383865202,3.4509897978966904,16.32466449726706,9.654582887399032,10.995181918811864,4.548254961936706,5.564216883137589,3.771502579690506
10:56:12.474171,2.437256255627716,3.454130919513358,15.960052429227485,9.660646796866148,11.158415272647094,4.557559648771358,5.571211971409193,3.794930342717478
10:56:12.488818,2.4152129905657915,3.4549630840336767,15.590583066577931,9.660684011150602,11.32916975851325,4.5681597199345925,5.577157936669613,3.8186208464227884
10:56:12.490103,2.395195769153047,3.4534738278559347,15.217757933428226,9.654911685094937,11.507279776885717,4.580196240254101,5.582269425485602,3.842455024609054
10:56:12.503966,2.377423028860221,3.449663756720949,14.843066455015757,9.643611743036889,11.692532928754721,4.593803815545415,5.586769452440031,3.866307412701915
10:56:12.512423,2.362097600335644,3.443547381430706,14.467982139078511,9.627128365341942,11.884670786678193,4.609109503767448,5.5908871664952935,3.890047767898486
10:56:12.526302,2.3494049764884997,3.435153979670236,14.093959409946143,9.605864722177884,12.083389936242469,4.626231790223789,5.594855680967972,3.9135428831365027
10:56:12.534041,2.3395117313882343,3.4245284477133047,13.7224309688485,9.580279064817697,12.288343296696436,4.6452796412607436,5.5989099939362035,3.936658561241423
10:56:12.549167,2.332564098051868,3.411732098788107,13.35480553302786,9.55088028676461,12.499141713765585,4.66635165109843,5.603285006429379,3.9592617024382855
10:56:12.550352,2.328686707447826,3.396843360537922,12.99246580186581,9.518223058878624,12.715355800829343,4.689535293653198,5.608213628241742,3.981222444424842
10:56:12.564193,2.327981487421019,3.3799583255665304,12.636766519590198,9.482902632218646,12.936517991087188,4.714906284224467,5.6139249490189425,4.002416282977109
10:56:12.572105,2.3305267207646683,3.361191116292287,12.2890325441642,9.445549395100473,13.162124761133366,4.742528045294348,5.620642446607206,4.022726096019461
10:56:12.586347,2.336376265334676,3.340674034594404,11.950556870333926,9.406823265168116,13.391639003434383,4.772451259341539,5.628582205127406,4.042043996290997
10:56:12.608926,2.3455589436728035,3.318557474756436,11.622598577165286,9.367407991206132,13.624492560987603,4.804713484043862,5.6379511213818505,4.060272946921767
10:56:12.609292,2.3580781135458304,3.2950095848605723,11.30638067767111,9.32800543502826,13.860088979004342,4.8393388054448,5.648945089589282,4.07732809007091
10:56:12.610989,2.373911433678553,3.2702156691225372,11.003087847066638,9.289329901654684,14.097806556836096,4.87633751341942,5.661747169559644,4.093137759320587
10:56:12.623821,2.3930108402438237,3.244377333413749,10.71386400061303,9.252102582404454,14.337001786037256,4.915705798901641,5.676525759588196,4.10764416728867
10:56:12.632027,2.415302748736791,3.2177113876694787,10.439809684083608,9.217046166643247,14.577013238524568,4.957425489971174,5.693432809516979,4.120803776783274
10:56:12.646207,2.4406884929869994,3.1904485283799096,10.181979233830281,9.184879663808227,14.817165933384691,5.001463858855546,5.712602118504662,4.132587375685993
10:56:12.653766,2.469045009130835,3.1628318279464755,9.94137766647293,9.156313461742181,15.056776175675271,5.047773539215312,5.734147763787279,4.142979883395413
10:56:12.668639,2.5002257674585002,3.1351150548616853,9.718957275929297,9.132044633924684,15.295156834780018,5.09629259139879,5.758162701267524,4.1519799206019865
10:56:12.670495,2.534061948602631,3.107560842895627,9.51561394486864,9.112752496851412,15.53162301188268,5.146944745471415,5.784717568862869,4.15959917501806
10:56:12.684037,2.570363853042749,3.0804387228603827,9.332183209136636,9.099094408037777,15.765498025275695,5.19963984149337,5.813859712126236,4.165861595159379
10:56:12.691999,2.6089225264401574,3.054023028885197,9.169436139206077,9.09170178606456,15.996119611789428,5.254274476275992,5.845612439691886,4.170802443975939
10:56:12.721154,2.649511579769618,3.02859069191856,9.028075117998094,9.091176329285151,16.222846207902005,5.31073285711642,5.87997450305968,4.174467243751452
10:56:12.722803,2.6918891821891378,3.004418934696296,8.908729596725959,9.098086408975442,16.44506314417262,5.368887856027769,5.916919781955141,4.176910641755085
10:56:12.728675,2.735800203821762,2.9817828829882758,8.81195189859049,9.1129636123176,16.66218856527656,5.4286022518026655,5.956397147186216,4.178195222734125
10:56:12.730294,2.780978483619174,2.960953107472773,8.738213116234224,9.136299407557635,16.873678878918128,5.48973014103131,5.998330472840705,4.1783902919970615
10:56:12.743831,2.8271491950203265,2.9421931113411772,8.68789911886244,9.168541898639111,17.079033549378526,5.552118493307078,6.0426187799905,4.177570653943492
10:56:12.752168,2.874031280517243,2.925756782787221,8.661306659416795,9.210092633811954,17.27779908802693,5.615608821314441,6.089136509435077,4.175815414801726
10:56:12.766198,2.92133992506626,2.9118858375041854,8.658639564114827,9.261303436399484,17.469572138956767,5.680038933550581,6.137733933148185,4.173206841299743
10:56:12.774189,2.9687890363137384,2.90080728022728,8.680005003716381,9.322473236672108,17.6540015924321,5.745244734504888,6.188237717693039,4.169829304916117
10:56:12.788739,3.016093697202542,2.8927309138006767,8.725409882887336,9.393844896872832,17.83078967436438,5.811062031321505,6.240451648074594,4.165768332815878
10:56:12.790339,3.062972555207621,2.8878469204801194,8.794757426174693,9.475602029496558,17.99969196389791,5.87732829616632,6.294157510880112,4.161109773866152
10:56:12.803849,3.1091501129760606,2.886323536618269,8.887844073386724,9.567865808832723,18.16051629780997,5.943884323450705,6.349116125428689,4.155939075688238
10:56:12.812129,3.1543588879226006,2.8883048415209993,9.004356818403062,9.670691771738632,18.313120545265225,6.010575717335935,6.405068504992619,4.150340660451481
10:56:12.826176,3.1983414142569817,2.8939086847709636,9.143871132865872,9.784066602249398,18.45740928561559,6.077254150625888,6.461737129976247,4.144397384590523
10:56:12.833893,3.24085206954781,2.903224781445048,9.30584960945199,9.907904900695105,18.593329482567395,6.143778347937155,6.518827321732196,4.138190069619324
10:56:12.849284,3.281658715881243,2.916313008130897,9.489641438760076,10.042045955174842,18.7208652992969,6.210014758795882,6.576028716572887,4.131797094563197
10:56:12.856360,3.32054414901307,2.9332019332004275,9.694482802606537,10.186250563594662,18.840032235867408,6.2758378991952855,6.633016850286335,4.125294042107646
10:56:12.871187,3.3573073470789523,2.953887613841698,9.919498232877416,10.340197994999068,18.950870805566897,6.3411303562809165,6.689454872113344,4.118753389834899
10:56:12.872686,3.3917645071460827,2.978332691804205,10.163702959784384,10.503483221038985,19.053440008261962,6.405782470944725,6.744995414182938,4.112244237470911
10:56:12.886242,3.4237498582202113,3.0064658199166785,10.426006262872196,10.67561458148583,19.14781089422348,6.469691731966007,6.799282647057557,4.1058320636456
10:56:12.893874,3.4531162458245235,3.038181450610913,10.705215839896976,10.856012063606348,19.234060521159492,6.532761926788434,6.851954551050392,4.0995785110511465
10:56:12.908789,3.479735494609943,3.073340014283722,11.000043214534838,11.044006372069171,19.312266582952518,6.594902097685015,6.9026454248322135,4.093541204375549
10:56:12.916588,3.5034985680312385,3.111768509508973,11.309110206068842,11.238838947776935,19.38250294023287,6.656025351806396,6.950988640407311,4.087773608557421
10:56:12.931377,3.524315554441139,3.1532615205341656,11.630956478104146,11.439663065478076,19.44483622477049,6.716047571320643,6.996619640259293,4.082324934926802
10:56:12.932852,3.5421155147571426,3.1975826712401614,11.964048168040902,11.645546104344303,19.499323630041857,6.7748860648559175,7.03917915845,4.077240100188432
10:56:12.946154,3.556846227072799,3.244466518197037,12.306787576584073,11.855473046816055,19.54601194342692,6.832458195508699,7.0783166317065165,4.072559739495727
10:56:12.954670,3.568473858422752,3.2936208771542157,12.657523868103349,12.068351225133629,19.584937827188185,6.8886800195439575,7.113693751207657,4.068320271815504
10:56:12.970217,3.576982585271739,3.344729566661387,13.01456469600406,12.28301630703107,19.616129318516386,6.943464977927275,7.144988095431577,4.064554013818479
10:56:12.977520,3.582374175352958,3.3974555411116074,13.376188621423987,12.498239492205215,19.639608486582976,6.996722697099795,7.171896781939582,4.061289336645989
10:56:12.991231,3.5846675368321845,3.451444376389261,13.740658143409457,12.71273587681622,19.655395148571507,7.048357967123628,7.194140081069624,4.058550858411256
10:56:12.992698,3.5838982366433974,3.5063280661387677,14.106233112711868,12.925173933142315,19.66351151187613,7.098269966404862,7.211464944556656,4.056359667629825
10:56:13.006199,3.5801179863371346,3.561729084053549,14.471184267238412,13.134186044123826,19.663987589949958,7.146351790012049,7.223648412471802,4.054733582373037
10:56:13.013848,3.5733940894957317,3.6172646652930975,14.833806614039158,13.338380022786112,19.656867238396348,7.192490316251291,7.2305008676729665,4.053687465191542
10:56:13.028760,3.5638088412046667,3.672551257753915,15.192432403004128,13.536351529619443,19.642214661994924,7.236566420186963,7.23186910676229,4.053233627714904
10:56:13.037168,3.551458870671722,3.7272090920593635,15.545443495758377,13.726697279800781,19.62012123847325,7.2784555197730505,7.22763919375821,4.053382363933187
10:56:13.051380,3.5364544242981295,3.780866817794464,15.891283010076286,13.908028915249288,19.590712498918318,7.318028424458327,7.217739062103861,4.054142644937207
10:56:13.052662,3.51891859557643,3.8331661526957315,16.228466177637866,14.078987407643538,19.554155123499875,7.355152450449275,7.202140834406554,4.055522992999113
10:56:13.081331,3.49898651561147,3.883766491407524,16.555590363022223,14.238257852928365,19.510663867006492,7.389692773466281,7.1808628362948,4.057532533928872
10:56:13.082670,3.4768045215161836,3.932349419819602,16.871344155414498,14.384584511521401,19.460508399439025,7.421514006725314,7.153971287932505,4.060182207520189
10:56:13.088716,3.452529320188192,3.9786230776113647,17.174515386495887,14.516785945318093,19.404020093902403,7.450482010123718,7.1215816602560995,4.063486099596692
10:56:13.096416,3.4263271637625703,4.022326304786092,17.463997883785005,14.633770106067242,19.341598798954287,7.476465946555525,7.083859680087616,4.067462848284499
10:56:13.111528,3.398373051355818,4.063232499794884,17.73879677332879,14.734549231118695,19.273719609860372,7.499340601098974,7.0410219602510065,4.072137073434669
10:56:13.119560,3.36884997009384,4.101153111444824,17.998032216998894,14.818254387030589,19.200939628639695,7.51898897363255,6.993336225110972,4.077540781913945
10:56:13.126297,3.337948187601334,4.135940689078116,18.240941589516108,14.884149465550305,19.123904688366878,7.535305149305457,6.941121108358147,4.083714711187986
10:56:13.134102,3.305864608428789,4.167491427963887,18.466880219265324,14.931644396163804,19.04335600765084,7.548197443855768,6.884745521917397,4.09070958556393
10:56:13.148824,3.272802206870747,4.195747166247844,18.675320889615673,14.960307322107802,18.960136726555152,7.5575918108449,6.824627625306954,4.098587269483793
10:56:13.156326,3.2389695455569,4.220696810220866,18.865852312898788,14.969875513703935,18.875198251727046,7.563435486718378,6.7612334516177794,4.107421808670505
10:56:13.171313,3.204580381665313,4.242377183677795,19.03817676617011,14.960264863440871,18.789606310435435,7.565700839321366,6.695075262248519,4.117300353985616
10:56:13.172765,3.169853352627709,4.260873315597464,19.192107040773735,14.931577896580825,18.704546588577994,7.564389375670447,6.626709706933067,4.128323965908355
10:56:13.195635,3.1350117254815,4.276318196959492,19.327562822111037,14.884110305650951,18.62132981117457,7.559535853631644,6.556735860082857,4.14060829892026
10:56:13.197700,3.100283192701982,4.288892048573403,19.444566588268103,14.81835605487805,18.54139611180578,7.551212431442805,6.485793191265098,4.15428416355893
10:56:13.216381,3.0658997024876626,4.298821147071251,19.54323910068131,14.735011099453143,18.46631852449207,7.539532783707113,6.414559509995724,4.16949796026737
10:56:13.217624,3.0320973186158904,4.306376260129677,19.623794563706173,14.634975737231011,18.397805423777175,7.524656113717486,6.343748905548999,4.186411975881678
10:56:13.231196,2.9991161086825247,4.311870747543722,19.68653555239154,14.519355574306116,18.337701751509254,7.506790994150204,6.274109682151312,4.205204532089593
10:56:13.232673,2.9672000575111075,4.315658389337103,19.731847830356003,14.38946105707584,18.287988906168078,7.486198965529292,6.206422270116993,4.226069974922494
10:56:13.246234,2.9365969965118217,4.318131001058091,19.76019517798584,14.24680551529887,18.250783217052177,7.463197815794829,6.141497076755284,4.249218495008728
10:56:13.254194,2.9075585330430913,4.319715888792378,19.772114318000103,14.09310167738601,18.2283329626989,7.438164461786962,6.080172229179141,4.274875771545295
10:56:13.268950,2.880339958335557,4.320873185506339,19.768209973069695,13.930256648975895,18.223013916975283,7.411537359146426,6.023311155506802,4.303282440874564
10:56:13.276351,2.855200108258664,4.32209310059536,19.74915003572617,13.760365369367705,18.23732342442118,7.383818379534825,5.971799951830178,4.334693402540288
10:56:13.291272,2.832401147361845,4.323893108540112,19.71566079175851,13.585702569565871,18.27387302159338,7.355574110001117,5.9265444878091245,4.369376986861038
10:56:13.292706,2.812208243195887,4.326815099491025,19.668522137490122,13.408713260634098,18.335379631433206,7.327436548679333,5.888467210207373,4.407614012476572
10:56:13.306325,2.794889096579617,4.331422511019128,19.608562783581505,13.23200179677496,18.424655365575248,7.30010319402444,5.858503611469192,4.44969675837521
10:56:13.321394,2.78071329725804,4.338297453312997,19.53665552439727,13.058319587755571,18.544595980261576,7.274336546827189,5.837598345033019,4.495927866422439
10:56:13.329574,2.7699514855977787,4.348037829880859,19.453712725007918,12.890551569165636,18.698168044248717,7.250963057529288,5.826700992543218,4.546619182091085
10:56:13.336364,2.7628743182873285,4.361254445537348,19.360682201486885,12.731701559834239,18.88839488727871,7.230871551631266,5.826761512963522,4.602090534330918
10:56:13.351439,2.7597512540959848,4.3785680871125265,19.258543644084224,12.584876632643036,19.11834140512468,7.215011155443103,5.838725419610197,4.662668449603309
10:56:13.352120,2.7608491887580358,4.4006065613861365,19.148305678484025,12.453270600324435,19.391097803313432,7.204388728875497,5.863528735760914,4.728684790713073
10:56:13.366963,2.766430974120648,4.428001676850214,19.031003597846123,12.34014668529524,19.709762362416658,7.200065795954156,5.9020927776419185,4.800475309746966
10:56:13.373852,2.7767538581747617,4.461386157613188,18.90769773984358,12.248819415555365,20.077423296407563,7.203154948257448,5.9553188099608425,4.878378105259098
10:56:13.388874,2.792067882222888,4.501390478588826,18.779472435450515,12.18263576979284,20.497139750277476,7.214815681601668,6.024082615245546,4.9627319736381725
10:56:13.396478,2.8126142697781273,4.5486396132486036,18.64743542245507,12.14495557880768,20.971921950139965,7.236249614640457,6.109229014096672,5.053874641610423
10:56:13.411290,2.838623838114279,4.603749689206633,18.512717593518065,12.13913117470209,21.504710486143743,7.268695032953168,6.211566367663764,5.152140862011228
10:56:13.412131,2.870315457391703,4.667324549676014,18.37647293060785,12.168486265636375,22.09835467595955,7.3134207029932154,6.331861083291987,5.25786034981061
10:56:13.427145,2.907894574687384,4.73995221691998,18.23987846281029,12.236294002258028,22.755589921254103,7.3717189027226055,6.470832127679221,5.3713555305914165
10:56:13.433938,2.951551812657298,4.822201247703734,18.104134073712036,12.3457541926856,23.479013941962798,7.444897619346701,6.6291455308853795,5.492939069274701
10:56:13.449126,3.0014616464627792,4.914616965784292,17.970461977474866,12.499969624047367,24.27106178245739,7.534271877140725,6.807408844276681,5.622911143028425
10:56:13.456455,3.0577811580812924,5.017717559583159,17.840105679241034,12.70192147145317,25.133979556364444,7.641154189328119,7.0061655031805365,5.761556420809893
10:56:13.471368,3.1206488626935256,5.131990047322737,17.71432823957163,12.954443821658684,26.06979702949194,7.766844175871616,7.225889046900661,5.909140716547103
10:56:13.472106,3.190183595946352,5.25788613239008,17.594409681403707,13.260197395582676,27.080299293175457,7.912617438792399,7.46697716527437,6.065907296441293
10:56:13.487152,3.2664834438187067,5.395817988784219,17.481643414767298,13.621642608519664,28.16699789915212,8.07971382054715,7.729745566382009,6.232072843076792
10:56:13.493894,3.349624690978102,5.546154023465489,17.377331600013903,14.041012163833054,29.33110188006306,8.269325182395463,8.014421687777979,6.407823106860419
10:56:13.508940,3.439660761715466,5.709214660892149,17.282779406419753,14.52028344581776,30.5734890754449,8.482582836655709,8.321138300338747,6.593308303811486
10:56:13.516486,3.5366211309783164,5.885268190951949,17.19928813967353,15.061151053098154,31.894678154781026,8.720544763414617,8.649927078544929,6.788638342654027
10:56:13.531406,3.6405101906047417,6.074526717486561,17.128147214674808,15.664999876385453,33.29480171153144,8.984182746670873,9.000712234240487,6.993877980743954
10:56:13.532017,3.7513060647108505,6.277142239510839,17.070624951248305,16.33287916898285,34.77358081800997,9.274369574853925,9.373304334669996,7.209042018890922
10:56:13.547133,3.868959375301076,6.493202891216315,17.027958183098203,17.065478093417877,36.330301476767,9.591866459852312,9.767394450880724,7.434090653359266
10:56:13.553912,3.993391964226917,6.722729362781611,17.001340711355713,17.863103250625983,37.96379344471967,9.937310834435864,10.182548805908441,7.668925111386031
10:56:13.569133,4.124495583472312,6.965671524929403,16.991910711878752,18.72565869392603,39.67241190529204,10.311204691617332,10.618204106581011,7.91338370192677
10:56:13.576349,4.262130574385904,7.22190528737654,17.000737302675198,19.652628891226257,41.45402241832793,10.713903631973562,11.073663742745289,8.167238410497417
10:56:13.591218,4.406124565723697,7.491229732618106,17.028806557755995,20.64306503564332,43.305989513328214,11.145606785819146,11.548095022325718,8.430192152362803
10:56:13.592065,4.556271226923064,7.773364575876675,17.077007288513602,21.69557503369486,45.225169236789256,11.606347776304482,12.040527582594846,8.701876773204345
10:56:13.614342,4.712329117595524,8.067948005030475,17.14611690450826,22.808317431910705,47.2079059370028,12.095986885590541,12.549853081681022,8.981851855438963
10:56:13.615237,4.874020680506107,8.374534953763277,17.236787638596013,23.978999480761942,49.250033573736935,12.614204575807506,13.074826235077037,9.269604357241972
10:56:13.629186,5.041031434083906,8.692595864061444,17.349533406006703,25.204879483326533,51.346881864369024,13.160496498714693,13.61406722599642,9.564549085391265
10:56:13.636419,5.213009426992437,9.021516002398082,17.484717573060603,26.48277354131845,53.49328760336983,13.734170106846662,14.166065489921698,9.866029984598441
10:56:13.651848,5.389565015417465,9.360595401982913,17.642541924431555,27.80906679177951,55.68361149747148,14.334342957958166,14.729184852093985,10.173322212067893
10:56:13.652674,5.57027101240905,9.709049505512661,17.82303711716332,29.17972920720131,57.91176081670914,14.95994278328481,15.301669980476499,10.485634952658165
10:56:13.666967,5.754663242888066,10.066010577610422,18.026054886701857,30.59033598796955,60.171218047752824,15.609709369178777,15.881654106717477,10.802114918853372
10:56:13.673810,5.942241523999822,10.430529944170205,18.25126223018099,32.03609250127247,62.45507555562828,16.28219828656768,16.467167962541176,11.12185047609059
10:56:13.690411,6.1324710805138665,10.801581097911981,18.498137741283113,33.511863626851955,64.75607605022668,16.97578649625205,17.056149872123065,11.443876339100779
10:56:13.697407,6.324784397539878,11.17806368902103,18.76597021288726,35.0122072731506,67.06665845771185,17.688679851654932,17.646456927562685,11.76717879498617
10:56:13.719297,6.518583507249903,11.558808401603748,19.05385956596773,36.53141173405817,69.37900863960108,18.41892249916308,18.235877158638132,12.090701420014996
10:56:13.720232,6.713242703141785,11.942582700770965,19.360720114030237,38.06353646650242,71.68511428795037,19.164408132655343,18.82214259659301,12.413351266963309
10:56:13.727055,6.908111673043121,12.328097414827578,19.685286128623076,39.60245578545874,73.97682324186836,19.922893000595288,19.402943122939103,12.734005503404958
10:56:13.733813,7.102519036553035,12.714014086261244,20.026119620341085,41.14190490264775,76.2459044009294,20.692010504581557,19.97594097717323,13.051518472401092
10:56:13.749537,7.295776262276391,13.09895298664536,20.381620186468517,42.67552768275699,78.48411034395623,21.46928717641835,20.538785766315396,13.364729124982308
10:56:13.756563,7.487181927647833,13.48150165560322,20.750036713772314,44.19692545530717,80.68324070026641,22.25215978021696,21.089129785563784,13.672468747104912
10:56:13.771606,7.676026271939882,13.860223803440558,21.12948068133911,45.699706195706405,82.83520527556901,23.037993257335284,21.6246434415271,13.97356888271605
10:56:13.778902,7.861595980147695,14.233668410789843,21.517940788758427,47.17753336638095,84.93208590933011,23.82409920950882,22.14303057325119,14.266869342689374
10:56:13.793716,8.043179119840298,14.600378857118319,21.913298629010423,48.62417368177916,86.9661960268943,24.607754589125967,22.642043484826463,14.551226186050917
10:56:13.794541,8.220070135550923,14.958901908382206,22.31334512366223,50.03354303433724,88.93013683796312,25.386220230898598,23.11949753478708,14.825519567463356
10:56:13.808810,8.391574789563359,15.307796399747618,22.71579744234023,51.399749807065696,90.81684912118604,26.156758820176798,23.57328517423765,15.088661364304585
10:56:13.823693,8.55701492926595,15.645641471071697,23.11831614687989,52.71713482609549,92.61965954629287,26.916651855260508,24.00138937484996,15.339602518562213
10:56:13.831456,8.71573296418265,15.971044247608166,23.518522338580436,53.98030729834543,94.33232056459667,27.66321513161293,24.401896412867274,15.577340039443012
10:56:13.838991,8.867095952353175,16.282646894236937,23.914014640125192,55.18417622994893,95.94904306065942,28.39381226933895,24.773007963322677,15.800923607839925
10:56:13.853643,9.010499226615247,16.57913300557122,24.30238589574586,56.32397699012995,97.46452117877246,29.105865843991804,25.113052426467988,16.009461712474305
10:56:13.854558,9.145369536482105,16.859233339361968,24.6812395115164,57.39529285778763,98.8739490225465,29.79686579459038,25.420495389624673,16.202127245450136
10:56:13.869007,9.271167734634478,17.12173096477973,25.048205385812448,58.39407159741414,100.17302931031436,30.464374994912053,25.693949148881494,16.3781625049578
10:56:13.876360,9.387391083427318,17.365465962806955,25.40095540331449,59.31663736343082,101.35797451487082,31.106032165124933,25.932181273253438,16.5368835917539
10:56:13.891343,9.493575280356573,17.58933985226351,25.73721847696415,60.15969845739907,102.42550138870381,31.71955259253459,26.134122253672064,16.677684221431647
10:56:13.898802,9.589296297275466,17.792319908307345,26.05479511317668,60.920351581222405,103.3728199836609,32.30272733013189,26.298872301896772,16.800038983894154
10:56:13.913742,9.674172104220222,17.973443501892454,26.351571453998236,61.5960832290436,104.19761836003795,32.853421608937005,26.425707340969762,16.90350606432495
10:56:13.914605,9.747864317573683,18.131822537031795,26.62553273444758,62.18476877860874,104.89804422545669,33.36957316173761,26.51408417707108,16.987729413875705
10:56:13.928835,9.81007978328083,18.266648009016382,26.874776100932003,62.684669713993934,105.47268474109707,33.84919106274616,26.563644781370563,17.05244033635657
10:56:13.936456,9.860572083228034,18.377194656204548,27.097522771730585,63.09442926203791,105.92054560978865,34.29035557077717,26.574219548793668,17.097458438811977
10:56:13.951359,9.899142937773558,18.462825636220185,27.292129566903164,63.413066592241904,106.24103029564398,34.691219330935475,26.545829348948516,17.122691877088926
10:56:13.958889,9.925643468071769,18.522997130590614,27.457099862134143,63.639969651233905,106.43391989894315,35.05001014668237,26.47868616029156,17.128136819414596
10:56:13.974398,9.939975274002737,18.557262769978433,27.591094006978743,63.77488667711703,106.49935394906137,35.36503538996805,26.373192091763112,17.11387605868533
10:56:13.975256,9.942091275390434,18.5652777678418,27.692939196591208,63.81791642279535,106.43781224902366,35.634687982995004,26.22993663743152,17.080076724534454
10:56:13.990266,9.93199626183366,18.546802651039023,27.76163872333459,63.769497082069606,106.25009786062076,35.85745377995256,26.049692068214892,17.026987076014922
10:56:13.996390,9.909747108115495,18.501706490220023,27.796380490375768,63.630393895704906,105.93732126300856,36.03192013123941,25.83340694586853,16.95493240264127
10:56:14.018755,9.875452635898208,18.429969566108724,27.796544655440808,63.40168547769614,105.50088562009931,36.156785445550554,25.582197851384095,16.86431013015403
10:56:14.019485,9.829273126788458,18.33168544899628,27.761710278375844,63.08474903742013,104.94247300571006,36.23086965368708,25.29733952738769,16.755584300182576
10:56:14.033762,9.77141950988914,18.207062500558052,27.691660856208784,62.68124480378338,104.26403141803655,36.25312556409073,24.980253700788914,16.62927963968055
10:56:14.034581,9.702152261034664,18.05642482011678,27.58638863987375,62.193100020790794,103.46776248538508,36.222651132921754,24.63249685802916,16.485975439521706
10:56:14.051119,9.621780061786648,17.880212650570382,27.446097634003884,61.62249287769391,102.55610991122663,36.13870263323032,24.255747207850035,16.326299429153238
10:56:14.057302,9.530658266732354,17.678982235624225,27.27120517591525,60.97183668662791,101.53174887166576,36.00070861033508,23.85179102049364,16.150921787217086
10:56:14.071662,9.429187211989808,17.453405088065765,27.062341971405125,60.243764549873205,100.39757666099553,35.80828438708578,23.422508502682163,15.960549386819288
10:56:14.079094,9.317810372015252,17.204266601567006,26.82035044949713,59.44111468961232,99.15670481731972,35.561246777090595,22.969859358115865,15.755920347918552
10:56:14.093757,9.197012349543433,16.932463927596157,26.54628130641464,58.5669165638517,97.81245279805965,35.25962860431644,22.495868181742907,15.537798954392306
10:56:14.094528,9.067316673915192,16.63900304584369,26.241388147180448,57.62437786320678,96.36834312061193,34.90369260263601,22.002609829892993,15.306970978976379
10:56:14.109436,8.929283384590018,16.3249949712202,25.907120187171717,56.61687245590093,94.82809779413233,34.4939442423695,21.49219489733003,15.064239439958147
10:56:14.116523,8.783506382424193,15.991651055575595,25.545113026821248,55.54792930960786,93.19563583686451,34.03114298144048,20.966755428286707,14.8104207957258
10:56:14.138818,8.630610536560193,15.640277361434137,25.157177558529163,54.42122237392694,91.47507167009671,33.51631138302964,20.42843099917011,14.546341576399568
10:56:14.139553,8.471248537295503,15.272268110392158,24.74528711805429,53.24056135845254,89.67071416205164,32.95074152307293,19.87935532761779,14.272835454234531
10:56:14.153790,8.306097483954634,14.889098231391781,24.311563054675403,52.00988327632473,87.7870660212725,32.3359981753397,19.32164356878294,13.990740754506124
10:56:14.154561,8.135855194492615,14.49231504689595,23.858258945238315,50.73324454441069,85.8288231301769,31.673918428257515,18.757380443157686,13.700898397739007
10:56:14.168912,7.961236227727751,14.083529146234042,23.38774369642449,49.41481337362558,83.80087335789214,30.966607624422444,18.18860930151337,13.404150245528749
10:56:14.176569,7.782967623781416,13.664404517022602,22.902483768837914,48.05886217291973,81.7082944587141,30.216431745628014,17.617322181640425,13.101337803760018
10:56:14.191391,7.601784387558256,13.236648033324592,22.405024730445252,46.66975970024499,79.5563507905041,29.426006518843096,17.045450858638425,12.793301220164274
10:56:14.198909,7.418424753265567,12.801998414180689,21.897972311923176,45.25196266489656,77.35048865282702,28.59818356303741,16.474858842478913,12.480878493389563
10:56:14.213778,7.23362527064198,12.362214758012712,21.38397309518583,43.810006400752485,75.09632998479597,27.736033860434258,15.907334242219713,12.164904788821671
10:56:14.214533,7.048115751308955,11.919064740543194,20.865694935670952,42.34849414239212,72.79966402047515,26.84282877878711,15.344583404520405,11.846211740847579
10:56:14.229008,6.862614115874999,11.474312559873104,20.345807223157895,40.872084423242654,70.46643637219442,25.92201884814233,14.788225242554171,11.525626617122967
10:56:14.237072,6.67782119324986,11.02970673015757,19.82696112892906,39.38547620873348,68.102734980142,24.97721052145114,14.23978618642415,11.203971224110559
10:56:14.251447,6.494415538687803,10.586967851590815,19.31177004396861,37.89339154466764,65.714772455657,24.01214119436686,13.70069570026894,10.882060443328026
10:56:14.258838,6.3130483496730285,10.147776503529858,18.802790453149978,36.40055568781612,63.30886452966831,23.03065278654106,13.1722823298195,10.560700311495344
10:56:14.274373,6.134338566812922,9.713761417113597,18.302503501177313,34.9116748605173,60.89140455091311,22.03666418447999,12.655770271402684,10.240685599280203
10:56:14.275218,5.958868251525958,9.286488089514409,17.813297489533102,33.43141191904319,58.46883422066918,21.034142835357407,12.15227648258084,9.922796893725048
10:56:14.288864,5.787178333515522,8.867448006951824,17.337451505223076,31.964360336882667,56.047610979795564,20.027075787097427,11.662808376551242,9.607797234083227
10:56:14.296415,5.6197648179006405,8.458048645059364,16.877120330904265,30.51501698067613,53.63417267459739,19.0194404996595,11.188262154446226,9.296428382289362
10:56:14.311464,5.457075533865897,8.059604407506116,16.434320738978982,29.087754203387135,51.23490030343505,18.015175791515816,10.72942183396692,8.989406830149603
10:56:14.318905,5.299507493486522,7.673328642461892,16.01091924629091,27.686791791987464,48.85607974373247,17.018153310351167,10.286959030569493,8.687419661096548
10:56:14.333769,5.147404911586949,7.300326842165893,15.608621403141553,26.316169288136273,46.503863351473925,16.032149912954875,9.861433537196499,8.39112039646908
10:56:14.334582,5.001057916944152,6.941591089102296,15.228962693468628,24.979719172446604,44.1842322347606,15.060821306345362,9.453294729616578,8.101124961519009
10:56:14.348915,4.860701963850235,6.597995769690134,14.873301111580034,23.681041383472316,41.902959878754004,14.10767724947733,9.062883800369267,7.818007901585761
10:56:14.356379,4.72651793271944,6.270294538296916,14.542811449682219,22.423479622766003,39.66557768101002,13.176058553400518,8.690436801121866,7.542298964359043
10:56:14.378857,4.598632890896936,5.959118485344907,14.238481290602223,21.210099859160646,37.47734286612922,12.269116058993577,8.33608845536955,7.274480142461839
10:56:14.379525,4.477121471826429,5.664975446535571,13.961108664137592,20.043671386870095,35.34320919155376,11.389791726739254,7.999876691960466,7.014983245326842
10:56:14.393766,4.362007823056906,5.388250385341318,13.711301296961594,18.92665072633497,33.26780081471421,10.540801948953952,7.68174784222787,6.764188044937995
10:56:14.394677,4.253268070108169,5.1292067826674135,13.489477360368763,17.861168594720983,31.25538963620461,9.72462318705432,7.381562434338257,6.522421020282336
10:56:14.408945,4.150833240739606,4.887988968952741,13.295867592311959,16.849020114425272,29.30987634686104,8.943480030249601,7.09910150464152,6.289954711250079
10:56:14.416417,4.054592589636258,4.664625331786305,13.130518642879228,15.891658367115006,27.43477529240513,8.199335753469853,6.834073329647957,6.067007682244797
10:56:14.432107,3.9643972576989692,4.459032329085092,12.993297477064594,14.990191334250321,25.633203141596013,7.493885418653698,6.586120469931008,5.853745086524496
10:56:14.446357,3.8800641974362535,4.271019238361772,12.88389667667886,14.145382195251674,23.90787121887891,6.8285515224596995,6.354827014816797,5.650279813812097
10:56:14.453693,3.8013802993003774,4.100293577217345,12.801840513824999,13.357652889902104,22.261081262550686,6.204482153945705,6.139725925669318,5.456674196831807
10:56:14.454548,3.7281066606133497,3.946467135242957,12.74649170584719,12.62709080305676,20.69472431861805,5.622551591543688,5.940306389874698,5.272942246848949
10:56:14.470488,3.659982944044739,3.809062559604216,12.717058787539925,11.95345840308737,19.210282487230444,5.083363239169221,5.756021107879245,5.099052381900925
10:56:14.476350,3.596731774954207,3.6875204367971817,12.712604045429005,11.33620565514369,17.808833283625923,4.587254775058469,5.586293437935397,4.934930602062556
10:56:14.498797,3.5380631283976904,3.581206814787548,12.732051958220318,10.774485022515902,16.49105642328105,4.134305363038771,5.430524320504485,4.780464053664645
10:56:14.499535,3.483678658261592,3.4894211126747736,12.774198080859248,10.267168853120229,15.257242866149046,3.7243447544392043,5.288098899832555,4.635504911398535
10:56:14.513851,3.4332759215466027,3.411404364614108,12.837718292934731,9.812868920614978,14.107305957464574,3.356964091459209,5.1583927558950595,4.49987449725529
10:56:14.514565,3.3865524498822364,3.346347737817737,12.92117830692656,9.409957853103801,13.040794496967825,3.0315282122112515,5.040777660566218,4.3733675505194105
10:56:14.528909,3.3432096198388765,3.293401252560103,13.023043314886271,9.056592141863646,12.056907567005194,2.7471892545648604,4.934626784603137,4.255756564218217
10:56:14.536457,3.3029562750813626,3.2516826188548573,13.141687665181248,8.750736387171795,11.154510959413594,2.502901358080783,4.839319308531991,4.1467961100113095
10:56:14.551483,3.2655120560684314,3.220286092080203,13.275404510276651,8.490188418240173,10.33215506099705,2.2974362676340827,4.754244423521192,4.046227082565184
10:56:14.558851,3.230610395530426,3.198291239153975,13.422415436665043,8.27260492240405,9.58809407709916,2.129399646538993,4.678804736598667,3.953780801114723
10:56:14.573798,3.1980011406837705,3.1847714996219634,13.580880154963799,8.09552722731513,8.920306477985784,1.9972479096545568,4.61241910997529,3.8691829075854973
10:56:14.574523,3.1674527671126023,3.1788024250893265,13.748906375161662,7.956406888770823,8.326516538403638,1.8993053877477546,4.554524965276438,3.792156999326076
10:56:14.588900,3.1387541550220566,3.179469487079579,13.924560012204985,7.852630743949842,7.804216813084988,1.83378163493272,4.504580075294978,3.722427933900661
10:56:14.596486,3.1117159068005305,3.1858753559056083,14.105875859816317,7.781545100299939,7.350691359657568,1.7987886944199245,4.4620638571023035,3.659724746160509
10:56:14.611418,3.0861711961242233,3.197146569424062,14.290868840862018,7.740478747043003,6.963039491870347,1.7923581470276557,4.426478177445075,3.603783125139091
10:56:14.618940,3.061976152492537,3.212439530957869,14.477545900817072,7.726764498590171,6.638199823497021,1.8124577827640784,4.397347685051818,3.554347409286227
10:56:14.633710,3.0390097993584373,3.230945800892499,14.663918565079717,7.737759010676725,6.37297434936553,1.8570077564883967,4.374219692595952,3.5111720704901725
10:56:14.634568,3.017173577446007,3.251896673594533,14.848016133864167,7.770860658624154,6.164052308282531,1.9238961114101658,4.356663642555146,3.4740226690066582
10:56:14.656339,2.996390496132131,3.2745670543613827,15.027899443301967,7.823525333102815,6.008033586189789,2.010993577103557,4.344270204652711,3.442676274042148
10:56:14.657059,2.976603963135719,3.298278665598708,15.20167508608364,7.893280079674548,5.901451446228499,2.1161675709303616,4.336650063595707,3.416921358484426
10:56:14.671421,2.9577763452289583,3.3224026172547814,15.367509964569606,7.977734570700064,5.840794410941553,2.2372953523891206,4.333432459995132,3.3965571887362342
10:56:14.678885,2.939887311809439,3.346361376405509,15.52364603621099,8.074590449748456,5.8225271643065275,2.3722762974138676,4.334263544354153,3.3813927399745616
10:56:14.693718,2.9229320115331836,3.36963016749528,15.668415089518422,8.181648637111,5.843110381939629,2.519043272576653,4.338804597249827,3.3712451747242893
10:56:14.694501,2.906919130390902,3.391737830119558,15.800253349333149,8.296814736950571,5.899019432313756,2.675573097790717,4.346730162214785,3.3659379315169473
10:56:14.708917,2.891868876470343,3.4122671570406813,15.917715656310305,8.418102739378277,5.986761917984579,2.8398960928468604,4.3577261334364366,3.3652984823193344
10:56:14.716381,2.8778109317322116,3.4308547329311856,16.01948890902843,8.543637253757199,6.102894043809863,3.0101047102582927,4.371487838069692,3.369155830938084
10:56:14.731416,2.8647824049312693,3.4471902955675975,16.104404414809643,8.671654532608466,6.244035809507374,3.184361264595899,4.387718151602997,3.377337836663318
10:56:14.738831,2.85282581275191,3.4610156458611963,16.171448790068048,8.800502545949735,6.4068850258991175,3.36090477525331,4.40612568412036,3.3896684557969827
10:56:14.753831,2.841987108731215,3.4721231391779837,16.21977310372526,8.928640348312848,6.588230148207713,3.5380569446112458,4.426423075937484,3.405964997744906
10:56:14.761184,2.8323137723238125,3.4803537961670825,16.248700066730425,9.054636951754329,6.784961909323074,3.714227298413721,4.4483254419003995,3.426035492217481
10:56:14.776226,2.8238529643628056,3.4855950771135245,16.25772920423727,9.177169882736353,6.99408372510264,3.88791752179643,4.471549001803557,3.4496762601583093
10:56:14.777092,2.8166497512523145,3.4877783695548543,16.246540060141577,9.295023561577475,7.2127208348488185,4.057725031627975,4.495809928420591,3.4766697735039402
10:56:14.791402,2.810745399012767,3.486876241942243,16.21499354945049,9.407087602325023,7.438128136615965,4.222345829877655,4.520823436495729,3.506782878084267
10:56:14.806180,2.806175738468772,3.482899513938048,16.163131589477203,9.5123550902804,7.667696685790337,4.380576682465008,4.546303129039575,3.5397654409739348
10:56:14.813829,2.8029696025662716,3.4758941873753746,16.091175116011733,9.609920855311936,7.89895885165533,4.531316667236014,4.571960612569601,3.5753494699164787
10:56:14.821208,2.8011473366910766,3.4659382746274465,15.999520540981434,9.698979722758192,8.129592167101615,4.673568137689187,4.59750538937318,3.6132487389967896
10:56:14.836152,2.80071938558358,3.4531385563856465,15.888734653448939,9.778824693753284,8.357421950511839,4.806437155412924,4.62264503199076,3.6531589417748926
10:56:14.837052,2.8016849666060937,3.437627299066274,15.75954792257434,9.848844990761577,8.580422815334677,4.9291334486507665,4.647085644221937,3.694758380916659
10:56:14.851456,2.8040308460326173,3.419558961026991,15.612846133933676,9.908523909783534,8.796719205853384,5.04096995165961,4.670532614600902,3.737709192484996
10:56:14.858832,2.807730240163924,3.399106914089508,15.449660278019886,9.957436447381506,9.004585105655867,5.141361968485027,4.6926916703101265,3.78165909342433
10:56:14.873939,2.8127418668091346,3.376460202857531,15.27115462144403,9.995246704958758,9.202443060661446,5.229825989213434,4.71327023826357,3.8262436311523014
10:56:14.881273,2.8190091765269574,3.3518203618701254,15.078612948101807,10.021705097437309,9.388862646633003,5.305978172873006,4.731979113274093,3.871088903074193
10:56:14.896244,2.826459796300613,3.3253983116187404,14.873423066987394,10.036645401654413,9.562558497622257,5.369532503816385,4.748534421481234,3.9158147012638134
10:56:14.897053,2.8350052182007843,3.2974113572668107,14.657059820948241,10.03998167611518,9.722387999449417,5.420298628143459,4.762659853318464,3.960038025528039
10:56:14.911991,2.8445407602369714,3.2680803155522513,14.431066951847601,10.031705073945522,9.867348739658427,5.458179380219233,4.774089126942649,4.003376899050492
10:56:14.919114,2.8549458170671755,3.2376267950588704,14.19703824755178,10.011880556494793,9.996575789363268,5.483168012887369,4.782568631968482,4.045454415281279
10:56:14.933861,2.8660844071504292,3.2062706541417345,13.956598410138348,9.980643497807353,10.109338872849598,5.495345146563717,4.787860195730807,4.085902940305932
10:56:14.948742,2.877806012209284,3.174227659666188,13.711384064466202,9.938196155449932,10.205039461594618,5.494875451994852,4.789743910250283,4.124368388508356
10:56:14.963724,2.889946695235891,3.141707367010991,13.463025297974015,9.884803977587108,10.28320781411124,5.482004080682968,4.788020955677034,4.16051448084874
10:56:14.964396,2.9023304752887222,3.108911236860641,13.21312809640124,9.8207917244005,10.343499971149509,5.457052857003299,4.7825163530077335,4.194026888393905
10:56:14.971440,2.9147709319697137,3.0760309986568033,12.96325800917088,9.746539404123165,10.385694703329746,5.420416245608656,4.773081575931448,4.22461716342609
10:56:14.978870,2.927073010318955,3.043247265857789,12.71492533365211,9.66247805349183,10.409690390559605,5.372557104488356,4.759596951683194,4.252026367930537
10:56:14.993904,2.939034996923354,3.0107284042388747,12.469572050033062,9.5690854170041,10.415501787047363,5.314002227373437,4.741973785764072,4.276028323027439
10:56:15.001177,2.9504506380052984,2.978629650268848,12.228560675444614,9.466881588521954,10.40325659437111,5.245337670303584,4.720156155241447,4.296432421171302
10:56:15.023739,2.961111368803869,2.9470924716441522,11.993165143349623,9.356424671216715,10.37319173429391,5.167203847983693,4.694122327990041,4.313085963378046
10:56:15.024325,2.9708086221391223,2.916244156449833,11.76456375447279,9.23830649394569,10.325649192379267,5.080290378828502,4.663885776482466,4.325876001592718
10:56:15.031438,2.979336184921867,2.886197611479309,11.543834190417353,9.11314840170035,10.261071305018097,4.985330657730303,4.629495760879483,4.33473067628018
10:56:15.039016,2.9864925739915256,2.8570513451308472,11.331950532436915,8.981597121931367,10.179995395173673,4.883096146304006,4.591037458307513,4.3396200407148235
10:56:15.054649,2.9920834042000206,2.828889607927787,11.129782185141101,8.844320702211775,10.083047722048411,4.774390390472472,4.548631619979695,4.340556361684406
10:56:15.061717,2.9959237208540737,2.8017826651847466,10.938094565172714,8.702004517403273,9.970936779819526,4.660042798386175,4.502433752508354,4.337593887800894
10:56:15.083942,2.997840266638644,2.775787180733047,10.757551375327038,8.555347353625981,9.844446041778575,4.5409022306629385,4.452632844877221,4.330828082497256
10:56:15.084392,2.9976736509207904,2.7509466957882465,10.588718244780836,8.405057592444674,9.70442628698597,4.417830466095146,4.399449689138033,4.320394325294382
10:56:15.091324,2.995280386917951,2.7272921912746475,10.43206747815227,8.251849541107038,9.551787662674316,4.2916956104673325,4.343134859632756,4.306466089071293
10:56:15.098885,2.9905347605937878,2.704842724500296,10.287983623919066,8.096439974656843,9.387491629646693,4.1633655179449764,4.283966418534918,4.289252604315382
10:56:15.114052,2.983330496301816,2.683606132030827,10.156769552549806,7.939544961650772,9.212542918778045,4.033701296383728,4.222247409635864,4.268996027840813
10:56:15.121229,2.973582188813085,2.663579790587725,10.03865273805803,7.781877033128616,9.027981605438912,3.9035509694279287,4.15830319456305,4.245968145898276
10:56:15.136297,2.961226478088527,2.6447514280124675,9.933791477725164,7.624142729926612,8.834875392273847,3.7737433677114476,4.0924786798053985,4.220466658148974
10:56:15.137076,2.9462229505108573,2.6270999781000044,9.84228086539352,7.467040535247761,8.634312179937563,3.645082318405671,4.025135479493523,4.192811105110035
10:56:15.158835,2.9285547578609115,2.610596476832188,9.76415843132906,7.311259174453779,8.427392996954078,3.5183411976102263,3.956649056483382,4.163338514682283
10:56:15.159511,2.908228952647757,2.5952050021505864,9.699409440073987,7.157476244655688,8.215225351552414,3.394257903861787,3.8874058808336955,4.132398853077723
10:56:15.173901,2.8852765441478843,2.5808836630582705,9.647971874221719,7.006357121381666,7.998917059646482,3.273530302146225,3.8178006388691546,4.100350371642353
10:56:15.181278,2.8597522825509203,2.567585645257279,9.60974112994225,6.858554077388656,7.77957059191058,3.156812175301637,3.7482335179059976,4.067554943240664
10:56:15.196244,2.831734179219985,2.555260319267639,9.584574426734008,6.714705541931,7.55827796519435,3.0447097048346285,3.6791075826387636,4.034373480291408
10:56:15.197025,2.8013227710682975,2.543854412973928,9.572294904131176,6.575435429615696,7.336116178157481,2.9377784889273504,3.6108262508788744,4.001161520950447
10:56:15.211617,2.768640139092452,2.5333132443847135,9.572695350237968,6.441352473675342,7.114143161373797,2.8365210943229684,3.543790870651263,3.968265059135743
10:56:15.219582,2.7338286965999443,2.5235820037201266,9.585541486826948,6.3130495042696735,6.89339418303484,2.7413851316120157,3.4783983984527262,3.9360166784989894
10:56:15.234021,2.697049769819464,2.5146070685933153,9.61057473073063,6.191102616477333,6.674878626339287,2.6527618398489707,3.415039178991696,3.9047320334661557
10:56:15.241224,2.658481998840649,2.506337332490611,9.647514370780268,6.076070176015641,6.459577036761339,2.570985165676427,3.3540948283978387,3.8747067061786757
10:56:15.263797,2.6183195882421932,2.4987255239269794,9.696059147505116,5.968491614851111,6.248438331402329,2.4963313226180186,3.295936224487868,3.8462134581752516
10:56:15.264280,2.5767704347207787,2.4917294902817884,9.755888287602323,5.868885974627027,6.042377074230603,2.4290188155396693,3.2409216088320356,3.8194998886689686
10:56:15.271456,2.534054154914704,2.485313416160273,9.826662103077705,5.777750163171271,5.842270750472038,2.3692089120883515,3.189394806079425,3.7947865056814067
10:56:15.279059,2.4904000321434494,2.4794489421844976,9.908022296819329,5.695556897759303,5.648957010129649,2.317006537731897,3.141683565733991,3.7722652122763405
10:56:15.293812,2.4460448975908675,2.4741161476086777,9.999592118894546,5.6227523185470325,5.463230878164968,2.2724615648775606,3.098098029454365,3.7520982083379097
10:56:15.301241,2.401230960325722,2.4693043590957306,10.1009764999909,5.5597532669067355,5.285841937493244,2.2355704596808628,3.0589293227359935,3.7344173073628886
10:56:15.316303,2.3562036014018304,2.465012747244451,10.211762262290527,5.5069442361054115,5.117491484510941,2.2062782429369387,3.024448264114241,3.719323664812617
10:56:15.317066,2.311209149694428,2.4612506715386155,10.331518483233271,5.464674017542462,4.9588296488387,2.1844807160254,2.994904179040024,3.706887908706119
10:56:15.332323,2.2664926602221334,2.458037735481901,10.459797068929616,5.433252087547832,4.810452472752581,2.170026902722425,2.970523801232443,3.697150656084015
10:56:15.340427,2.222295717848006,2.455403521568925,10.596133582154355,5.4129448056255525,4.672898966567022,2.162721664495312,2.951510243272896,3.69012339282228
10:56:15.354060,2.178854288888687,2.453386994118237,10.740048363307489,5.403971516310539,4.546648187636185,2.1623284582184894,2.9380420204984206,3.6857896893828936
10:56:15.361340,2.1363966403860237,2.4520355845677106,10.8910479780969,5.406500655705877,4.432116418750283,2.1685722164457264,2.930272116597758,3.6841067206622014
10:56:15.376207,2.0951413439333604,2.4514040002165887,11.048627017675663,5.420645960783258,4.3296545350004525,2.181142338716246,2.9283270844135134,3.685007053523481
10:56:15.377000,2.0552953807720633,2.4515528152777506,11.212270260238435,5.446462871136325,4.239545644787336,2.199695787934938,2.932306179983295,3.6884006611948
10:56:15.391678,2.017052367836888,2.4525469101057946,11.381455175986723,5.483945204498804,4.16200307630066,2.223860288975591,2.9422805306623125,3.6941771213764865
10:56:15.398928,1.9805909280360745,2.4544538235453515,11.555654723930601,5.5330221807621385,4.097168762077672,2.253237626851909,2.9582923400103804,3.702207957008931
10:56:15.413982,1.946073229397363,2.4573420781883573,11.734340356440702,5.5935558651725215,4.045112055297992,2.287407039456184,2.980354135615009,3.7123490847761715
10:56:15.421289,1.913643716297803,2.4612795310708573,11.916985121587027,5.665339100982701,4.005828995071688,2.3259286968858395,3.0084480727722998,3.724443342803964
10:56:15.436302,1.8834280535462238,2.466331794323729,12.103066738387772,5.748094003909963,3.979242026607577,2.368347257391538,3.0425253159915853,3.7383230725560725
10:56:15.437001,1.8555323020548173,2.4725607625379524,12.292070523622796,5.841471090096064,3.965200177300047,2.4141954884539114,3.0825055291482357,3.7538127306717106
10:56:15.452028,1.8300423429688963,2.480023276220192,12.48349207943134,5.945049100616262,3.963479690883436,2.462997938386174,3.1282765108880226,3.770731505472049
10:56:15.459031,1.8070235642565293,2.4887699429374988,12.676839705136599,6.058335569313925,3.973785126054021,2.514274637920645,3.179694012146783,3.78889591033802
10:56:15.473954,1.78652081919299,2.498844129022887,12.871636552706645,6.180768163411654,3.995750929289302,2.567544802956824,3.2365817668916637,3.808122322511697
10:56:15.481287,1.7685586602521073,2.510281125641062,13.067422577477855,6.311716815486454,4.028943490886741,2.622330500358533,3.2987317573824497,3.8282294321917036
10:56:15.496319,1.7531418456788308,2.5231074852863853,13.26375633601006,6.45048666326636,4.072863688467286,2.6781602300894187,3.3659047246670686,3.8490405643658527
10:56:15.497011,1.7402561103353855,2.5373405200399026,13.46021666133786,6.596321815479009,4.126949916212684,2.734572371404034,3.437830926971932,3.8703858362251093
10:56:15.511614,1.7298691873429262,2.5529879514200764,13.656404216342981,6.7484099597824985,4.190581593556331,2.791118440274719,3.5142111452791105,3.892104117297514
10:56:15.519976,1.7219320621076193,2.570047702086376,13.851942898898685,6.90588781802669,4.263083143432666,2.847366109666841,3.594717936026371,3.9140447665084785
10:56:15.533986,1.7163804354434642,2.588507820025402,14.046481055730316,7.067847435867375,4.343728425292463,2.902901951880486,3.6789971318264754,3.9360691281678424
10:56:15.541236,1.7131363683216143,2.608346524782274,14.239692456399293,7.233343271581386,4.431745601760093,2.9573338715425104,3.766669588409066,3.9580517770433046
10:56:15.556492,1.7121100777887495,2.629532362712911,14.431276974119417,7.401400024616893,4.526322412079242,3.0102932082412224,3.8573331684272363,3.97988151107541
10:56:15.556999,1.7132018513464335,2.6520244550210843,14.620960906236824,7.571021118699515,4.626611821009131,3.06143649779098,3.95056494203353,4.0014620963773355
10:56:15.572124,1.7163040448524383,2.6757728191959274,14.80849685014008,7.74119772978391,4.731738006698228,3.1104468890035464,4.045923572998357,4.022712770168336
10:56:15.578899,1.7213031272082495,2.700718741618967,14.993663048351795,7.910918230028907,4.840802643802899,3.1570352188803743,4.142951850783927,4.043568504261431
10:56:15.594033,1.728081735102175,2.7267951778661015,15.17626214070309,8.079177907682547,4.952891430220129,3.2009407553021227,4.241179327297193,4.0639800296752
10:56:15.601395,1.7365207035978658,2.7539271604961484,15.35611930576631,8.244988817274614,5.067080800449419,3.241931623503669,4.340125024830643,4.083913627127896
10:56:15.616833,1.7465010428330778,2.782032203594253,15.533079821414583,8.407389609584994,5.18244476724145,3.2798049395368825,4.439300197164034,4.103350699442015
10:56:15.617520,1.7579058365690747,2.8110207063179002,15.707006107838122,8.56545518169981,5.298061834206238,3.3143866784459703,4.538211142462062,4.12228715483889
10:56:15.638743,1.7706220439927067,2.8407963683276654,15.877774322985323,8.718305972756141,5.413021922476382,3.3455313059337364,4.636362077751167,4.140732637187607
10:56:15.639355,1.7845421910230688,2.871256634123297,16.045270558226775,8.865116713697532,5.526433251724377,3.373121200752598,4.733258087556675,4.1587096373718015
10:56:15.661717,1.7995659403702764,2.9022931812487416,16.209386644033117,9.005124426957792,5.63742910825447,3.397065893820433,4.828408154918166,4.17625251218581
10:56:15.662011,1.815601530372934,2.933792462126788,16.37001554739412,9.137635476936335,5.745174421387931,3.4173011519835415,4.921328274118639,4.193406428783164
10:56:15.676517,1.8325670716294484,2.9656363035096454,16.527046352181276,9.262031507967043,5.848872057791254,3.433787939000286,5.011544633161369,4.210226246191074
10:56:15.683669,1.850391688399398,2.9977025620423463,16.68035887321704,9.377774174743832,5.947768736707661,3.446511290159189,5.09859684197148,4.226775339862345
10:56:15.698788,1.86901648975108,3.0298658294923877,16.829818049242796,9.484408650677691,6.041160471197855,3.455479137358036,5.182041171790392,4.243124369657142
10:56:15.699272,1.8883953549653063,3.061998177682305,16.97526835117833,9.581565962453876,6.128397454093903,3.460721119101671,5.2614537656318685,4.259349988120503
10:56:15.713947,1.9084955201049443,3.0939699324675205,17.11652849258877,9.668964228666699,6.208888333302831,3.4622874063378473,5.336433781978074,4.275533488273177
10:56:15.721212,1.9292979579137939,3.1256504692251177,17.253386724796155,9.746408883688332,6.28210385641502,3.460247570342536,5.406606443834546,4.291759399725447
10:56:15.736321,1.9507975493452407,3.1569090284934163,17.385596950410477,9.813791960127146,6.347579900827187,3.454689512395315,5.471625978288373,4.308114056259241
10:56:15.743693,1.9730030493075634,3.1876155566278777,17.51287581871761,9.871090494626717,6.404919931303898,3.4457184675027106,5.531178441965123,4.3246841726541865
10:56:15.766230,1.995936850719159,3.217641579704449,17.63490089661101,9.918364117298307,6.453796934001745,3.433456087632333,5.5849844315888495,4.341555478689196
10:56:15.766781,2.019634551624456,3.2468611192428636,17.75130995494513,9.955751887996007,6.4939548648448415,3.4180396050749966,5.6328016756838535,4.3588114601882975
10:56:15.781183,2.0441443324184316,3.275151657266365,17.861701376637715,9.983468453722358,6.525209628838525,3.3996210737365,5.674427495666644,4.376532250312693
10:56:15.782108,2.069526154083749,3.30239515650643,17.96563567555893,10.001799617094216,6.547449585864032,3.37836668416131,5.709701116829639,4.394793703005409
10:56:15.796355,2.0958507911906112,3.3284791386358314,18.062638109144515,10.011097419503576,6.560635564594285,3.354456145702874,5.738505806300956,4.413666670490843
10:56:15.803679,2.1231987133433496,3.353297818471546,18.15220236635296,10.011774848739437,6.564800359666691,3.328082126981718,5.76077081575977,4.433216501633208
10:56:15.818778,2.151658826600031,3.3767532845583097,18.233795303511837,10.004300277083146,6.56004768416131,3.2994497445946878,5.776473106277909,4.453502776256656
10:56:15.819352,2.181327084332936,3.398756706474827,18.30686267068854,9.98919172374896,6.546550547898033,3.268776088653216,5.785638826206675,4.474579287034354
10:56:15.833870,2.21230497639145,3.4192295381864177,18.37083571997625,9.96701101944682,6.524549034866758,3.2362897693261683,5.788344500792853,4.496494271432922
10:56:15.841246,2.244697906662275,3.4381046779190036,18.42513853142929,9.938357934878411,6.494347462594551,3.2022304605295706,5.784717877918534,4.519290882488466
10:56:15.856269,2.2786134723288316,3.4553275411084488,18.46919585838476,9.90386431938512,6.45631091982561,3.1668484079162855,5.774938360737528,4.543007873150314
10:56:15.863664,2.3141596628144137,3.4708570044536273,18.502441299814443,9.864188279027298,6.4108611924889365,3.1304038614250405,5.759236947140513,4.567680457790309
10:56:15.886341,2.351443001389373,3.4846661846402154,18.52432564766055,9.820008406288899,6.358472102042173,3.093166388736726,5.737895593287881,4.593341306624422
10:56:15.886807,2.390566656907969,3.496743023808557,18.534325303701504,9.772018060711668,6.299664299207422,3.0554140251865483,5.711245932232584,4.620021623892152
10:56:15.893867,2.4316285566865496,3.507090664865408,18.53195068352979,9.720919695196448,6.234999581300145,3.0174322198537453,5.679667313376692,4.647752259716823
10:56:15.908726,2.4747195335552985,3.515727611851758,18.516754512963104,9.667419227646086,6.165074827182652,2.9795125485817717,5.643584177681484,4.676564808995457
10:56:15.916423,2.5199215403889217,3.522687680724515,18.488339882204745,9.612220468122482,6.09051566132363,2.941951180676468,5.603462831228861,4.7064926551167465
10:56:15.923906,2.567305964356901,3.528019751587034,18.446367873050946,9.556019621659306,6.011969962907803,2.9050471021816127,5.559807711056565,4.737571916857946
10:56:15.939574,2.616932070988083,3.5317873351216575,18.390564538785615,9.49949989603058,5.9301013304732795,2.8691001116966754,5.513157247602152,4.769842252409307
10:56:15.946452,2.668845604971746,3.5340679664884984,18.32072702290765,9.44332625576331,5.845582603230362,2.8344086143841385,5.464079422694205,4.803347469272693
10:56:15.953926,2.7230775710434494,3.534952440984918,18.236728664629446,9.388140374168069,5.759089529856263,2.8012672470231683,5.4131671089047595,4.838135888225394
10:56:15.962075,2.779643215478761,3.534543906627489,18.138523033968386,9.334555832702879,5.6712946632446615,2.7699643730754446,5.3610332615137555,4.874260417117331
10:56:15.976326,2.838541227270914,3.5329568289261393,18.026146918925704,9.283153599581302,5.582861545220429,2.7407794931400224,5.308306021635548,4.911778307515878
10:56:15.984558,2.8997531772395653,3.53031584442951,17.899722315421045,9.234477801231428,5.494439231620606,2.713980622629169,5.255623778665589,4.950750593438217
10:56:15.999305,2.9632432113104827,3.5267545243266394,17.75945744813506,9.18903179655012,5.406657198683189,2.6898216926995273,5.2036302309556515,4.9912412415486305
10:56:16.000345,3.0289580095435253,3.522414075533417,17.605646804696885,9.147274575775143,5.320120665886984,2.6685400302083666,5.152969475176857,5.033316066972932
10:56:16.013849,3.0968270149952195,3.5174420090685676,17.438670129716147,9.109617521857604,5.235406364395292,2.6503539673442074,5.1042811483349135,5.077041480296845
10:56:16.022136,3.166762927143524,3.5119908013740506,17.258990326747732,9.07642158304682,5.153058770847007,2.6354606228061277,5.058195642180134,5.122483128830463
10:56:16.036327,3.2386624447044765,3.506216565576726,17.067150265807197,9.047994908956511,5.073586813028627,2.6240338858953933,5.015329406249165,5.169704485366359
10:56:16.044576,3.3124072334825025,3.5002777400598566,16.86376857066396,9.024590998527502,4.997461038434424,2.616222624804309,4.976280351482136,5.218765427194774
10:56:16.058894,3.3878650876301126,3.4943337930339355,16.64953452253196,9.006407396297647,4.925111221192815,2.6121491329006177,4.941623360541144,5.269720838895185
10:56:16.067158,3.464891248258623,3.4885439344863505,16.425202238301388,8.993584954836399,4.856924369995919,2.611907823323953,4.911905902958972,5.32261926295733
10:56:16.074045,3.543329841563116,3.483065821369,16.191584269924807,8.986207661824066,4.793243091473581,2.615564182116558,4.887643744257698,5.377501612176039
10:56:16.082122,3.623015398325376,3.478054239927264,15.949544754137674,8.984303018919777,4.734364261376954,2.6231539908769483,4.869316733513174,5.434399949018567
10:56:16.096498,3.7037744172996137,3.4736597538317997,15.699992236953255,8.98784296297377,4.680537962605902,2.6346828295202123,4.857364660578612,5.493336332815353
10:56:16.104595,3.7854269376992353,3.4700273197831257,15.44387230191656,8.996745334662757,4.631966666191212,2.650125868083459,4.852183194540461,5.554321737145485
10:56:16.118788,3.8677880919227365,3.467294889793207,15.182160128233175,9.010875910986544,4.588804654785989,2.6694279541961836,4.854119942155481,5.617355044892264
10:56:16.120205,3.9506696177154477,3.4655920334781056,14.915853084383006,9.030051012721199,4.551157709641407,2.6925039999698064,4.863470687394349,5.6824221327485445
10:56:16.133915,4.033881316731156,3.465038618047132,14.645963430909175,9.054040673919074,4.5190830959319035,2.719239668875634,4.880475883359089,5.749495058596029
10:56:16.142046,4.1172324525783335,3.46574357765841,14.373511176777788,9.0825723269381,4.492589887934631,2.7494923599061525,4.905317466188839,5.818531365711153
10:56:16.156458,4.200533085603513,3.467803791445249,14.099517114401708,9.115334924813096,4.471639677015673,2.783092482810805,4.93811605201079,5.889473518034161
10:56:16.164529,4.283595342978818,3.4713030757230747,13.824996046006214,9.151983401360285,4.456147701983795,2.8198450148096925,4.9789285679842035,5.96224847877595
10:56:16.178708,4.366234619886703,3.476311284765067,13.550950204497688,9.192143364225117,4.445984432649969,2.8595313266823514,5.027746361305426,6.0367674384309105
10:56:16.180202,4.448270700741913,3.48288350941681,13.278362869185004,9.235415931026278,4.440977623995541,2.9019112640150704,5.084493827623372,6.112925688936214
10:56:16.193803,4.529528780145499,3.4910593651065662,13.008192185357549,9.281382650352953,4.440914842351249,2.9467254661450095,5.149027601577867,6.190602631243537
10:56:16.202121,4.609840354368883,3.500862368299715,12.741365210463876,9.329610484035609,4.445546449481184,2.993697900646191,5.221136353380244,6.269661895544906
10:56:16.216371,4.689043948764735,3.5122994085716335,12.47877221581448,9.379656848344286,4.454589018047514,3.0425385862179692,5.300541232442549,6.34995154739796
10:56:16.224531,4.76698564798301,3.5253603290106947,12.221261268936189,9.431074711498262,4.467729142908473,3.092946472324527,5.3868969914199525,6.4313043515056805
10:56:16.238800,4.843519407432083,3.540017630831038,11.96963311846028,9.483417727537592,4.484627605015835,3.1446124395879926,5.4797938151941405,6.513538071427377
10:56:16.240262,4.918507146019644,3.556226320788212,11.724636410473188,9.536245363704035,4.504923836360461,3.197222380352455,5.57875987299604,6.5964557986443495
10:56:16.253865,4.991818645180366,3.573923922601079,11.486963281740262,9.589127960342216,4.528240625335708,3.2504603143692505,5.683264608238318,6.679846325451474
10:56:16.276887,5.063331298071014,3.593030674524445,11.257245392562616,9.64165165347157,4.554188992890554,3.3040114915842924,5.792722776593007,6.763484599119348
10:56:16.277786,5.132929761736006,3.6134499339895445,11.036050470846313,9.693423088605138,4.582373161614902,3.357565434442323,5.906499235012996,6.847132314547809
10:56:16.284599,5.200505566639962,3.6350688084782177,10.823879432933332,9.74407385385711,4.612395533081457,3.410818876720656,6.02391447211968,6.930538713641681
10:56:16.298803,5.265956735102952,3.657759030337689,10.621164124345492,9.793264555478085,4.643861584073097,3.4634785629080023,6.144250855891649,7.013441659226608
10:56:16.300203,5.329187454467078,3.6813780903339532,10.428265689473774,9.840688449844677,4.676384590011393,3.5152638788085637,6.2667595602508515,7.095569041220829
10:56:16.313994,5.390107845275299,3.705770638624412,10.245473544646453,9.886074538304328,4.7095900833346835,3.5659092899565956,6.390668118832932,7.176640556782883
10:56:16.322038,5.448633861856287,3.7307701532336126,10.073004908742215,9.929190032780015,4.743119955356811,3.61516657153022,6.515188542335038,7.256369887593326
10:56:16.336391,5.504687360493978,3.7562008673633236,9.911004849884145,9.969842116598874,4.776636114808143,3.6628068219683265,6.639525925933851,7.33446727882101
10:56:16.344792,5.558196364017003,3.781879939609578,9.75954683270858,10.00787895710373,4.809823630230526,3.7086222588886555,6.762887465416223,7.410642507831137
10:56:16.360337,5.609095538977694,3.807619845223821,9.618633782154161,10.04318996672842,4.842393309726588,3.752427796599999,6.884491793700107,7.4846082172367305
10:56:16.367158,5.657326885141798,3.833230960440718,9.488199699718924,10.075705344998118,4.874083706162153,3.7940623999950236,7.003578540796093,7.556083575206248
10:56:16.388794,5.702840621511419,3.8585243044318864,9.368111870507194,10.105394955841335,4.904662568998949,3.8333902040209398,7.11941800737145,7.624798214132796
10:56:16.390326,5.7455962416121915,3.883314395147051,9.258173688135859,10.132266600714365,4.933927786054607,3.8703013856158295,7.231320824776539,7.690496386490428
10:56:16.396480,5.785563702777072,3.9074221681339543,9.158128105941577,10.156363742674264,4.961707866199548,3.9047127772298538,7.3386474550084735,7.75294126439914
10:56:16.404562,5.822724707246615,3.9306779031066044,9.067661700615808,10.17776272693403,4.987862011495692,3.9365682145228735,7.440817364795241,7.81191929690876
10:56:16.420685,5.85707402580852,3.9529241011581617,8.986409310199335,10.196569537136597,5.012279822506995,3.965838610364368,7.537317690142087,7.8672445263985855
10:56:16.422423,5.888620808003559,3.974018253919023,8.913959185278506,10.212916129907622,5.034880678255364,3.9925217411487193,7.627711193347663,7.918762753726698
10:56:16.434041,5.917389817885522,3.993835443546051,8.84985857581609,10.226956406177143,5.055612831097813,4.016641723161257,7.711643305681718,7.96635543087376
10:56:16.442009,5.943422531866691,4.012270710273796,8.793619671110903,10.238861901936401,5.0744522530662195,4.0382481510305555,7.788848045368701,8.009943148608702
10:56:16.456453,5.966778035096501,4.0292411231097685,8.744725815848435,10.248817301971513,5.091401263266089,4.057414869996078,7.859152600682586,8.049488575631516
10:56:16.472102,5.9875336536734585,4.044687487757913,8.702637934910058,10.257015888348889,5.106486957421824,4.07423836094467,7.922480371508547,8.084998698713225
10:56:16.478717,6.005785260525908,4.0585756223580365,8.666801108168828,10.263655031984161,5.119759451593618,4.088835733106193,7.978852270317421,8.116526215131131
10:56:16.480175,6.021647192985403,4.070897126747187,8.636651241479491,10.26893182806977,5.131289942754336,4.101342340019791,8.02838609558795,8.144169939263707
10:56:16.493879,6.035251720496401,4.081669567783045,8.611621779844691,10.273038970682194,5.141168579859904,4.111909051586735,8.071293808126555,8.168074100068845
10:56:16.501989,6.046748002423862,4.090936005883399,8.591150402760167,10.27616096082343,5.1495021312858436,4.120699224222388,8.10787656506855,8.188426422573357
