timestamp,acc_x,acc_y,acc_z,gyro_x,gyro_y,gyro_z
11:04:01.869240,0.24976,-0.12183,0.92578,17.66412,-5.98473,6.21374
11:04:01.878143,0.25073,-0.16895,0.92163,-14.9313,-8.65649,4.62595
11:04:01.888302,0.22681,-0.27832,0.92725,-32.54962,-10.9313,1.1145
11:04:01.898053,0.18335,-0.38208,0.94434,-32.76336,-12.96183,-2.85496
11:04:01.907893,0.16943,-0.39404,0.97461,-23.48092,-14.68702,-5.25191
11:04:01.918466,0.15894,-0.41797,0.95752,-10.62595,-14.50382,-7.40458
11:04:01.928086,0.15112,-0.3999,0.91943,1.38931,-14.77863,-7.12977
11:04:01.938129,0.1521,-0.35205,0.90039,8.94656,-15.48092,-6.25954
11:04:01.947872,0.14771,-0.3335,0.87842,9.38931,-16.74809,-5.31298
11:04:01.957914,0.13818,-0.34277,0.88159,11.43511,-18.42748,-5.83206
11:04:01.967907,0.13818,-0.32764,0.91162,12.85496,-19.63359,-5.31298
11:04:01.979029,0.13525,-0.33179,0.96582,16.77863,-19.81679,-6.65649
11:04:01.987946,0.13159,-0.3064,0.97998,19.1145,-19.34351,-6.74809
11:04:01.997928,0.13916,-0.31055,0.97876,20.48855,-19.67939,-7.26718
11:04:02.007962,0.13696,-0.28442,0.96802,18.90076,-21.75573,-7.31298
11:04:02.017920,0.14331,-0.26733,0.93652,16.35114,-24.0458,-7.64885
11:04:02.027929,0.1543,-0.25049,0.92993,14.10687,-24.59542,-7.51145
11:04:02.038367,0.1521,-0.24023,0.9187,10.82443,-25.70992,-6.90076
11:04:02.047840,0.15869,-0.24194,0.92358,7.46565,-26.94657,-6.76336
11:04:02.058038,0.16895,-0.23901,0.927,5.37405,-28.71756,-6.50382
11:04:02.068226,0.1748,-0.23853,0.92725,4.9313,-30.59542,-6.41221
11:04:02.077748,0.19629,-0.22559,0.91699,5.77099,-31.41985,-6.0458
11:04:02.087884,0.20483,-0.22485,0.90479,6.68702,-31.69466,-5.22137
11:04:02.098488,0.2124,-0.23828,0.89819,7.34351,-32.99237,-4.79389
11:04:02.108166,0.2168,-0.24683,0.8999,7.1145,-33.32824,-3.57252
11:04:02.118097,0.22607,-0.24707,0.88916,6.35115,-34.06107,-3.03817
11:04:02.128327,0.23218,-0.23608,0.89868,5.81679,-35.20611,-2.91603
11:04:02.138053,0.2334,-0.24268,0.90088,5.38931,-35.84733,-3.35878
11:04:02.148077,0.23926,-0.24048,0.90356,6.44275,-36.76336,-3.49618
11:04:02.157973,0.25024,-0.24634,0.91479,5.89313,-37.51145,-3.89313
11:04:02.167930,0.25122,-0.24194,0.9187,5.80153,-38.71756,-3.9542
11:04:02.178121,0.26392,-0.23779,0.92627,4.61069,-39.64885,-3.83206
11:04:02.188039,0.27246,-0.2439,0.92896,4.74809,-41.09924,-4.38168
11:04:02.197900,0.27759,-0.24048,0.95288,5.00763,-42.15267,-4.07634
11:04:02.208023,0.28711,-0.23071,0.95288,5.0687,-43.49618,-3.63359
11:04:02.218141,0.2832,-0.22559,0.94653,3.72519,-45.70992,-3.77099
11:04:02.228138,0.29053,-0.21875,0.92725,3.37405,-47.26717,-3.26718
11:04:02.238130,0.29443,-0.21631,0.91431,0.58015,-48.73283,-3.45038
11:04:02.248414,0.30542,-0.18774,0.90967,-5.32824,-51.17557,-2.10687
11:04:02.258064,0.30615,-0.20288,0.89282,-11.96947,-53.45038,-1.84733
11:04:02.268139,0.31299,-0.21753,0.90527,-16.76336,-55.38931,-2.29008
11:04:02.278291,0.32642,-0.23047,0.89478,-18.56489,-57.16031,-2.90076
11:04:02.288068,0.33423,-0.27393,0.90234,-16.0458,-58.56488,-4.56489
11:04:02.298049,0.34204,-0.29224,0.89673,-10.15267,-59.20611,-5.19084
11:04:02.308170,0.35669,-0.27881,0.85962,-5.19084,-58.0916,-5.1145
11:04:02.318167,0.3606,-0.28003,0.85107,-1.81679,-58.10687,-6.21374
11:04:02.327694,0.37085,-0.25586,0.82056,0.65649,-57.93893,-6.42748
11:04:02.338824,0.37769,-0.22705,0.78906,-1.12977,-57.86259,-7.49618
11:04:02.348166,0.38403,-0.2002,0.80566,-1.92366,-57.98473,-9.19084
11:04:02.358043,0.37183,-0.26636,0.82495,-4.62595,-61.16031,-10.73282
11:04:02.368206,0.39648,-0.23682,0.81494,-3.57252,-61.0687,-11.14504
11:04:02.378069,0.40723,-0.2417,0.82495,-3.46565,-60.67176,-10.8855
11:04:02.388031,0.42041,-0.2207,0.80908,-2.21374,-60.61069,-10.53435
11:04:02.400863,0.43726,-0.21851,0.81323,-2.99237,-60.96183,-10.38168
11:04:02.408286,0.43018,-0.22778,0.82568,-2.62595,-61.70992,-10.67176
11:04:02.418153,0.44385,-0.22656,0.83203,-0.44275,-62.56488,-10.9771
11:04:02.428387,0.45752,-0.22803,0.82373,2.76336,-63.23664,-11.20611
11:04:02.438238,0.46582,-0.22803,0.79883,8.06107,-63.08397,-11.46565
11:04:02.448166,0.47437,-0.21265,0.80688,10.42748,-63.25191,-11.48092
11:04:02.458160,0.47925,-0.19727,0.79907,11.17557,-63.66412,-11.52672
11:04:02.468062,0.49487,-0.18115,0.78418,10.96183,-63.8168,-10.79389
11:04:02.478412,0.51562,-0.19214,0.77588,8.83969,-65.19084,-11.08397
11:04:02.488189,0.52515,-0.19165,0.76929,8.76336,-65.93893,-10.91603
11:04:02.498071,0.53735,-0.18872,0.78125,8.01527,-66.54962,-10.44275
11:04:02.508021,0.54956,-0.18457,0.75562,7.08397,-67.0229,-10.54962
11:04:02.518323,0.54761,-0.14404,0.7168,3.52672,-66.45802,-8.22901
11:04:02.527892,0.57617,-0.14258,0.68896,-3.38931,-67.08397,-9.0229
11:04:02.543094,0.56641,-0.15576,0.68262,-10.29008,-68.42748,-7.70992
11:04:02.548064,0.58276,-0.17529,0.72632,-14.74809,-70.38168,-8.25954
11:04:02.558107,0.58521,-0.20068,0.74805,-12.44275,-70.64122,-9.26718
11:04:02.568127,0.60767,-0.21289,0.74341,-4.44275,-70.83969,-10.36641
11:04:02.578035,0.62158,-0.22363,0.71777,5.61832,-68.77863,-11.00763
11:04:02.588066,0.63599,-0.19629,0.65503,11.87786,-67.46565,-9.19084
11:04:02.598044,0.64624,-0.17334,0.62354,10.50382,-66.54962,-8.70229
11:04:02.608400,0.64819,-0.15723,0.60181,6.70229,-67.23664,-7.58779
11:04:02.618055,0.66113,-0.15796,0.625,1.12977,-69.64886,-7.48092
11:04:02.628026,0.66284,-0.16846,0.62744,-1.66412,-69.37405,-8.64122
11:04:02.638420,0.68164,-0.12012,0.64868,-5.34351,-70.96183,-7.52672
11:04:02.648123,0.69043,-0.14575,0.63086,-7.77099,-69.23664,-9.34351
11:04:02.658304,0.68262,-0.14648,0.63037,-10.59542,-70.16794,-8.99237
11:04:02.668378,0.6958,-0.14307,0.60962,-12.22901,-69.83206,-8.91603
11:04:02.678180,0.70459,-0.16089,0.59131,-12.39695,-69.25191,-8.0916
11:04:02.688177,0.7124,-0.14233,0.56421,-12.99237,-68.45802,-6.76336
11:04:02.698194,0.71265,-0.16528,0.57397,-14.48855,-67.67939,-6.38168
11:04:02.708171,0.71387,-0.14844,0.5459,-15.8626,-66.07633,-4.62595
11:04:02.718183,0.73145,-0.13184,0.53174,-17.55725,-66.03053,-4.50382
11:04:02.728056,0.73804,-0.13818,0.51514,-18.06107,-64.90076,-4.0
11:04:02.738231,0.75952,-0.15039,0.52441,-18.44275,-66.44275,-4.77863
11:04:02.748096,0.76318,-0.16553,0.52148,-17.84733,-66.10687,-4.30534
11:04:02.760814,0.76953,-0.15869,0.5083,-16.96183,-65.41985,-2.70229
11:04:02.768183,0.78784,-0.18237,0.51855,-14.41221,-64.39695,-3.38931
11:04:02.778196,0.79028,-0.18457,0.50879,-8.58015,-63.51145,-2.29008
11:04:02.788268,0.81323,-0.18188,0.49292,-4.30534,-62.87023,-2.67176
11:04:02.798072,0.80884,-0.18555,0.44873,0.91603,-60.56488,-1.75573
11:04:02.807735,0.82251,-0.18506,0.44897,4.62595,-60.16794,-1.81679
11:04:02.820160,0.81519,-0.18286,0.45679,7.38931,-59.74046,-2.56489
11:04:02.828010,0.82178,-0.15674,0.47217,8.38168,-60.29008,-2.76336
11:04:02.837943,0.83154,-0.13672,0.45532,7.87786,-59.96947,-3.32824
11:04:02.847830,0.84204,-0.14478,0.46851,7.46565,-60.32061,-4.80916
11:04:02.858125,0.84717,-0.13892,0.4375,5.16031,-60.33588,-3.9084
11:04:02.868065,0.85645,-0.15234,0.41235,3.00763,-59.83206,-3.52672
11:04:02.877895,0.85205,-0.16846,0.38306,1.0229,-58.76336,-1.66412
11:04:02.888214,0.85669,-0.14771,0.36426,-5.57252,-56.42748,1.0687
11:04:02.897932,0.87646,-0.12769,0.34253,-12.21374,-57.72519,1.46565
11:04:02.908101,0.86426,-0.16235,0.34595,-16.39695,-56.8855,1.72519
11:04:02.918000,0.87915,-0.15991,0.36841,-20.27481,-59.74046,1.58779
11:04:02.928081,0.89502,-0.20532,0.43628,-18.87023,-60.06107,-2.94656
11:04:02.938190,0.88916,-0.20996,0.41113,-11.0229,-58.27481,-2.41221
11:04:02.948179,0.92041,-0.17407,0.38818,-4.9313,-55.22137,-4.50382
11:04:02.958052,0.88623,-0.16968,0.32031,0.64122,-50.80916,-4.48855
11:04:02.968089,0.88574,-0.14087,0.2605,-0.19847,-51.16031,-3.66412
11:04:02.978294,0.89429,-0.15894,0.24487,-5.25191,-52.83969,-4.73282
11:04:02.988102,0.89404,-0.18115,0.26367,-10.42748,-55.83206,-2.8855
11:04:02.998381,0.92578,-0.17505,0.27124,-11.48092,-54.22901,-2.30534
11:04:03.008283,0.93799,-0.18555,0.28687,-9.05344,-52.15267,-3.23664
11:04:03.018008,0.94775,-0.16138,0.29077,-6.1374,-52.36641,-3.25191
11:04:03.028201,0.95337,-0.18433,0.30566,-3.19084,-51.43512,-5.46565
11:04:03.038180,0.94507,-0.18384,0.27393,-1.80153,-50.91603,-4.99237
11:04:03.048216,0.96069,-0.16431,0.24341,-2.21374,-50.74809,-4.62595
11:04:03.058153,0.95239,-0.17432,0.25488,-1.80153,-49.92366,-5.72519
11:04:03.068284,0.95508,-0.1582,0.22168,-0.80916,-48.39695,-4.80916
11:04:03.078358,0.96704,-0.11377,0.20386,-6.0458,-47.17557,-3.22137
11:04:03.088048,0.95776,-0.12109,0.17456,-8.71756,-44.59542,-5.19084
11:04:03.098119,0.95142,-0.09277,0.16309,-14.01527,-46.68702,-5.14504
11:04:03.108044,0.95679,-0.11353,0.21387,-19.58779,-49.57252,-8.33588
11:04:03.120435,0.96362,-0.11304,0.20728,-21.09924,-49.75573,-7.8626
11:04:03.128453,0.97681,-0.13159,0.17114,-21.9084,-48.19847,-7.29771
11:04:03.138285,0.97559,-0.14062,0.17578,-20.36641,-46.50382,-6.58015
11:04:03.148365,0.96826,-0.15112,0.1521,-19.92366,-45.72519,-4.10687
11:04:03.158240,0.98193,-0.14429,0.18237,-21.81679,-47.05344,-3.70992
11:04:03.168053,0.96411,-0.14917,0.17334,-20.36641,-44.77863,-3.1145
11:04:03.178136,0.98608,-0.11621,0.10718,-20.65649,-43.29771,-2.48855
11:04:03.188184,0.97363,-0.11572,0.07153,-20.12214,-41.08397,-2.32061
11:04:03.198089,0.96729,-0.13379,0.0564,-22.83969,-41.69466,-1.38931
11:04:03.208113,0.97485,-0.1355,0.06396,-30.73282,-44.64122,1.17557
11:04:03.218048,0.98584,-0.15869,0.10229,-36.27481,-46.35115,1.69466
11:04:03.228106,1.00317,-0.19238,0.14673,-34.77863,-44.67176,1.0687
11:04:03.237909,1.0083,-0.17871,0.14038,-26.82443,-42.61069,0.99237
11:04:03.248281,1.02979,-0.18066,0.14697,-17.77099,-40.71756,-1.34351
11:04:03.258059,1.00513,-0.18213,0.12085,-9.31298,-38.85496,-1.84733
11:04:03.268269,1.00757,-0.16089,0.0918,-7.32824,-39.9084,-2.74809
11:04:03.278163,1.00488,-0.15283,0.07202,-9.92366,-40.54962,-3.77099
11:04:03.288182,1.00513,-0.15137,0.05029,-13.09924,-41.89313,-3.25191
11:04:03.298326,0.99731,-0.15967,0.05127,-17.34351,-44.41221,-3.25191
11:04:03.308180,1.00171,-0.14624,0.01978,-18.71756,-41.8168,-2.38168
11:04:03.318118,1.02173,-0.14355,-0.00708,-23.38931,-43.19084,-1.70992
11:04:03.328557,1.01562,-0.14551,-0.01294,-24.36641,-38.8855,-1.25191
11:04:03.338255,1.01782,-0.14429,-0.0166,-26.61069,-38.71756,-0.90076
11:04:03.348154,1.00806,-0.13989,-0.02344,-28.48855,-38.41221,-0.99237
11:04:03.358156,1.01929,-0.15723,-0.01733,-26.76336,-36.50382,-1.08397
11:04:03.368295,1.01831,-0.15527,-0.05347,-21.63359,-33.17557,-0.18321
11:04:03.378108,1.02954,-0.14795,-0.07642,-16.77863,-30.21374,0.36641
11:04:03.388290,1.021,-0.1521,-0.06006,-12.73282,-28.82443,1.05344
11:04:03.397919,1.01367,-0.1499,-0.05493,-8.25954,-27.28244,0.94656
11:04:03.408058,1.0249,-0.1416,-0.06763,-6.61069,-26.54962,1.16031
11:04:03.417900,1.02026,-0.14453,-0.08521,-6.67176,-24.50382,0.67176
11:04:03.431620,1.03076,-0.14819,-0.08203,-6.06107,-22.01527,0.51908
11:04:03.438203,1.03271,-0.13623,-0.10107,-10.51908,-20.59542,0.41221
11:04:03.448159,1.03271,-0.13623,-0.11035,-17.61832,-20.80916,0.03053
11:04:03.458195,1.04248,-0.1355,-0.09766,-25.51145,-17.51145,0.77863
11:04:03.468151,1.03833,-0.14844,-0.10278,-30.33588,-16.12214,0.01527
11:04:03.478274,1.03394,-0.15088,-0.08008,-32.06107,-15.83206,-1.81679
11:04:03.488244,1.03198,-0.16064,-0.08154,-28.30534,-13.61832,-1.41985
11:04:03.498249,1.02954,-0.15869,-0.09155,-22.01527,-12.22901,-2.29008
11:04:03.508313,1.03271,-0.17188,-0.06128,-14.74809,-13.43511,-3.23664
11:04:03.518207,1.03198,-0.17969,-0.05469,-7.22137,-12.76336,-3.34351
11:04:03.528046,1.03906,-0.17383,-0.06592,-2.21374,-12.35114,-3.37405
11:04:03.538336,1.03906,-0.1748,-0.06689,-0.15267,-12.33588,-3.67939
11:04:03.548328,1.03857,-0.14844,-0.08423,-0.0916,-11.72519,-2.54962
11:04:03.558247,1.0354,-0.13232,-0.10645,-2.94656,-9.28244,-1.9542
11:04:03.568218,1.02612,-0.14893,-0.13013,-7.41985,-8.54962,-2.36641
11:04:03.578286,1.01782,-0.13623,-0.14722,-13.23664,-7.60305,-1.05344
11:04:03.588031,1.02808,-0.1438,-0.11206,-20.65649,-6.9313,-2.27481
11:04:03.598734,1.0249,-0.14917,-0.10718,-24.39695,-5.48092,-1.96947
11:04:03.608198,1.03931,-0.16064,-0.09277,-24.35114,-4.90076,-2.77863
11:04:03.618173,1.03418,-0.15771,-0.09619,-22.9771,-4.16794,-1.63359
11:04:03.628149,1.0481,-0.15576,-0.10352,-19.46565,-3.09924,-1.63359
11:04:03.638150,1.04736,-0.16016,-0.0708,-14.59542,-3.77099,-2.61069
11:04:03.648360,1.04321,-0.15698,-0.05835,-8.76336,-4.1374,-2.51908
11:04:03.658572,1.05225,-0.14648,-0.08691,-5.14504,-4.0916,-2.0
11:04:03.668211,1.04565,-0.13086,-0.12231,-2.71756,-2.67176,-0.67176
11:04:03.678117,1.02979,-0.12134,-0.16772,-3.20611,-2.07634,0.70229
11:04:03.688068,1.03418,-0.10913,-0.18311,-7.69466,-2.06107,2.44275
11:04:03.698060,1.03052,-0.10303,-0.15552,-15.45038,-3.0229,3.08397
11:04:03.708042,1.04907,-0.12646,-0.09229,-19.58779,-2.45802,2.39695
11:04:03.717979,1.05151,-0.16235,-0.05737,-16.62595,-2.48855,0.1374
11:04:03.728182,1.04785,-0.1748,-0.07227,-6.62595,-0.76336,-1.16031
11:04:03.737943,1.03931,-0.18237,-0.09424,1.03817,1.54198,-1.19084
11:04:03.748176,1.04053,-0.16846,-0.11816,5.00763,3.67939,-1.0687
11:04:03.757978,1.04199,-0.14502,-0.12842,5.28244,6.25954,-1.49618
11:04:03.768030,1.03613,-0.09888,-0.14355,-3.09924,10.58015,-2.38168
11:04:03.777924,1.03906,-0.10083,-0.13843,-7.89313,15.52672,-6.21374
11:04:03.788189,1.01782,-0.10718,-0.14844,-10.83969,14.67176,-7.61832
11:04:03.798135,1.03149,-0.11914,-0.10376,-11.9542,13.96947,-7.9084
11:04:03.808076,1.03442,-0.16138,-0.06494,-10.9313,13.70992,-6.9313
11:04:03.818169,1.02368,-0.15503,-0.05151,-10.77863,12.29008,-2.10687
11:04:03.828098,1.04419,-0.15088,-0.03345,-11.74046,10.25954,-1.34351
11:04:03.838328,1.03247,-0.13965,-0.05518,-9.60305,9.35878,0.74809
11:04:03.848114,1.02954,-0.12451,-0.09058,-8.74809,8.33588,3.64885
11:04:03.857892,1.03125,-0.1084,-0.12061,-10.59542,8.07634,6.01527
11:04:03.868135,1.01929,-0.10693,-0.16284,-13.0687,9.51145,8.82443
11:04:03.878181,1.02173,-0.07959,-0.20825,-18.33588,11.81679,12.32061
11:04:03.888360,1.02661,-0.0791,-0.16846,-25.64886,12.07634,13.70992
11:04:03.898380,1.03857,-0.14844,-0.07324,-27.40458,12.39695,11.70992
11:04:03.908243,1.0481,-0.1687,-0.00781,-23.58779,13.0229,11.48092
11:04:03.917914,1.07031,-0.1731,0.06006,-16.45802,15.64886,7.41985
11:04:03.928000,1.0481,-0.18555,0.05493,-3.43511,17.89313,5.32824
11:04:03.937566,1.04565,-0.14819,0.00659,5.28244,19.81679,4.12214
11:04:03.948149,1.02686,-0.15552,-0.04102,8.01527,20.99237,2.44275
11:04:03.957725,1.00879,-0.15283,-0.09717,4.54962,20.45802,2.33588
11:04:03.968149,1.00049,-0.14453,-0.11084,-2.64122,17.49618,2.22901
11:04:03.978028,1.00439,-0.18921,-0.07202,-6.59542,14.9313,1.96947
11:04:03.987977,1.00879,-0.19336,-0.04053,-6.01527,14.54962,3.83206
11:04:03.997909,1.03101,-0.18555,-0.02808,-4.0,16.61069,3.81679
11:04:04.008074,1.03345,-0.15527,-0.02197,-3.75573,17.51145,4.80916
11:04:04.018351,1.02783,-0.16016,-0.02319,-4.71756,18.07634,4.71756
11:04:04.027890,1.01904,-0.16309,-0.03394,-7.40458,18.24427,5.41985
11:04:04.038188,1.02441,-0.15649,-0.0459,-10.21374,18.06107,6.77863
11:04:04.048088,1.0188,-0.14429,-0.08008,-11.60305,19.9084,8.22901
11:04:04.058120,1.02856,-0.14062,-0.06323,-12.0,21.16031,9.03817
11:04:04.068318,1.01929,-0.14111,-0.0625,-11.54198,22.51908,10.39695
11:04:04.078626,1.01953,-0.13599,-0.03687,-11.92366,22.67175,10.29008
11:04:04.088280,1.01587,-0.17236,0.00391,-9.93893,23.43511,9.19084
11:04:04.097800,1.021,-0.16455,0.01514,-6.90076,24.29008,9.05344
11:04:04.108017,1.03003,-0.14917,0.02051,-3.74046,26.91603,7.98473
11:04:04.118044,1.0188,-0.15845,-0.00806,-0.9313,28.25954,7.34351
11:04:04.127949,1.02271,-0.1665,0.00269,-1.48092,28.77863,6.54962
11:04:04.137866,1.01514,-0.17407,0.0061,-3.19084,29.32825,7.22137
11:04:04.148189,1.0127,-0.17285,0.01685,-5.1145,27.17557,6.90076
11:04:04.157823,1.01172,-0.2041,0.06079,-3.23664,25.92366,5.72519
11:04:04.167453,1.01758,-0.19849,0.06055,1.49618,26.0458,5.25191
11:04:04.177679,1.02295,-0.17896,0.05029,4.9313,27.09924,5.34351
11:04:04.187398,1.01587,-0.18945,0.06128,6.53435,26.76336,4.01527
11:04:04.197937,1.00806,-0.20142,0.06226,6.51908,27.12977,4.01527
11:04:04.207666,1.01001,-0.18555,0.04419,4.99237,26.74809,5.23664
11:04:04.217418,1.01611,-0.15942,0.03516,1.17557,26.03053,5.9084
11:04:04.228025,1.0061,-0.16577,0.03101,-2.36641,25.19084,6.90076
11:04:04.238021,1.00146,-0.18335,0.08301,-6.03053,23.55725,6.83969
11:04:04.248031,1.01123,-0.19556,0.09546,-8.79389,21.83206,7.48092
11:04:04.258202,1.01245,-0.18457,0.09619,-9.09924,21.34351,7.25191
11:04:04.267752,1.0061,-0.20117,0.10449,-6.61069,21.45038,6.30534
11:04:04.278009,1.00659,-0.2063,0.11035,-2.90076,22.18321,5.98473
11:04:04.287263,1.00537,-0.21851,0.10742,0.0916,23.12977,5.78626
11:04:04.297563,0.99805,-0.20752,0.12231,1.26718,23.34351,6.79389
11:04:04.307388,1.00415,-0.19556,0.12939,2.07634,23.75573,5.46565
11:04:04.317987,0.99438,-0.1853,0.1377,2.47328,22.91603,5.43511
11:04:04.327171,1.00024,-0.18213,0.13916,2.58015,23.0229,4.96183
11:04:04.337454,0.99097,-0.17139,0.12402,0.35115,23.08397,4.76336
11:04:04.348083,0.99414,-0.18091,0.12305,-3.09924,21.41985,4.62595
11:04:04.358116,0.99146,-0.19482,0.12256,-6.36641,20.18321,4.96183
11:04:04.368182,0.98706,-0.19678,0.12109,-8.30534,19.78626,6.21374
11:04:04.377982,0.99414,-0.20654,0.11987,-8.70229,19.83206,6.68702
11:04:04.387684,0.99805,-0.19775,0.12378,-7.08397,20.67175,7.14504
11:04:04.400476,1.00342,-0.20361,0.15112,-6.0458,19.72519,6.73282
11:04:04.409913,1.0,-0.19995,0.1521,-4.80916,20.29008,6.58015
11:04:04.417823,0.99854,-0.19287,0.13452,-4.83969,20.73282,6.25954
11:04:04.428032,0.9873,-0.19482,0.12231,-4.74809,21.34351,6.35115
11:04:04.438158,0.9856,-0.19482,0.10156,-5.60305,21.86259,6.87023
11:04:04.448106,0.98999,-0.19922,0.09253,-7.55725,22.33588,7.41985
11:04:04.458114,0.98657,-0.20923,0.12305,-9.32824,22.03053,7.35878
11:04:04.467934,0.99341,-0.19165,0.1106,-9.31298,23.37405,7.45038
11:04:04.480723,0.99023,-0.18994,0.13501,-9.20611,23.77099,6.79389
11:04:04.488120,0.98975,-0.20483,0.14722,-8.15267,24.71756,5.35878
11:04:04.498115,0.98853,-0.19849,0.14868,-5.9542,25.80153,5.17557
11:04:04.508112,0.98438,-0.19751,0.14746,-5.38931,26.96183,5.32824
11:04:04.517808,0.979,-0.19702,0.12646,-5.0229,28.32061,6.61069
11:04:04.527690,0.97583,-0.19482,0.12256,-6.0458,29.45038,7.93893
11:04:04.541347,0.97363,-0.20728,0.12378,-7.31298,30.39695,8.85496
11:04:04.548017,0.97632,-0.20215,0.14136,-9.12977,29.48092,10.12214
11:04:04.557982,0.97363,-0.20654,0.18799,-9.28244,29.25191,9.8626
11:04:04.568024,0.97705,-0.20215,0.19287,-7.60305,30.0916,9.34351
11:04:04.578026,0.97534,-0.19946,0.19116,-5.35878,31.38931,8.9771
11:04:04.587849,0.96875,-0.19995,0.18091,-4.62595,33.16031,8.79389
11:04:04.597824,0.95947,-0.21313,0.18457,-5.64885,33.74046,9.34351
11:04:04.608097,0.96045,-0.22314,0.1897,-7.63359,32.44275,9.8626
11:04:04.618100,0.96265,-0.2312,0.20459,-9.22137,31.78626,9.92366
11:04:04.627934,0.95874,-0.22437,0.21387,-8.36641,33.67939,10.29008
11:04:04.637712,0.96191,-0.22168,0.21069,-7.25191,34.41221,9.43511
11:04:04.648616,0.96289,-0.22314,0.20801,-5.9542,35.57252,9.37405
11:04:04.658056,0.95947,-0.22046,0.21436,-6.36641,35.89313,9.00763
11:04:04.668128,0.94409,-0.22534,0.24536,-8.50382,33.60305,8.33588
11:04:04.677858,0.94849,-0.23804,0.26807,-8.39695,32.9313,8.38168
11:04:04.688033,0.94312,-0.23267,0.26147,-3.55725,32.06107,7.45038
11:04:04.697209,0.93701,-0.24976,0.24585,0.33588,35.66412,7.84733
11:04:04.707888,0.9375,-0.21875,0.22144,2.9771,39.14504,9.03817
11:04:04.718041,0.92798,-0.21826,0.20874,-0.21374,41.43512,9.16031
11:04:04.728023,0.92163,-0.22314,0.23047,-5.43511,38.22901,9.61832
11:04:04.738162,0.91504,-0.23438,0.28589,-11.29771,33.92366,9.45038
11:04:04.747987,0.9248,-0.24756,0.31372,-11.70992,33.46565,8.62595
11:04:04.757881,0.93018,-0.23999,0.33887,-8.76336,34.10687,8.35114
11:04:04.767953,0.91748,-0.2793,0.37427,0.30534,36.94656,5.05344
11:04:04.777668,0.91235,-0.27002,0.36621,8.77863,37.57252,4.96183
11:04:04.787823,0.91992,-0.25439,0.34692,13.75572,39.72519,5.20611
11:04:04.798365,0.90601,-0.24878,0.31738,14.71756,40.70229,6.06107
11:04:04.807692,0.90381,-0.22852,0.29321,11.08397,40.25954,8.53435
11:04:04.817737,0.90015,-0.20972,0.26782,2.9313,40.62595,10.44275
11:04:04.828160,0.896,-0.20654,0.2793,-9.08397,38.03053,12.12214
11:04:04.838142,0.90259,-0.20752,0.29395,-17.40458,36.0458,12.99237
11:04:04.848069,0.8938,-0.23291,0.32593,-21.63359,33.54198,11.58779
11:04:04.858065,0.89136,-0.26147,0.35669,-20.47328,33.46565,10.30534
11:04:04.868093,0.8916,-0.27246,0.38501,-14.33588,35.70992,8.80916
11:04:04.877908,0.88892,-0.2749,0.38721,-8.36641,38.13741,7.48092
11:04:04.888046,0.87476,-0.27686,0.39478,-3.17557,40.44275,7.48092
11:04:04.897995,0.87524,-0.27344,0.39551,-2.30534,41.08397,7.46565
11:04:04.907445,0.87061,-0.26147,0.37988,1.03817,41.77099,8.50382
11:04:04.917414,0.85327,-0.28149,0.36157,0.85496,42.48855,8.51908
11:04:04.928027,0.84326,-0.25684,0.36084,1.9084,43.37405,10.03053
11:04:04.937179,0.85376,-0.24268,0.34497,0.77863,44.27481,9.58779
11:04:04.947930,0.84741,-0.23828,0.3562,-3.03817,43.09924,10.58015
11:04:04.958072,0.8562,-0.2417,0.39648,-8.87023,40.64122,9.78626
11:04:04.968042,0.85864,-0.26538,0.44507,-11.77099,37.46565,9.03817
11:04:04.979090,0.84595,-0.28101,0.46362,-9.80153,37.26717,7.9542
11:04:04.987835,0.84351,-0.29663,0.47827,-1.37405,39.00763,7.41985
11:04:04.997242,0.84351,-0.31299,0.50049,7.80153,41.57252,5.58779
11:04:05.008020,0.83228,-0.28979,0.47119,15.9084,46.15267,6.51908
11:04:05.018042,0.83789,-0.26367,0.44141,17.00763,48.68702,6.32061
11:04:05.027767,0.8103,-0.25122,0.41113,15.46565,50.41221,6.94656
11:04:05.038036,0.80127,-0.20874,0.37134,9.0687,49.61832,8.82443
11:04:05.048031,0.79688,-0.19019,0.36646,-3.25191,47.55725,10.21374
11:04:05.057922,0.79761,-0.2063,0.40723,-16.24427,43.78626,11.16031
11:04:05.068036,0.80688,-0.23047,0.4563,-24.83969,40.16794,10.74809
11:04:05.078174,0.79883,-0.25903,0.52075,-27.80153,38.41221,10.68702
11:04:05.087969,0.80078,-0.29858,0.59009,-25.23664,37.26717,8.58015
11:04:05.097917,0.78979,-0.30933,0.60645,-13.67939,40.07634,7.29771
11:04:05.108027,0.79395,-0.29077,0.58154,-2.76336,43.58779,6.56489
11:04:05.117523,0.77417,-0.28833,0.56006,4.10687,46.8855,6.22901
11:04:05.127545,0.77271,-0.30835,0.53589,9.08397,45.29771,6.45802
11:04:05.137922,0.75513,-0.271,0.50562,9.31298,43.86259,10.01527
11:04:05.148026,0.76392,-0.24585,0.48291,5.23664,44.12214,12.07634
11:04:05.157975,0.76099,-0.23364,0.45532,-0.41221,45.31298,13.58779
11:04:05.167798,0.76416,-0.21265,0.44653,-7.08397,46.56488,15.58779
11:04:05.177996,0.75586,-0.2417,0.49194,-15.9084,43.31298,13.72519
11:04:05.188174,0.74805,-0.26538,0.51221,-19.22137,40.80916,13.75572
11:04:05.198049,0.75269,-0.28296,0.54199,-20.10687,40.12214,12.67176
11:04:05.208082,0.73999,-0.29932,0.55933,-14.30534,44.0916,11.75572
11:04:05.218113,0.72314,-0.31348,0.61157,-7.69466,45.55725,10.25954
11:04:05.227806,0.71045,-0.30518,0.63501,-1.89313,47.19084,9.70992
11:04:05.237512,0.70337,-0.34839,0.63062,7.80153,46.77863,5.9542
11:04:05.248026,0.68262,-0.33325,0.62085,16.51908,46.0916,8.01527
11:04:05.257800,0.69287,-0.30322,0.60864,22.07634,49.03817,8.83969
11:04:05.267839,0.67871,-0.27539,0.58252,23.74046,52.0,9.69466
11:04:05.278155,0.67896,-0.25195,0.56201,17.78626,51.9542,12.12214
11:04:05.288025,0.68115,-0.21069,0.54517,3.26718,50.61069,14.45802
11:04:05.298301,0.67896,-0.20898,0.56201,-14.32061,45.61832,16.45802
11:04:05.308082,0.67773,-0.25244,0.6123,-26.27481,40.29008,15.63359
11:04:05.318176,0.67603,-0.28784,0.61646,-28.56489,40.74809,16.25954
11:04:05.328027,0.6731,-0.31152,0.66382,-25.26718,41.05344,14.8855
11:04:05.338081,0.66064,-0.34741,0.70752,-15.72519,44.27481,12.8855
11:04:05.347946,0.65234,-0.31885,0.68604,-7.40458,45.84733,12.68702
11:04:05.357919,0.63452,-0.32397,0.67163,-3.77099,46.48855,11.63359
11:04:05.367963,0.61768,-0.32422,0.67017,-2.0916,47.78626,12.19847
11:04:05.378166,0.61011,-0.30591,0.65186,-3.29771,47.31298,13.16031
11:04:05.387927,0.60913,-0.33643,0.65112,-3.45038,46.27481,11.54198
11:04:05.398258,0.59814,-0.30103,0.64893,-4.70229,45.32824,13.75572
11:04:05.408114,0.61157,-0.28345,0.65063,-7.77099,44.85496,12.64122
11:04:05.418071,0.59766,-0.31543,0.68604,-10.47328,43.17557,11.29771
11:04:05.428009,0.59375,-0.30566,0.69019,-12.30534,42.76336,12.70229
11:04:05.438042,0.60156,-0.31274,0.69238,-15.05344,42.01527,11.77099
11:04:05.448068,0.57837,-0.32935,0.71387,-13.98473,42.38168,11.38931
11:04:05.458124,0.57983,-0.32935,0.70654,-12.01527,43.05344,12.07634
11:04:05.468093,0.57324,-0.33789,0.7373,-11.80153,41.48092,11.17557
11:04:05.477811,0.55151,-0.34253,0.72534,-9.77099,41.60305,11.67939
11:04:05.488265,0.55884,-0.33398,0.71167,-9.26718,41.72519,11.92366
11:04:05.498104,0.54541,-0.35181,0.72217,-7.8626,41.16031,11.14504
11:04:05.507966,0.53491,-0.34741,0.72852,-5.45038,40.94656,11.00763
11:04:05.518046,0.54004,-0.32715,0.71509,-5.93893,40.10687,10.79389
11:04:05.527926,0.5376,-0.33667,0.70996,-6.33588,39.83206,10.15267
11:04:05.538055,0.53027,-0.3269,0.71265,-8.74809,40.32061,11.69466
11:04:05.548001,0.53638,-0.33081,0.72217,-12.9313,39.8168,11.37405
11:04:05.558032,0.5188,-0.33716,0.71191,-15.40458,39.80153,12.10687
11:04:05.568132,0.51245,-0.33228,0.70703,-16.22901,39.25191,12.12214
11:04:05.578076,0.50415,-0.3645,0.75562,-16.18321,36.85496,10.64122
11:04:05.588096,0.49341,-0.35596,0.77295,-12.50382,36.80916,10.44275
11:04:05.598088,0.50049,-0.33813,0.7583,-10.67176,38.25954,10.33588
11:04:05.607947,0.48657,-0.34692,0.73633,-8.62595,40.8855,10.58015
11:04:05.618058,0.47363,-0.34424,0.71875,-8.90076,41.43512,12.10687
11:04:05.627998,0.47681,-0.34058,0.70654,-11.8626,41.45038,12.50382
11:04:05.639931,0.45801,-0.35767,0.72925,-14.36641,38.65649,12.36641
11:04:05.648058,0.45239,-0.35327,0.72046,-14.76336,37.77099,12.68702
11:04:05.658172,0.45752,-0.36035,0.74023,-14.32061,38.0,11.26718
11:04:05.668076,0.44653,-0.3645,0.77295,-13.46565,37.69466,10.48855
11:04:05.678127,0.44189,-0.36597,0.78784,-12.85496,37.45038,10.25954
11:04:05.688131,0.43652,-0.37109,0.78784,-13.77099,36.94656,9.9542
11:04:05.698160,0.4314,-0.38306,0.80273,-13.0687,36.19847,10.22901
11:04:05.708083,0.43066,-0.37769,0.78638,-11.58779,36.65649,11.14504
11:04:05.718113,0.43066,-0.36987,0.77222,-10.87023,37.84733,11.77099
11:04:05.728064,0.41943,-0.37354,0.75513,-10.19847,38.82443,11.9084
11:04:05.738037,0.41455,-0.36621,0.75244,-11.72519,38.21374,11.84733
11:04:05.748010,0.4021,-0.37573,0.771,-14.15267,35.66412,10.54962
11:04:05.758078,0.39551,-0.38623,0.7937,-15.40458,33.0687,10.0458
11:04:05.768063,0.396,-0.38745,0.79761,-14.0916,33.40458,8.94656
11:04:05.778028,0.39624,-0.38086,0.77979,-12.29008,34.91603,8.64122
11:04:05.788515,0.39404,-0.38672,0.76294,-11.17557,37.54198,10.0458
11:04:05.798117,0.38501,-0.37671,0.74854,-12.30534,38.62595,10.51908
11:04:05.808088,0.3833,-0.39111,0.75439,-15.23664,37.08397,10.80916
11:04:05.818082,0.37231,-0.38257,0.76904,-16.06107,36.06107,10.94656
11:04:05.828056,0.35522,-0.39087,0.7915,-15.55725,34.16794,10.16794
11:04:05.837924,0.33789,-0.38916,0.83521,-12.51908,33.67939,8.9771
11:04:05.848174,0.32788,-0.38892,0.83521,-9.52672,33.98473,8.1374
11:04:05.858080,0.31519,-0.40112,0.8335,-6.25954,33.35878,7.58779
11:04:05.868177,0.31763,-0.39526,0.80835,-3.89313,33.0687,9.20611
11:04:05.878113,0.32544,-0.40503,0.8208,-4.71756,32.82443,9.41985
11:04:05.888040,0.32349,-0.396,0.8064,-6.38168,33.60305,10.58015
11:04:05.897920,0.32349,-0.38477,0.8103,-8.68702,33.54198,11.41985
11:04:05.908187,0.31226,-0.39258,0.80786,-11.57252,31.89313,10.96183
11:04:05.917928,0.31543,-0.39111,0.81934,-13.9542,29.51145,9.55725
11:04:05.928071,0.30957,-0.41797,0.85962,-15.32824,25.9084,7.72519
11:04:05.938055,0.30029,-0.43286,0.86084,-13.43511,25.37405,7.55725
11:04:05.947925,0.30273,-0.42627,0.85645,-11.17557,26.39695,7.64885
11:04:05.958031,0.29785,-0.42993,0.85376,-8.51908,27.54198,7.58779
11:04:05.967789,0.29053,-0.42114,0.84863,-7.45038,26.64122,8.0458
11:04:05.978259,0.29028,-0.42725,0.83716,-8.51908,24.45802,7.64885
11:04:05.988050,0.28418,-0.42407,0.84106,-8.44275,23.26718,7.70992
11:04:05.998198,0.29126,-0.43213,0.81982,-7.31298,22.41221,7.12977
11:04:06.008036,0.28638,-0.42358,0.83691,-6.41221,22.24427,6.82443
11:04:06.017833,0.27979,-0.42285,0.84058,-5.26718,21.32825,5.75573
11:04:06.027677,0.27026,-0.42407,0.83813,-4.91603,20.70229,4.65649
11:04:06.038522,0.27344,-0.42383,0.84326,-5.12977,18.51908,3.93893
11:04:06.047990,0.26636,-0.42798,0.84619,-5.09924,18.59542,3.80153
11:04:06.058481,0.26562,-0.42822,0.84277,-4.15267,18.12214,3.45038
11:04:06.068028,0.26538,-0.41284,0.83447,-4.36641,18.64122,4.07634
11:04:06.077995,0.26099,-0.40601,0.81665,-5.69466,18.47328,4.18321
11:04:06.087782,0.25708,-0.39648,0.80347,-7.92366,17.63359,4.18321
11:04:06.097927,0.25659,-0.40796,0.81689,-10.54962,16.0458,4.25954
11:04:06.108045,0.24512,-0.40625,0.82007,-11.58779,15.20611,3.64885
11:04:06.118002,0.24854,-0.39697,0.80737,-10.76336,15.61832,3.83206
11:04:06.128112,0.25244,-0.40625,0.80859,-9.25191,16.80916,3.69466
11:04:06.138129,0.24536,-0.39941,0.7915,-7.64885,18.42748,4.35115
11:04:06.148315,0.24951,-0.39404,0.80664,-7.87786,18.25954,4.21374
11:04:06.157947,0.22534,-0.40039,0.82593,-8.51908,16.50382,3.96947
11:04:06.167921,0.21997,-0.39404,0.83447,-7.67939,15.89313,3.60305
11:04:06.178196,0.2312,-0.40454,0.81567,-4.41221,15.1145,3.19084
11:04:06.187984,0.21484,-0.4209,0.80981,-2.01527,16.67175,4.27481
11:04:06.198036,0.22827,-0.4187,0.81323,-1.16031,17.41985,4.85496
11:04:06.208034,0.22705,-0.40576,0.81274,-3.0687,17.41985,6.0458
11:04:06.218381,0.22095,-0.38965,0.81055,-6.71756,16.80916,7.17557
11:04:06.227945,0.23047,-0.40015,0.8125,-10.47328,15.61832,7.0229
11:04:06.237951,0.22339,-0.40796,0.81372,-12.38168,15.41985,7.31298
11:04:06.247931,0.22656,-0.41968,0.81323,-12.82443,14.70229,6.85496
11:04:06.257896,0.22681,-0.42554,0.81128,-11.00763,15.64886,6.73282
11:04:06.267992,0.21777,-0.42725,0.8186,-9.66412,16.21374,6.47328
11:04:06.277692,0.22119,-0.43579,0.81616,-7.93893,17.00763,5.87786
11:04:06.288099,0.20337,-0.43579,0.82495,-7.12977,17.20611,6.0916
11:04:06.298152,0.20239,-0.43018,0.81836,-7.81679,17.89313,5.60305
11:04:06.307965,0.19824,-0.44165,0.80786,-8.03053,17.38931,4.85496
11:04:06.318072,0.19849,-0.43872,0.80835,-8.82443,17.14504,4.80916
11:04:06.328230,0.19946,-0.43604,0.80591,-10.18321,17.20611,4.27481
11:04:06.337953,0.19604,-0.44873,0.81396,-11.23664,16.41221,4.07634
11:04:06.347932,0.1897,-0.45605,0.84009,-11.12977,14.83969,3.45038
11:04:06.357939,0.17798,-0.45386,0.875,-9.05344,14.32061,2.62595
11:04:06.368082,0.17212,-0.44824,0.88086,-6.21374,14.0458,1.57252
11:04:06.378074,0.17603,-0.45728,0.88354,-3.19084,13.66412,0.27481
11:04:06.387801,0.15503,-0.48047,0.87622,2.65649,13.03817,-0.9771
11:04:06.397675,0.15527,-0.44092,0.85767,5.17557,11.12977,0.21374
11:04:06.407459,0.16382,-0.42627,0.85693,4.9313,9.70992,-0.48855
11:04:06.417180,0.15625,-0.41724,0.84717,2.61069,8.21374,0.41221
11:04:06.427415,0.16724,-0.39429,0.84692,-3.46565,6.38168,1.0229
11:04:06.437676,0.16797,-0.39111,0.84839,-8.36641,4.16794,1.28244
11:04:06.447993,0.1731,-0.40405,0.84619,-11.05344,1.89313,1.22137
11:04:06.458028,0.18896,-0.41748,0.8501,-10.12214,1.12977,1.1145
11:04:06.467368,0.18872,-0.41553,0.83398,-7.58779,1.66412,0.87023
11:04:06.477534,0.19336,-0.42358,0.83398,-4.39695,2.79389,0.48855
11:04:06.487574,0.19604,-0.41675,0.82837,-2.19847,3.23664,0.62595
11:04:06.497316,0.19385,-0.40991,0.82886,-1.96947,3.49618,0.9771
11:04:06.507671,0.18994,-0.40576,0.81299,-2.82443,4.24427,0.70229
11:04:06.517598,0.18799,-0.40869,0.79761,-3.49618,5.09924,0.91603
11:04:06.527248,0.17456,-0.40747,0.79126,-3.58779,5.77099,0.22901
11:04:06.538093,0.16406,-0.41064,0.80542,-4.74809,4.85496,-0.12214
11:04:06.547966,0.15503,-0.41138,0.81934,-6.79389,2.96183,-0.1374
11:04:06.557958,0.15845,-0.42578,0.84546,-8.39695,1.8626,-0.01527
11:04:06.568034,0.1521,-0.44043,0.86035,-8.45802,1.23664,0.06107
11:04:06.577736,0.14917,-0.43652,0.85474,-5.69466,2.06107,0.68702
11:04:06.587354,0.14941,-0.4248,0.84717,-3.45038,3.12977,0.67176
11:04:06.597503,0.15283,-0.41846,0.83057,-1.89313,3.67939,1.17557
11:04:06.607315,0.15259,-0.41162,0.81567,-2.85496,2.22901,1.41985
11:04:06.617659,0.15918,-0.41016,0.81763,-4.48855,0.83969,1.63359
11:04:06.628133,0.16553,-0.40503,0.82251,-6.33588,-0.22901,1.40458
11:04:06.637321,0.17627,-0.40894,0.81958,-6.18321,0.25954,1.41985
11:04:06.647414,0.17993,-0.41284,0.81543,-4.96183,2.0458,1.32824
11:04:06.657302,0.18091,-0.41357,0.8064,-3.98473,2.22901,0.91603
11:04:06.667414,0.17139,-0.41504,0.81445,-4.0,2.12214,1.0229
11:04:06.677256,0.17065,-0.40918,0.81616,-4.18321,1.61832,1.37405
11:04:06.687444,0.17017,-0.42456,0.81934,-5.48092,1.61832,1.38931
11:04:06.697609,0.17041,-0.42432,0.80957,-5.40458,2.27481,1.63359
11:04:06.707506,0.16675,-0.41846,0.8125,-5.60305,2.32061,1.78626
11:04:06.717533,0.16919,-0.42676,0.80957,-6.0,2.38168,1.66412
11:04:06.727444,0.16675,-0.4314,0.80713,-6.67176,1.9542,1.87786
11:04:06.737605,0.17114,-0.42163,0.81152,-7.12977,2.06107,1.54198
11:04:06.747663,0.16992,-0.42676,0.81641,-6.79389,1.92366,1.32824
11:04:06.757321,0.16919,-0.427,0.8252,-6.01527,1.63359,1.05344
11:04:06.767412,0.17139,-0.42505,0.82739,-5.55725,2.06107,0.71756
11:04:06.777360,0.16797,-0.42993,0.83179,-5.09924,1.96947,0.56489
11:04:06.787757,0.15967,-0.42822,0.82568,-5.29771,1.54198,0.18321
11:04:06.797825,0.15747,-0.4248,0.82324,-5.1145,2.39695,0.0916
11:04:06.808191,0.15088,-0.42114,0.81787,-6.22901,1.16031,-0.15267
11:04:06.818023,0.15942,-0.42358,0.81641,-6.21374,1.46565,-0.21374
11:04:06.827827,0.15771,-0.41968,0.83252,-6.15267,1.09924,-0.1374
11:04:06.837962,0.15845,-0.42041,0.82666,-5.49618,1.49618,-0.25954
11:04:06.848097,0.1604,-0.41821,0.83057,-4.65649,1.40458,-0.42748
11:04:06.858077,0.16382,-0.42139,0.82544,-3.66412,0.9313,-0.50382
11:04:06.868005,0.15918,-0.41846,0.82227,-3.75573,0.68702,-0.0916
11:04:06.878021,0.16602,-0.41577,0.81567,-3.98473,0.48855,-0.15267
11:04:06.887294,0.16968,-0.41528,0.81543,-4.12214,0.30534,0.50382
11:04:06.898144,0.16846,-0.41455,0.81543,-4.79389,-0.16794,0.53435
11:04:06.908022,0.17578,-0.40625,0.80957,-4.80916,-0.15267,0.87023
11:04:06.917794,0.17529,-0.41504,0.81348,-4.9313,-0.0458,0.82443
11:04:06.927441,0.17432,-0.41357,0.81348,-4.9313,0.71756,1.28244
11:04:06.937640,0.177,-0.41895,0.80835,-5.08397,0.29008,1.03817
11:04:06.947825,0.17749,-0.41748,0.82104,-5.12977,0.62595,1.12977
