timestamp,emg1,emg2,emg3,emg4,emg5,emg6,emg7,emg8
10:55:13.163582,2.7152564603019864,8.392501653898538,3.267452914848532,2.955052656964114,1.1655264438453827,0.6832862646563076,6.326313006825108,1.0105915549621456
10:55:13.177477,2.7502608353698363,8.04075230871923,3.905400191397765,3.0552319450321237,1.2135541684658437,0.8287220050418438,6.092045060692196,1.1789258575438537
10:55:13.185014,2.7830155255514715,7.690157602845241,4.547296994812917,3.156919068717604,1.264254267224655,0.9749061995832607,5.858006312205639,1.346729892847985
10:55:13.192575,2.8134027363730754,7.341839944515817,5.190961053197645,3.2597494535163594,1.3173957299395187,1.1211692690954715,5.624950612845907,1.51334071236877
10:55:13.200247,2.841322967559979,6.996903334210733,5.834182356283992,3.363347445432726,1.3727307988147932,1.2668479362520857,5.393622566943074,1.678103033668465
10:55:13.215731,2.866696194663055,6.656425321132241,6.474738642400982,3.4673290159054604,1.4299973251438913,1.4112920621095928,5.164752114692062,1.8403747995224995
10:55:13.222425,2.889462827234588,6.321449287248164,7.110410903700224,3.571304530546404,1.4889212528435192,1.5538712106716162,4.939049369224757,1.9995324571284379
10:55:13.237747,2.9095844301286555,5.992977141470775,7.738998741105345,3.6748815736325025,1.5492192010862538,1.6939808365489022,4.717199765333198,2.154975883830986
10:55:13.238423,2.9270442020892786,5.671962498027261,8.358335404830262,3.7776678236387826,1.6106011174492945,1.8310479982914694,4.499859568465915,2.3061329035774096
10:55:13.252649,2.9418472086279146,5.359304406889979,8.966302366874771,3.8792739696970426,1.672772970683941,1.9645365112822835,4.287651784657601,2.4524633528891338
10:55:13.267499,2.954020366977144,5.055841699638089,9.560843293734065,3.979316650639832,1.7354394497005134,2.093951469630786,4.08116250397549,2.5934626674484367
10:55:13.275059,2.963612183604202,4.762348009412716,10.13997731558375,4.077421392466462,1.798306634102184,2.2188430842264704,3.8809377017244095,2.7286649735187076
10:55:13.282377,2.97069225012052,4.479527516396391,10.701811513265477,4.173225517568806,1.861084602591257,2.338809802292428,3.6874805141057334,2.857645682594039
10:55:13.305015,2.975350508480217,4.208011458859891,11.244552563784765,4.2663809977743075,1.923489948363799,2.4535006930061094,3.5012489991628852,2.9800235991300577
10:55:13.305522,2.9776962986110207,3.9483554347377003,11.766517500138983,4.356557221920833,1.9852481734279657,2.562617104723434,3.3226543886221505,3.095462556776697
10:55:13.312561,2.9778572018980465,3.7010375022581505,12.266143549077855,4.44344364816026,2.04609593497376,2.665913619775506,3.1520598291181003,3.2036725996780033
10:55:13.320034,2.975977694645075,3.4664570727048845,12.74199700606009,4.526752312106719,2.1057831157258797,2.7631983482497,2.9897796009225357,3.3044107264132045
10:55:13.335723,2.972217628023331,3.2449345748703156,13.192781093541699,4.606220162734522,2.164074686674924,2.8543326097305144,2.836078789984787,3.3974812174025626
10:55:13.342345,2.966750555048227,3.036711858972227,13.617342739977492,4.681611196334938,2.220752326461401,2.939230052460913,2.6911733774466593,3.482735570754538
10:55:13.357380,2.959761930036788,2.8419532973502637,14.014678225640722,4.7527183539384374,2.2756157611654944,3.0178552557500073,2.5552307021715395,3.5600720742137177
10:55:13.358181,2.9514472099208424,2.660747530315933,14.383937667402906,4.819365139863064,2.3284837954009605,3.090221856269401,2.4283702483932585,3.6294350417028407
10:55:13.379917,2.942009887212799,2.4931097990409827,14.724428341836681,4.881406910341771,2.379195020088199,3.156390234108573,2.3106647135587637,3.69081374284485
10:55:13.380661,2.9316594801431464,2.338984803947634,15.035616857360894,4.938731775612344,2.4276081987432847,3.2164647922942073,2.202141319000522,3.744241052751002
10:55:13.395045,2.920609497992677,2.19825002548213,15.317130181589553,4.991261061030267,2.4736023468334603,3.2705908651017523,2.102783334138475,3.7897918471033987
10:55:13.402357,2.9090753925204087,2.070719442198026,15.568755525135444,5.038949283802564,2.517076526539059,3.3189512944494455,2.012531790832105,3.827581166051291
10:55:13.417407,2.8972725032120907,1.9561475783186713,15.79043909065808,5.081783619291555,2.5579493854063005,3.361762717677111,1.9312873683980265,3.857762172193714
10:55:13.418214,2.885414005918402,1.8542338117382313,15.982283713845407,5.119782852149721,2.5961584748198616,3.399271614152639,1.8589124322223562,3.880523932397879
10:55:13.432695,2.873708879020335,1.7646268766884272,16.14454544035255,5.152995831104435,2.631659391707134,3.431750164315971,1.7952332093489247,3.8960890565881257
10:55:13.440012,2.862359904722766,1.6869295032329767,16.27762909429241,5.181499468584429,2.664424790437656,3.4594919829189115,1.7400420825480696,3.9047112254353347
10:55:13.457119,2.851561723025455,1.6207031448523381,16.38208290674206,5.2053963441787365,2.6944433094899076,3.482807795035322,1.6930999809850058,3.9066726325955563
10:55:13.463674,2.841498952842159,1.5654727515239424,16.45859229646743,5.224811983440162,2.721718451000919,3.502021125476641,1.6541388423888836,3.902281357794299
10:55:13.477334,2.8323443912999737,1.5207315478378876,16.507972925917063,5.239891890877371,2.7462674441172736,3.517464069208684,1.622864120336087,3.891868677611841
10:55:13.478172,2.82425730121968,1.4859457757992707,16.531163174883208,5.250798417467709,2.7681201169705023,3.5294732042060177,1.598957312041514,3.8757863146175224
10:55:13.492509,2.8173817988855236,1.4605593623838231,16.529216165368553,5.257707539005937,2.7873177970877716,3.5383857007774275,1.5820784868641498,3.854403624885173
10:55:13.500117,2.8118453577018054,1.443998473623932,16.50329143493509,5.260805613728134,2.803912255417221,3.544535673932937,1.5718688023375087,3.8281047279080513
10:55:13.515082,2.807757445830001,1.435675919747518,16.45464630758961,5.260286177791169,2.8179647045201497,3.5482508183924555,1.567953000949514,3.7972855876247427
10:55:13.522413,2.805208316662833,1.4349953792495376,16.384626966603033,5.256346828384883,2.829544857410412,3.549849358757524,1.569941885136446,3.762351056065581
10:55:13.537350,2.80426797111724,1.4413554142300509,16.29465920253585,5.2491862409027075,2.83873005116952,3.549637339205942,1.5774347689494763,3.723711892687503
10:55:13.538097,2.8049853112857392,1.4541532555290417,16.1862388026309,5.23900137070789,2.845604439186486,3.5479062681736933,1.5900219030432392,3.6817817738851595
10:55:13.552533,2.8073875053153134,1.472788343127832,16.060921573506818,5.225984897817952,2.850258256442044,3.544931125332858,1.6072868666537066,3.636974307971341
10:55:13.560013,2.811479581630835,1.4966656128799252,15.920313039926484,5.210322977260505,2.8527871617441605,3.540968731777086,1.6288089177360867,3.5897000708484064
10:55:13.574986,2.8172442660040513,1.5251985243544695,15.766057910769698,5.192193354918011,2.8532916576365537,3.5362564798344462,1.6541652911161078,3.5403636784875956
10:55:13.582347,2.8246420689725253,1.5578118281248474,15.599829422415892,5.171763899761367,2.851876582260344,3.531011416014364,1.6829334342828346,3.4893609168871507
10:55:13.597570,2.833611626002321,1.5939440757611563,15.423318653256924,5.149191591755952,2.848650658980644,3.5254296681922606,1.7146931713838331,3.437075958595635
10:55:13.604848,2.8440702892297534,1.6330498814167491,15.238223863724217,5.1246219919563245,2.8437260821406465,3.519686204598426,1.7490287882668432,3.3838787036008697
10:55:13.619798,2.8559149663188323,1.674601948207516,15.04623987338942,5.09818920727614,2.837218114029829,3.513934906924633,1.7855310342762072,3.330122287394298
10:55:13.620846,2.8690231977604492,1.7180928745391773,14.849047459727643,5.070016346960097,2.829244670462303,3.50830893411706,1.8237990383166565,3.276140799725419
10:55:13.634985,2.8832544594898946,1.763036755693706,14.648302769024017,5.040216451502008,2.819925879551312,3.5029213484492776,1.8634421366760756,3.2222472559394753
10:55:13.642313,2.8984516745556306,1.8089705949898296,14.44562677560534,5.008893859009584,2.8093836079460552,3.4978659710313464,1.9040816091734591,3.168731860100751
10:55:13.657503,2.914442916139428,1.8554555367936605,14.242594897332797,4.976145959727633,2.797740957645704,3.4932184293376074,1.945352319877113,3.1158605950008993
10:55:13.664808,2.931043283713468,1.9020779311810794,14.040726940883667,4.9420652755377095,2.785121742199777,3.4890373554210687,1.9869042596692312,3.063874168035306
10:55:13.687361,2.9480569338721194,1.948450238398907,13.841477579698331,4.906741785749368,2.7716499540611044,3.4853656924647116,2.028403989672345,3.012987333811437
10:55:13.687925,2.9652792472005327,1.994211780778626,13.646227553492583,4.870265404330996,2.7574492368830716,3.482232070472692,2.0695359853813344,2.9633886046353024
10:55:13.702365,2.9824991121637927,2.03902934920393,13.456275738044788,4.832728503077557,2.742642377825709,3.4796522177279403,2.1100038801808583,2.915240349091582
10:55:13.702990,2.9995013061879994,2.0825976693848354,13.27283219242253,4.794228377904801,2.727350833807729,3.4776303807570947,2.1495316042195047,2.868679267277394
10:55:13.717539,3.0160689531060476,2.1246397301794264,13.097012264028177,4.754869573480332,2.711694301505376,3.476160731435174,2.1878644115679067,2.8238172197803255
10:55:13.724830,3.0319860352915144,2.1649069730300075,12.929831822089366,4.714766007096486,2.695790335902501,3.475228745668489,2.2247697860823696,2.780742377301318
10:55:13.739844,3.0470399376906925,2.2031793392316605,12.772203689483716,4.67404285369387,2.679754019291532,3.4748125420514775,2.2600382149750446,2.7395206497848985
10:55:13.740617,3.0610239984505925,2.2392651711668896,12.624935338319988,4.632838162781604,2.663697682273597,3.4748841688498873,2.2934838190235585,2.700197348821194
10:55:13.754981,3.0737400362470186,2.2730009654116716,12.488727895492932,4.591304176941377,2.6477306780339096,3.475410824503635,2.3249448289106653,2.6627990355585154
10:55:13.762368,3.085000818416581,2.3042509791160173,12.364176467944372,4.549608318282358,2.6319592083914727,3.4763559941396576,2.3542838970141187,2.6273355079474783
10:55:13.777489,3.0946324278527872,2.3329066945170713,12.25177175059938,4.507933808747936,2.616486194521988,3.4776804850609344,2.381388232937444,2.5938018836803525
10:55:13.784801,3.102476480755948,2.3588861483267523,12.15190283285446,4.466479893401544,2.601411178674128,3.479343348045895,2.4061695506607195,2.562180736139558
10:55:13.807325,3.108392141715378,2.382133132883418,12.064861079675692,4.425461644269166,2.5868302384240494,3.48130267733961,2.428563816883087,2.5324442395056783
10:55:13.807976,3.1122578789623536,2.4026162753746525,11.990844937935414,4.385109339825864,2.572835894076238,3.4835162885830555,2.4485307945777963,2.5045562781126964
10:55:13.822481,3.113972904863279,2.4203280012534547,11.92996551410057,4.345667441604514,2.559516992314308,3.4859422786183765,2.4660533829173628,2.478474476611328
10:55:13.822996,3.113458257993299,2.435283388818649,11.882252783025827,4.307393216043823,2.546958553214958,3.48853947348307,2.4811367633033243,2.4541521116398606
10:55:13.837885,3.1106575024372516,2.447518924450085,11.84766230309128,4.270555065366401,2.5352415730816777,3.491267771811574,2.493807368657133,2.4315398713734586
10:55:13.844908,3.1055370417368473,2.4570911729134877,11.826082312774703,4.2354306316410355,2.524442783900051,3.4940883909756453,2.504111696850437,2.41058743634419
10:55:13.859852,3.0980860623862676,2.4640753837206786,11.817341065476358,4.202304727663154,2.514634381079983,3.4969640227618757,2.512114988709295,2.391244863511547
10:55:13.860724,3.0883161318178725,2.4685640596997396,11.821214235458926,4.1714671342132155,2.5058837406246437,3.4998589047452735,2.5178997885697134,2.3734637646591006
10:55:13.875026,3.076260480481326,2.4706655148074255,11.837432212288874,4.143210290416217,2.498253151653704,3.5027388137447537,2.521564403717468,2.357198277897354
10:55:13.882386,3.061973000771026,2.4705024448888167,11.86568710212173,4.1178268945130805,2.491799590454765,3.5055709896553915,2.5232212794141535,2.342405836601394
10:55:13.897586,3.045526999120536,2.4682105298680974,11.905639275854211,4.095607428140668,2.486574559365962,3.508324001549215,2.5229953082897256,2.329047744981755
10:55:13.905841,3.027013741616267,2.463937080525038,11.956923349175874,4.076837618781316,2.4826240080343416,3.5109675718144313,2.5210220961571217,2.317089575912805
10:55:13.919922,3.0065408373246534,2.4578397379447345,12.019153543053214,4.061795859647649,2.479988345845943,3.5134723760998474,2.517446209745618,2.3065014144820526
10:55:13.920687,2.984230505572847,2.4500852290002766,12.091928437568624,4.05075061008288,2.4787025435876835,3.5158098361068535,2.5124194331875525,2.297257976750454
10:55:13.935122,2.96021777175501,2.4408481774860116,12.17483517430649,4.043957801871136,2.478796311344566,3.517951920422671,2.506099057264457,2.289338634411144
10:55:13.942373,2.9346486303812482,2.430309968576798,12.267453170693722,4.041658278795817,2.4802943299355364,3.5198709678627242,2.498646218775842,2.282727372748568
10:55:13.957513,2.9076782054911123,2.418657664059463,12.369357390737914,4.044075296998838,2.4832165068397125,3.5215395482525698,2.4902242996954462,2.277412704504221
10:55:13.964851,2.879468929743769,2.4060829660447123,12.48012118753591,4.0514121098190765,2.487578226468042,3.522930374991026,2.4809973902047684,2.273387558300114
10:55:13.979817,2.8501887570106996,2.3927812265975104,12.599318708012214,4.0638496550448755,2.4933905689516673,3.524016280273184,2.471128817987425,2.2706491569421745
10:55:13.980641,2.8200094204262274,2.37895050015547,12.726526836544691,4.081544361423045,2.5006604792605964,3.5247702579053186,2.4607797477145774,2.2691988965883723
10:55:13.995234,2.789104747857723,2.3647906353050687,12.861326653799521,4.104626098236976,2.509390876865819,3.525165571692761,2.4501078568652823,2.26904223163156
10:55:14.002348,2.7576490477031523,2.350502402148972,13.003304398637122,4.133196302508994,2.5195807036298716,3.5251759204212942,2.439266094587012,2.2701885627671037
10:55:14.017715,2.725815578423097,2.3362866504243103,13.152051936494598,4.167326325655859,2.5312249128984967,3.5247756447350294,2.4284015294003103,2.272651118046868
10:55:14.025056,2.693775114920924,2.3223434918520383,13.307166747819037,4.20705604238982,2.54431440527671,3.5239399593986653,2.417654291090589,2.2764468097711377
10:55:14.039873,2.6616946233969903,2.30887149932572,13.468251455737391,4.252392760971694,2.5588359178416535,3.522645198431995,2.4071566130334006,2.2815960449518475
10:55:14.040638,2.629736052984656,2.296066917317977,13.634912924468926,4.3033104671081635,2.5747718764562055,3.520869068245283,2.397031982956294,2.288122464541426
10:55:14.055243,2.5980552480952794,2.28412288259136,13.806760983932602,4.359749424402056,2.5921002264801163,3.518590910170855,2.387394412381129,2.2960525866069457
10:55:14.062517,2.566800982673577,2.2732286596379923,13.983406860040255,4.421616143888463,2.6107942637391353,3.515791975678292,2.3783478374078775,2.3054153305661993
10:55:14.077773,2.5361141187514176,2.2635688980545683,14.164461400127044,4.488783725795612,2.6308224926058634,3.512455715798734,2.369985664461778,2.3162414031998804
10:55:14.086632,2.50612689587162,2.2553229181248367,14.34953317990558,4.561092568995629,2.652148540216352,3.5085680828244463,2.362390471844272,2.3285625328743342
10:55:14.099962,2.476962361488257,2.2486640277590477,14.53822657366848,4.638351437404346,2.674731155125309,3.5041178387087117,2.355633870758713,2.3424105467789227
10:55:14.100680,2.448733952308432,2.2437588707749825,14.730139867268358,4.720338867232965,2.698524315345375,3.4990968621483622,2.349776519673382,2.3578162964252067
10:55:14.115008,2.4215452329224862,2.2407668039416704,14.924863487266796,4.806804893971774,2.723477465071,3.4935004459696657,2.3448682765939335,2.37480844732373
10:55:14.122455,2.395489793474072,2.239839297426229,15.1219784043307,4.897473073856018,2.749535892465524,3.4873275780141544,2.340948468574674,2.393412157350464
10:55:14.137465,2.3706513044283657,2.241119349607693,15.321054748830187,4.992042772464225,2.776641254610149,3.4805812020529427,2.3380462589833946,2.413647673107278
10:55:14.144842,2.3471037236802634,2.244740903102298,15.521650665047794,5.090191692700028,2.804732251797114,3.473268460670859,2.336181099643839,2.4355288744512427
10:55:14.160644,2.3249116483922445,2.2508282451755606,15.723311441254461,5.1915786141169695,2.833745451769283,3.4654009287738456,2.335363262627981,2.45906179630862
10:55:14.161383,2.3041308005842462,2.2594953728238205,15.92556898672882,5.2958463150004755,2.8636162633835394,3.456994851419286,2.33559445093194,2.4842431566608325
10:55:14.174958,2.2848086319720053,2.2708453010099183,16.127941765621852,5.402624648977981,2.8942800564901097,3.448071399787867,2.33686848755363,2.51105892117991
10:55:14.182635,2.266985030566901,2.2849692931880874,16.329935316444892,5.511533749036619,2.925673420337399,3.438656953384875,2.3391720801234057,2.539482937030564
10:55:14.197774,2.250693109255703,2.301945997687617,16.531043469966054,5.6221873306513395,2.957735548046666,3.428783406935362,2.3424856548506443,2.569475669370283
10:55:14.204903,2.2359600542285603,2.3218404811380453,16.730750329496125,5.734196059275253,2.9904097307721784,3.418488490733961,2.3467842499203666,2.6009830740869906
10:55:14.219949,2.222808007983909,2.34470315901268,16.928533009908595,5.84717093721172,3.023644941245298,3.4078160874051466,2.352038455246102,2.6339356398589047
10:55:14.220687,2.2112549584786256,2.3705686326119033,17.123865062450207,5.960726656448726,3.0573974808982585,3.396816527484848,2.3582153839227225,2.6682476318204666
10:55:14.235022,2.2013156052022773,2.3994544516488614,17.316220456491767,6.074484861337032,3.09163265755225,3.3855468479060504,2.365279662060089,2.703816568160312
10:55:14.242327,2.193002176116916,2.431359831820234,17.505077956129586,6.1880772664632895,3.1263264536565862,3.3740709965361524,2.373194427656804,2.7405229601537675
10:55:14.257770,2.18632517497277,2.4662643659844243,17.68992571766577,6.301148576667196,3.1614671408556214,3.362459960620069,2.3819223340477853,2.7782303448301597
10:55:14.264875,2.181294043390961,2.504126774159583,17.870265933491368,6.413359157103075,3.1970567965890884,3.3507917900001374,2.3914265574233866,2.8167856360136225
10:55:14.279872,2.1779177251693813,2.5448837405976836,18.04561935288407,6.524387404612696,3.233112681762933,3.3391514816526233,2.401671809683367,2.8560198124527623
10:55:14.280661,2.1762051226171915,2.588448885974434,18.215529524484197,6.633931780041472,3.2696684431862115,3.327630693059782,2.412625356331283,2.895748951263622
10:55:14.295035,2.176165437054712,2.6347119202474656,18.379566630891496,6.74171247385886,3.3067751083120807,3.3163272574027367,2.424258033672467,2.9357756023262858
10:55:14.302375,2.1778083872452902,2.683538017982818,18.537330817106287,6.847472690999523,3.3445018412742256,3.3053444806378613,2.4365452513151,2.9758904862984505
10:55:14.319708,2.1811442999841946,2.734767453646392,18.688454946525994,6.950979550764104,3.382936427962855,3.294790208536275,2.449467957717069,3.015874487134277
10:55:14.332422,2.1861840671657853,2.7882155295254534,18.832606750956714,7.052024601846835,3.4221854555527966,3.284775663682147,2.4630135412862586,3.0555009009217065
10:55:14.339850,2.1929389643145245,2.8436728226756323,18.969490373092707,7.150423952409118,3.4623741511682424,3.2754140702704526,2.477176638233936,3.094537897236795
10:55:14.340707,2.2014203267412364,2.900905768779411,19.09884732666894,7.24601801288625,3.5036458478138326,3.26681910498728,2.4919598192853774,3.132751146044798
10:55:14.362428,2.2116390811250963,2.9596575907523937,19.220456918237765,7.3386708477598495,3.5461610557184158,3.2591032285423127,2.507374128394478,3.16990656045037
10:55:14.363819,2.22360513327142,3.0196495701557824,19.33413618650481,7.428269136010823,3.5900961344966356,3.252375959830296,2.5234394474190633,3.205773103115197
10:55:14.379185,2.23732661766787,3.0805826512923424,19.43973942528552,7.514720750731213,3.6356415818028354,3.2467421531686886,2.540184662112666,3.2401256043319084
10:55:14.386677,2.2528090206793725,3.142139361550676,19.53715736904604,7.59795298423942,3.682999969410072,3.2423003318174066,2.5576476079866253,3.272747544364067
10:55:14.400036,2.270054195624363,3.203986026701936,19.62631613404075,7.6779104620417495,3.7323835629012874,3.2391411220405475,2.5758747813837557,3.3034337599744834
10:55:14.408119,2.2890592935803884,3.2657752554137796,19.70717601633537,7.754552804787416,3.784011659495375,3.2373458241847706,2.5949208123863845,3.331993041134631
10:55:14.414981,2.3098156380833665,3.327148662258497,19.77973024500112,7.82785211067425,3.838107678248308,3.236985151111762,2.6148477094979157,3.358250586165183
10:55:14.423202,2.3323075749272277,3.387739793594932,19.84400377252591,7.897790339587683,3.894896043538452,3.238118158209033,2.635723896582482,3.3820502826542356
10:55:14.438947,2.356511330086336,3.4471772179133495,19.90005215549312,7.964356683127085,3.954598914383461,3.2407913814127705,2.657623067473064,3.403256780458735
10:55:14.446695,2.3823939090881727,3.505087742377544,19.94796054154357,8.027545002765509,4.017432822318708,3.245038190312557,2.6806228845097024,3.4217573243184596
10:55:14.459962,2.409912069594843,3.56109971865381,19.987842743069205,8.087351414052916,4.083605285410917,3.250878354276105,2.7048035480380324,3.4374633164703985
10:55:14.468273,2.439011395312374,3.6148464011329176,20.019840352898267,8.143772088182855,4.153311466895312,3.258317812609303,2.730246267239452,3.450311581964211
10:55:14.474968,2.469625493808303,3.665969318618414,20.044121843780992,8.19680133159161,4.226730947226355,3.26734863612935,2.757031667995763,3.4602653106278614
10:55:14.490123,2.5016753344048066,3.714121618012929,20.060881583553293,8.246429989168593,4.304024679126346,3.2779491673791448,2.785238177978267,3.4673146512858426
10:55:14.497504,2.5350687367929563,3.7589713368480804,20.070338680061386,8.292644199928583,4.385332194805955,3.290084329390481,2.8149404301144854,3.4714769376780565
10:55:14.512687,2.569700017800024,3.8002045602662378,20.07273554325951,8.335424519439524,4.470769130527118,3.303706096459441,2.846207722432552,3.4727965325271124
10:55:14.519932,2.605449803089783,3.837528416988176,20.068336034658245,8.374745412265737,4.560425125235845,3.318754122114941,2.879102566419086,3.471344285683336
10:55:14.535727,2.6421850116373657,3.8706738695997625,20.057423093003976,8.41057510929894,4.654362138303145,3.3351565178973637,2.913679349096817,3.46721661263028
10:55:14.542309,2.6797590220537963,3.8993982593794767,20.040295788238033,8.442875819362465,4.752613218322242,3.3528307728732543,2.949983126908994,3.4605342104680794
10:55:14.543744,2.7180120298023436,3.9234875751684455,20.017265841965347,8.471604283215234,4.85518174177557,3.371684800301579,2.9880485628271654,3.451440439972598
10:55:14.557472,2.7567716026696356,3.9427584273840535,19.988653727221852,8.496712659911548,4.962041128148579,3.3916180954200037,3.0278990126607983,3.440099412375554
10:55:14.566704,2.795853439136221,3.9570597188045005,19.954784499281388,8.518149736799181,5.073135026731732,3.412522986075364,3.069545762875576,3.426693825005153
10:55:14.579981,2.8350623311249845,3.966274010020123,19.915983506706677,8.535862453446182,5.188377958284335,3.4342859551335763,3.1129874203909846,3.41142259045772
10:55:14.588223,2.874193329146524,3.9703185782914816,19.872572096199416,8.549797728191157,5.307656380430795,3.4567890107032686,3.158209454378705,3.3944983014574306
10:55:14.602372,2.913033104224865,3.969146166032795,19.824863376386716,8.559904575414421,5.430830130153691,3.479911078717033,3.2051838896731106,3.376144569410892
10:55:14.603880,2.951361497396082,3.9627454133625477,19.773158072007025,8.566136499468477,5.557734182954172,3.503529394899631,3.2538691490935,3.3565932700030983
10:55:14.617505,2.988953243981213,3.9511409709183085,19.717740499343336,8.568454142468326,5.688180658936638,3.52752088162149,3.304210037033191,3.3360817261415017
10:55:14.633291,3.0255798557821225,3.934393293494016,19.658874717582492,8.566828146438372,5.821961003628671,3.5517635077003313,3.3561378508118502,3.3148498585646804
10:55:14.640003,3.0610116396188314,3.912598118634051,19.596800928086566,8.561242170394467,5.958848277632451,3.5761376399494877,3.4095706020915895,3.2931373361909007
10:55:14.648237,3.0950198261907214,3.8858856351675652,19.53173218021057,8.551695986137723,6.098599503640291,3.600527399386179,3.4644133292297195,3.2711807594880242
10:55:14.662372,3.127378780860747,3.854419346747886,19.463851404341213,8.538208565599824,6.240958038171663,3.6248220331872054,3.5205584829983,3.249210910799764
10:55:14.663895,3.15786826804132,3.8183946384165415,19.393308757389036,8.520821066737607,6.3856559536986195,3.648917309899605,3.5778863735473516,3.2274501076501476
10:55:14.677549,3.186275741161664,3.778037060998253,19.320219251082605,8.499599621611292,6.532416430086152,3.6727169429326367,3.6362656756794327,3.2061096989515683
10:55:14.685699,3.2123986277636365,3.7336003559652404,19.244660632399572,8.474637825264368,6.680956158724098,3.6961340457880323,3.695553998951309,3.185387747415931
10:55:14.700074,3.23604657362853,3.6853642487978258,19.166671483560886,8.44605881481673,6.830987757750411,3.7190926201129124,3.755598534371021,3.1654669420311055
10:55:14.708208,3.2570436034008594,3.633632041042145,19.086249510144427,8.414016819556283,6.982222187300269,3.7415290732122903,3.8162367893563993,3.1465127818922
10:55:14.722339,3.2752301509717126,3.578728032847806,19.003350012767417,8.378698067618144,7.1343711478189915,3.7633937556551134,3.8772974199589947,3.128672067614412
10:55:14.723867,3.2904649130259096,3.5209948120305925,18.917884602417672,8.340320965377778,7.287149447039903,3.784652503870006,3.9386011681182,3.112071729607413
10:55:14.737500,3.3026264848038265,3.4607904526379216,18.829720301590648,8.299135520787699,7.440277329551461,3.8052881678575474,3.999961913530835,3.096818014357301
10:55:14.760579,3.3116147477962143,3.398485671500494,18.738679234925176,8.255422043480227,7.593482768695546,3.8253020991439475,4.061187852344765,3.082996041368392
10:55:14.761329,3.317351991618827,3.3344609909909435,18.644539130306057,8.209489201278338,7.7465037182855205,3.8447155681805096,4.122082814732006,3.0706697350744236
10:55:14.768216,3.3197837621181554,3.269103950021403,18.547034828176525,8.16167153692534,7.899090315045221,3.86357107494307,4.182447729205285,3.0598821276875783
10:55:14.782274,3.3188794323989126,3.2028063973182523,18.44586095272323,8.112326556340696,8.051007020784194,3.881933513271832,4.242082234227183,3.0506560202969615
10:55:14.783856,3.314632494947158,3.1359618956343236,18.340675851747534,8.061831498752802,8.20203469987199,3.899891149073024,4.300786428114712,3.042994981087872
10:55:14.797569,3.307060575876291,3.0689632638907307,18.231106868059715,8.010579893325751,8.351972637226947,3.917556374976535,4.358362737217258,3.036884652782854
10:55:14.805732,3.2962051790301645,3.0022002838021997,18.1167569573028,7.95897799787766,8.500640506654348,3.9350662094722897,4.414617871536217,3.032294337545632
10:55:14.821377,3.282131176451296,2.936057594751551,17.997212607126524,7.907441205580193,8.64788029439345,3.952582515556887,4.469364829201366,3.029178826598611
10:55:14.828315,3.2649260688805177,2.870912793609423,17.8720529413124,7.856390497791092,8.793558167836029,3.9702919194549136,4.522424909670629,3.0274804422361674
10:55:14.849904,3.244699043365494,2.8071347454901954,17.74085981757214,7.806249016024821,8.937566257357368,3.9884054120232078,4.573629701075375,3.027131259723412
10:55:14.851303,3.221579854788139,2.7450820992441325,17.603228658738708,7.757438822573282,9.079824295480329,4.007157615015385,4.622823015989751,3.0280554743204062
10:55:14.857462,3.1957175555543,2.685101990141075,17.458779705368144,7.710377915671799,9.220281037763861,4.026805693314943,4.66986275579297,3.030171874453753
10:55:14.865862,3.167279095082203,2.6275289037919274,17.307169357381966,7.665477558115543,9.35891537712026,4.047627892183115,4.71462268377802,3.0333963776264956
10:55:14.880021,3.1364478098264925,2.572683671340525,17.14810129429107,7.623139964415174,9.495737060583117,4.069921674343152,4.756994084114762,3.0376445833941017
10:55:14.888188,3.1034218246630663,2.520872566187748,16.981337125498474,7.583756370475118,9.63078692919532,4.0940014272519045,4.796887283070787,3.0428342985091996
10:55:14.902313,3.068412385486096,2.4723864751214673,16.806706401741398,7.547705484623598,9.764136629462339,4.120195711630631,4.834233013443346,3.0488879912750493
10:55:14.903909,3.0316421409916936,2.427500120179274,16.624115882262473,7.515352294624558,9.895887784289917,4.148844033237971,4.868983611365004,3.055735132589028
10:55:14.917536,2.9933433916078624,2.38647131224422,16.4335579790879,7.48704718687764,10.0261706540644,4.18029314124324,4.901114042093085,3.0633143801133436
10:55:14.933200,2.953756326778478,2.3495402236781966,16.23511829610888,7.463125323197192,10.15514235475636,4.214892882917288,4.930622754050621,3.0715755623588117
10:55:14.940018,2.9131272756285527,2.3169286733402017,16.028982167643854,7.443906213814993,10.282984719294342,4.252991667871848,4.957532356817494,3.0804814231895876
10:55:14.948210,2.8717069961034296,2.2888394206886296,15.815440094447322,7.429693417336761,10.409901884576565,4.294931611049672,4.981890110405405,3.0900090926977657
10:55:14.962371,2.829749022309329,2.265455466487292,15.59489197798277,7.420774290346778,10.536117663145038,4.341043432986341,5.003768203047133,3.100151254220738
10:55:14.963897,2.787508080823414,2.246939358219112,15.367850062719166,7.417419709860909,10.661872728079118,4.3916412023425195,5.0232637855505855,3.110916978548988
10:55:14.977442,2.7452385771178434,2.2334325003366535,15.134940508123016,7.419883707607765,10.787421613213521,4.447017011541368,5.040498722878537,3.1223321976351417
10:55:14.986408,2.703193145286932,2.225054472759607,14.896903524720203,7.428402981337666,10.913029511287869,4.5074356802691895,5.055619017735917,3.1344397944361306
10:55:15.000153,2.6616212499705045,2.221902364497503,14.654592016590934,7.443196271769015,11.038968837443537,4.573129581439941,5.068793856971206,3.1472992934566473
10:55:15.007476,2.6207678299877673,2.224050132399823,14.40896867046438,7.46446360524673,11.165515513296778,4.644293680404043,5.080214231128025,3.1609861460387694
10:55:15.022321,2.5808719775485427,2.2315479979830677,14.161101426678988,7.4923854026812915,11.292944921037149,4.721080872744066,5.090091082455034,3.175590613058369
10:55:15.023822,2.542165651455674,2.244421898259547,13.912157281880964,7.52712145081778,11.421527484387559,4.803597698909796,5.098652949215645,3.1912162552908465
10:55:15.037505,2.5048724247988776,2.2626730096970165,13.663394423169125,7.5688097274937,11.55152385973579,4.891900503442519,5.106143096553738,3.207978050302605
10:55:15.053331,2.4692062681705265,2.2862773681823376,13.41615276650905,7.617565071099919,11.683179765811085,4.98599209316906,5.112816156407206,3.2260001651062504
10:55:15.059893,2.4353703712409005,2.315185611717926,13.171843036489065,7.673477686252098,11.816720533789722,5.085818936260067,5.118934335339687,3.245413423819256
10:55:15.067484,2.403556009361349,2.3493228747646393,12.931934556112283,7.736611482116773,11.952345504889268,5.191268936022059,5.124763280395555,3.266352517197768
10:55:15.082467,2.373941465212488,2.38858886181002,12.69794191547937,7.807002248395099,12.090222425093518,5.302169810199159,5.130567712903041,3.2889530070760697
10:55:15.083814,2.346691015571626,2.4328581228216914,12.471410675356864,7.884655689663706,12.230481984937281,5.418288105362434,5.136606948344816,3.3133481848506525
10:55:15.104815,2.3219539898534274,2.4819805462351123,12.253902256717543,7.96954536235774,12.373212638526194,5.539328871781845,5.143130419487549,3.3396658485124875
10:55:15.106515,2.2998639021825356,2.5357820772888284,12.046978183285924,8.061610586150023,12.518455825052818,5.664936013897275,5.150373312094179,3.368025066122869
10:55:15.127542,2.2805376543123415,2.5940656613263546,11.852183877482227,8.160754424567804,12.666201712233459,5.794693316709643,5.158552410633757,3.398532995160473
10:55:15.128866,2.264074803325408,2.656612403743671,11.671032241900148,8.266841839291965,12.816385576683103,5.92812613356461,5.167862239595505,3.4312818269897694
10:55:15.142334,2.2505568852639715,2.7231829318121146,11.504987269166154,8.379698113927207,12.968884922148401,6.064703708612522,5.1784715770566905,3.466345922649162
10:55:15.143843,2.2400467831880113,2.7935189399106246,11.355447907953483,8.499107618346944,13.123517412320394,6.203842097568065,5.1905204103395395,3.5037791991050655
10:55:15.164809,2.232588126624897,2.867344899071374,11.223732381841637,8.624812950914015,13.280039668548676,6.344907643114743,5.2041173962032845,3.543612814962393
10:55:15.166394,2.228204711554309,2.9443699126941465,11.111063125107743,8.756514461153888,13.438146960822039,6.487220956966822,5.21933787867688,3.5858531940305824
10:55:15.180176,2.226899938202669,3.0242896997387865,11.01855247660135,8.893870128955108,13.597473803939673,6.630061358471541,5.236222507630613,3.630480416162463
10:55:15.187704,2.228656277304889,3.1067886819631694,10.947189263774328,9.036495767722256,13.757595462413684,6.772671718705088,5.25477649184906,3.6774469972625212
10:55:15.202802,2.2334347899758407,3.191542142831397,10.897826410416453,9.183965533080071,13.918030373361177,6.914263661402419,5.274969510350215,3.72667707328075
10:55:15.203976,2.241174737003666,3.2782184157034604,10.871169705473944,9.335812749968307,14.078243514304699,7.054023081256199,5.296736292631778,3.7780659965140915
10:55:15.225078,2.251793318100613,3.366481052352387,10.867767867886636,9.491531103803943,14.237650756563543,7.191115954792802,5.31997786248793,3.8314803476777923
10:55:15.226404,2.2651855815139452,3.455990922857049,10.888004029518715,9.65057625986485,14.395624238859849,7.324694431608767,5.3445634231949235,3.886758364166047
10:55:15.247498,2.281224540994985,3.546408204036379,10.932088736792096,9.812367972859244,14.551498767874213,7.453903196836879,5.370332845399142,3.9437107823097426
10:55:15.248937,2.2997615307870336,3.637394222336636,11.000054544805835,9.976292731745756,14.704579212149923,7.577886088687758,5.397099702596215,4.002122087366208
10:55:15.262481,2.320626820118903,3.728613125424612,11.091752246228024,10.141706964541326,14.854148814185265,7.695792942615439,5.424654783105815,4.061752158522745
10:55:15.263947,2.343630497700511,3.8197333650479712,11.206848743396256,10.307940811202483,14.999478311917386,7.8067866196500795,5.452769994283051,4.122338287693097
10:55:15.278499,2.3685636254807108,3.9104289845193216,11.344826545995726,10.474302460014368,15.139835740563488,7.910050160796553,5.481202566773198,4.18359754119685
10:55:15.286983,2.3951996509325935,4.000380718056131,11.504984872077802,10.6400830319,15.274496776685172,8.004793992543947,5.509699463629917,4.245229423821645
10:55:15.299793,2.423296059602403,4.089276923084822,11.686442349942523,10.804561985772459,15.402755478611779,8.090263093442262,5.5380018977047065,4.306918797445688
10:55:15.307537,2.452596244933844,4.176814376469671,11.888141346960376,10.967013007024235,15.523935264450513,8.165744023175575,5.565849858268628,4.368339003435757
10:55:15.322332,2.4828315694250054,4.262698970263783,12.108853966614667,11.126710336109191,15.6373999587632,8.230571720051506,5.592986547032905,4.429155139095872
10:55:15.323820,2.513723588880793,4.346646344203215,12.347189747311495,11.282935501305062,15.742564749334713,8.284135995187539,5.6191626308140314,4.48902744079054
10:55:15.337549,2.5449864104681663,4.428382493371806,12.60160507119888,11.434984435035213,15.838906935587175,8.325887688305901,5.644140235421388,4.547614728290742
10:55:15.345709,2.576329156947579,4.5076443902600865,12.870414255811038,11.582174961345995,15.925976409857821,8.35534448820959,5.66769662750757,4.6045778670921935
10:55:15.359912,2.6074585137022446,4.584180658946566,13.151802259339432,11.723854631560423,16.003405868935406,8.372096447185585,5.689627549359817,4.659583208601496
10:55:15.367525,2.6380813397602054,4.6577523347850525,13.443838886868173,11.859408857579579,16.07092078543767,8.375811226874132,5.709750181827339,4.712305971981992
10:55:15.382302,2.667907326879704,4.728133737280968,13.744494348192111,11.988269257531536,16.128349169931465,8.366239107809324,5.727905715979697,4.7624335366219785
10:55:15.383809,2.6966516921857093,4.795113478081021,14.05165599131643,12.109922096179286,16.17563113335583,8.343217787093458,5.743961520276185,4.809668621152596
10:55:15.397496,2.7240378914225243,4.858495620569341,14.363146013637454,12.223916681972362,16.212828229989512,8.306676988287954,5.757812899853672,4.85373233221426
10:55:15.406041,2.7498003421948374,4.918101002813406,14.676739927765004,12.329873581087282,16.240132531873993,8.25664291429153,5.769384457875233,4.894367071100973
10:55:15.419803,2.773687148486332,4.97376873122168,14.990185533635687,12.427492523835403,16.25787535206229,8.19324257795311,5.778631083640745,4.931339287832911
10:55:15.427438,2.7954628179589665,5.025357847197312,15.30122213701599,12.516559897385184,16.266535489626673,8.11670803736371,5.785538604693672,4.964442071831151
10:55:15.442297,2.8149109614743315,5.072749163470472,15.60759977092578,12.596955729404987,16.266746819439447,8.027380542776536,5.790124147322501,4.9934975696108035
10:55:15.457307,2.831836959711237,5.11584726170565,15.907098222225855,12.668660070941167,16.259305012354396,7.925714575843495,5.792436250949706,5.018359224320971
10:55:15.458141,2.8460705748901094,5.154582637315525,16.19754572482045,12.731758692497616,16.245173159875918,7.812281734677764,5.792554777761117,5.038913836987055
10:55:15.466342,2.8574684777468518,5.1889139681369105,16.476837230274107,12.78644802021448,16.225486085777714,7.687774392206193,5.79059065097427,5.0550834511549425
10:55:15.487495,2.8659166530099327,5.218830469488735,16.742952192561255,12.833039257829126,16.201553139587975,7.553009031490676,5.786685445851444,5.066827060779272
10:55:15.488908,2.8713326422284298,5.244354281501587,16.99397180911252,12.871961660201121,16.174859279908123,7.408929143145234,5.781010849237034,5.074142138143644
10:55:15.502296,2.8736675813089585,5.265542819340304,17.228095653003464,12.90376493899708,16.14706428135928,7.256607560217373,5.77376799595849,5.077065975721038
10:55:15.510066,2.872907991019453,5.282491005318217,17.443657613551103,12.9291207832058,16.119999946226283,7.097248104512834,5.765186682949572,5.075676832168911
10:55:15.524876,2.8690772809891563,5.295333294393908,17.63914103716943,12.948823464534309,16.09566526324924,6.932186419681317,5.755524456236959,5.070094868020754
10:55:15.526370,2.862236930686869,5.304245402183396,17.813192932358845,12.963789476815329,16.076219515540245,6.76288986529961,5.745065564983438,5.060482853407357
10:55:15.539944,2.852487314586233,5.309445649574414,17.964637074680454,12.975056137986664,16.06397338554816,6.5909563446346,5.734119779783881,5.047046629550771
10:55:15.547465,2.839968143604499,5.311195851258414,18.092485821770918,12.983779070351936,16.061378137962702,6.41811194578668,5.723021075923858,5.030035306031636
10:55:15.562326,2.8248585014579457,5.309801696089329,18.19595043311548,12.991228479274469,16.071012995730513,6.246207300819934,5.712126186932458,5.00974117591741
10:55:15.577495,2.8073764640395327,5.305612593762391,18.274449691107122,12.998784180778518,16.095570875814396,6.077212611348111,5.701813043871392,4.986499332898229
10:55:15.584799,2.7877783028303393,5.299020991737352,18.327616635623386,13.007929380479464,16.137842716860717,5.913211341059566,5.6924791312926875,4.960686979865552
10:55:15.586290,2.766357286731053,5.290461191590416,18.35530325089123,13.020243261540083,16.20070068454489,5.756392619399096,5.684539804346299,4.932722424117295
10:55:15.599827,2.7434421050106605,5.2804077079333105,18.35758298920782,13.037392480949292,16.287080555919335,5.6090424263838985,5.678426615654563,4.903063756955939
10:55:15.607464,2.7193949345162935,5.269373214805972,18.33475108784236,13.061121696636777,16.399963558427245,5.473533638592904,5.674585693605329,4.872207213779033
10:55:15.629792,2.6946091697582393,5.25790611950809,18.28732271781783,13.093243254161536,16.54235788882206,5.352315017295622,5.673476198428873,4.840685205861748
10:55:15.631309,2.6695068304890723,5.24658779843954,18.21602906754649,13.135626149954641,16.717280079129097,5.247899213924165,5.675568862756161,4.809064009228499
10:55:15.645288,2.6445356614376414,5.236029526440946,18.121811497445005,13.190184358938138,16.927736320319887,5.162849856362726,5.6813446038285305,4.777941092788516
10:55:15.646852,2.6201659434093534,5.226869129832172,18.005813913870504,13.25886457783865,17.17670380589649,5.099767767119764,5.691293180482328,4.747942071034921
10:55:15.660009,2.5968870429412356,5.219767393219755,17.86937351531962,13.343633408823786,17.46711212440498,5.061276359605762,5.705911863049483,4.719717278788775
10:55:15.667513,2.5752037368307574,5.215404252271475,17.71401006453274,13.446464004234537,17.801824718130813,5.050006264817604,5.725704086613141,4.693937985529489
10:55:15.682399,2.555632354689274,5.214474809339827,17.54141384022348,13.569322212654601,18.183620434946455,5.068579252383121,5.751178061810619,4.671292287448338
10:55:15.697483,2.538696784606431,5.217685213599385,17.353432431929374,13.71415229839181,18.615175221458813,5.119591517745794,5.7828453182594854,4.652480727061694
10:55:15.704760,2.524924384287899,5.225748450297388,17.152056566871973,13.882862336691037,19.099044020794004,5.205596405645541,5.821219153365248,4.638211689291265
10:55:15.706319,2.5148418346171217,5.2393800862703985,16.939405187102466,14.077309408475177,19.637642935777677,5.329086631143785,5.866812955937024,4.629196613619268
10:55:15.721507,2.508970965879617,5.259294022351473,16.717710008653047,14.299284734178444,20.233231704360016,5.4924760517314555,5.920138373035361,4.6261450519620135
10:55:15.728393,2.5078245794752414,5.286198304473553,16.489299784756806,14.55049890217543,20.887896527272098,5.698081047098031,5.981703292011071,4.6297595964722875
10:55:15.742364,2.5119022810087452,5.320791039065818,16.256584470180016,14.832567361602221,21.603533295789997,5.948101580684837,6.052009615477825,4.6407307001986045
10:55:15.750008,2.5216863364059634,5.36375644350363,16.02203945102707,15.146996352527838,22.381831277156742,6.244602043317042,6.131550810045812,4.6597314129596885
10:55:15.764833,2.537637563244224,5.415761042507416,15.788189967192773,15.495169432334507,23.224257312755192,6.589492002558358,6.22080920935829,4.6874120544172815
10:55:15.766311,2.560191274920871,5.47745000131109,15.557595817285817,15.878334731410694,24.132040577992168,6.984506993774509,6.320253053882931,4.7243948500081006
10:55:15.779962,2.5897533029511157,5.5494435692831585,15.332836401144313,16.297593047109526,25.10615796375613,7.431189489503345,6.430333259374086,4.771268565874659
10:55:15.787472,2.6266961290321476,5.632333594974363,15.116496118252694,16.753886870739343,26.147320167528697,7.930870176718617,6.551479922038189,4.828583193197848
10:55:15.802423,2.6713551619142235,5.726680066088339,14.911150093922707,17.247990433728482,27.255958599453564,8.484649662764093,6.684098585016374,4.896844743438508
10:55:15.810028,2.724025194935783,5.833007625392832,14.7193501485445,17.780500845366163,28.432213186308665,9.093380725962422,6.828566301383913,4.976510218086966
10:55:15.826764,2.784957078491234,5.951802013847613,14.543610867131113,18.351830372517572,29.675921092878564,9.75765122871234,6.985227530132608,5.067982808105911
10:55:15.828409,2.8543546372399127,6.083506391942352,14.386395580160132,18.96219988851686,30.986606300649054,10.477767816936659,7.1543898936317305,5.171607362313018
10:55:15.839895,2.9323718547219437,6.228517488834363,14.250102049411556,19.61163349986136,32.363469923554234,11.253740537966175,7.336319810660784,5.287666145678763
10:55:15.847525,3.0191103394826606,6.387181531256537,14.137047682089268,20.299954341435654,33.805381131381104,12.08526852263494,7.5312380034466875,5.416374892941736
10:55:15.862386,3.114617078645581,6.559789917108132,14.049454174977246,21.02678150420638,35.31086860675267,12.971726899746322,7.7393148659695665,5.557879153837158
10:55:15.869956,3.218882479219165,6.746574622185838,13.989431588701299,21.79152801723482,36.87811256390041,13.912155135298724,7.96066567677921,5.712250924711109
10:55:15.884912,3.3318386957139516,6.947703353226613,13.958961929251858,22.593399750048157,38.504937463155244,14.905246999495999,8.19534564052584,5.87948556414511
10:55:15.886404,3.453358244033527,7.1632744766100656,13.959882353422017,23.4313950395984,40.188805619404775,15.9493423514528,8.443344745478203,6.059498991968006
10:55:15.899835,3.5832529035391896,7.393311760159299,13.993868129831062,24.30430478616861,41.92681190508052,17.042420899718902,8.704582432288806,6.252125169912052
10:55:15.907494,3.7212729105723934,7.637758973781423,14.062415493501431,25.210712711585188,43.71567970362503,18.182098062876673,8.978902089020288,6.4571138623518625
10:55:15.922342,3.86710644931803,7.896474408611067,14.166824534597337,26.148995445953766,45.551758226795705,19.365623036614654,9.266065419285965,6.674128681244976
10:55:15.930625,4.020379452343056,8.169225393409576,14.30818226531635,27.11732213778486,47.431021329077716,20.589879183931764,9.565746764471152,6.902745428619438
10:55:15.952310,4.180655734262505,8.455682910582055,14.487346022862361,28.11365340118709,49.34906805744462,21.851386902955866,9.877527488498494,7.142450757353414
10:55:15.953838,4.347437495203509,8.755416441642705,14.704927397871414,29.135739620846053,51.30112531464499,23.146309174636873,10.200890555120015,7.392641174843655
10:55:15.959791,4.520166240846772,9.067889196906544,14.96127692205736,30.18111887155728,53.28205310344323,24.470460024249228,10.53521544661988,7.652622417503553
10:55:15.967467,4.698224169020509,9.392453897507098,15.25646979193598,31.247114891519825,55.28635281366517,25.81931613226801,10.879773587066774,7.921609230618801
10:55:15.982345,4.8809360703120985,9.728349279072296,15.590292933392673,32.33083563352369,57.30817893639435,27.18803180850422,11.233724440521831,8.198725600628537
10:55:15.990040,5.067571785876772,10.074697485459813,15.962233720601892,33.42917292464578,59.34135449096772,28.57145751136768,11.596112459915073,8.483005507381769
10:55:16.005005,5.257349260615742,10.430502525191379,16.37147065900185,34.53880373790132,61.37939036545745,29.964162055901703,11.96586507334734,8.773394291284852
10:55:16.006370,5.449438221407637,10.79464996724815,16.8168663339962,35.65619353960966,63.41550870041687,31.360458606859357,12.341791910314948,9.06875075713755
10:55:16.019956,5.642964496118657,11.16590804479696,17.296962915176575,36.77760211682519,65.44267036473924,32.754434492389905,12.722585478679557,9.367850151139361
10:55:16.028300,5.837014971500243,11.542930309380987,17.809980482440313,37.89909220667889,67.45360647146046,34.139984795280284,13.10682349096257,9.669388141802404
10:55:16.049810,6.030643170317048,11.924259937458327,18.353818400055367,39.01654116184878,69.44085378647969,35.51084958352685,13.492973002500616,9.971985910638079
10:55:16.051269,6.222875412464595,12.308335743154721,18.926059913592244,40.1256558155198,71.39679382610012,36.860654546141575,13.879396471978882,10.27419642303921
10:55:16.064802,6.412717512774811,12.693499902874143,19.523980095204244,41.22199065637039,73.31369541308136,38.18295472381226,14.26435979814914,10.574511912336101
10:55:16.066386,6.599161960629073,13.078007354065951,20.14455722083139,42.30096936826161,75.18376042182804,39.471280969456494,14.646042332033268,10.871372574865205
10:55:16.080264,6.781195522393173,13.460036793457013,20.78448762577994,43.35790970951335,76.9991723594675,40.719188723339485,15.022548812318185,11.163176442025222
10:55:16.088540,6.957807203486154,13.83770316933203,21.440204050886802,44.38805160568309,78.75214732251881,41.92030862885941,15.391923122143488,11.448290367679924
10:55:16.102366,7.127996499290163,14.20907153923879,22.10789746098951,45.38658822955148,80.43498679016295,43.06839845369775,15.752163720122775,11.72506204796887
10:55:16.110177,7.290781852991281,14.57217214901873,22.78354228801764,46.34869975626015,82.04013167940987,44.15739572267997,16.10124055948245,11.9918329754991
10:55:16.124889,7.445209227045513,14.925016577149702,23.462925018226038,47.269589408306004,83.5602170599498,45.18147040595501,16.437113274776312,12.24695221638502
10:55:16.126378,7.590360687227844,15.265614773782108,24.14167600675348,48.144521346045416,84.98812687664521,46.13507693024809,16.75775038299965,12.488790881294001
10:55:16.140096,7.725362894565147,15.591992802563508,24.815304363635832,48.96885992094721,86.31704795774002,47.01300469809607,17.061149217325458,12.71575713931139
10:55:16.148224,7.849395396755493,15.90221106562969,25.479235709851732,49.738109786090455,87.54052252296943,47.810426234523206,17.34535629255199,12.926311598625254
10:55:16.170087,7.961698602836613,16.194382761421952,26.128852544313293,50.44795634315092,88.65249839270908,48.522942065491286,17.608487793093527,13.118982853349797
10:55:16.171308,8.06158131265951,16.4666922941009,26.7595368896373,51.094305997856736,89.64737616269237,49.146621481797666,17.848749871175045,13.292382971591175
10:55:16.185054,8.148427659579875,16.717413323822928,27.36671479545784,51.67332568573519,90.52005270008756,49.678038432424415,18.064458436610636,13.445222675612817
10:55:16.186363,8.221703316847037,16.94492612418507,27.945902177184724,52.181481086295015,91.26596035456028,50.1143018898754,18.254058107497073,13.576325942663786
10:55:16.200161,8.280960821825573,17.14773390686579,28.492751368232828,52.61557285653772,91.8811012547537,50.45308013545358,18.41613997972286,13.68464373997581
10:55:16.208292,8.32584389024253,17.324477794083805,29.003097684442483,52.9727701287689,92.36207606193643,50.69261854897917,18.549457874556474,13.769266606058132
10:55:16.222487,8.356090624822466,17.473950171870623,29.473005258277208,53.25064050247177,92.7061066715064,50.83175067517859,18.65294274755565,13.829435807066066
10:55:16.230374,8.371535567321931,17.595106234578825,29.89881140248679,53.44717584052855,92.91105259825245,50.86990258204904,18.725714987242732,13.864552829689423
10:55:16.244880,8.372110593735567,17.687073611497212,30.27716879599667,53.560813307750024,92.97542105584878,50.80709080224217,18.767094385540986,13.874187011935982
10:55:16.246329,8.357844696572977,17.749160024284432,30.605084827493606,53.59045119295044,92.89837092519105,50.643914395993704,18.776607611795235,13.858081153219553
10:55:16.260084,8.32886272454873,17.780858951595125,30.87995747359414,53.53545912136053,92.67971087984382,50.38154182194692,18.753993068980396,13.816154988019743
10:55:16.268899,8.285383158802778,17.781853291326073,31.099607137009173,53.39568235354845,92.3198919960999,50.02169332027349,18.699203064616682,13.748506460854854
10:55:16.283007,8.227715005309964,17.75201703296681,31.26230393356829,53.17144004053289,91.81999530635912,49.56661942678091,18.612403295654588,13.65541080441338
10:55:16.290270,8.156253883856403,17.691414986912644,31.36678997967587,52.863517543892236,91.18171492347871,49.01907610111589,18.493969719704747,13.53731748599697
10:55:16.304936,8.071477396108651,17.600300652105517,31.4122962724885,52.47315316113784,90.40733746515659,48.382296819817526,18.344482952265917,13.394845137152055
10:55:16.306427,7.9739398573877,17.479112329987817,31.39855378829369,52.00201978071999,89.49971849982094,47.6599618949054,18.164720384213037,13.228774613354162
10:55:16.320004,7.864266480588777,17.328467618111205,31.325798498736237,51.45220214320744,88.46225666915481,46.856165244541494,17.955646256168116,13.04004034788845
10:55:16.328204,7.743147108712555,17.149156447837925,31.194770149057828,50.826170513929355,87.29886606519541,45.97537884564796,17.718399955825625,12.829720170661687
10:55:16.342286,7.611329601486505,16.942132858576457,31.006704829225903,50.12675164828808,86.01394735186386,45.0224151110081,17.45428281480596,12.599023763859368
10:55:16.350136,7.469612984226795,16.708505707798075,30.763321530881203,49.357097930103485,84.61235802923566,44.00238745754833,17.16474367135826,12.349279931367633
10:55:16.364878,7.318840459755298,16.449528494262296,30.46680296707566,48.520655502242086,83.09938218415301,42.92066939990829,16.851363446822642,12.081922875470404
10:55:16.366387,7.159892369889332,16.166588432349286,30.119770939262118,47.62113212229474,81.48070006965541,41.782852621225054,16.51583897572726,11.798477699462792
10:55:16.380261,6.993679177006677,15.861194876770378,29.72525652460702,46.66246538444896,79.76235786484243,40.59470459143146,16.159966337136343,11.500545375408523
10:55:16.388165,6.821134520821335,15.534967172219915,29.286665398197485,45.648791853203925,77.95073792021164,39.36212635316865,15.785623946234807,11.189787421009655
10:55:16.402331,6.643208390048293,15.189621994403213,28.80773872826287,44.58441754783461,76.05252965451514,38.091111047284706,15.394755664400869,10.867910518082752
10:55:16.410050,6.460860432489468,14.826960250551956,28.292510250062815,43.473790089086286,74.07470104850155,36.787703628401445,14.989354166766102,10.536651284966855
10:55:16.424870,6.275053412074856,14.448853607545725,27.745260262544047,42.32147266434253,72.0244704301163,35.457962073341676,14.571444771262327,10.197761392195128
10:55:16.432482,6.086746810785249,14.057230707108861,27.17046735285742,41.132119786756476,69.90927803481583,34.10792024862405,14.143069887722298,9.852993185470101
10:55:16.455803,5.896890569352759,13.65406311357992,26.572758641358195,39.91045463718446,67.73675670671203,32.74355249707781,13.70627419413543,9.504085951996151
10:55:16.458192,5.70641896375521,13.241351030604593,25.956859288389772,38.66124762295775,65.51470109624469,31.370739933149064,13.26309059366253,9.15275293738191
10:55:16.463250,5.516244624556508,12.82110882801021,25.32754194741703,37.38929570453984,63.251034798764934,29.995238394714946,12.815526955716413,8.800669192582761
10:55:16.477497,5.327252721345182,12.395350440605807,24.689576805664544,36.09940204433359,60.95377505212755,28.62264797579348,12.365553605053567,8.449460304537846
10:55:16.484785,5.14029535082023,11.966074729279896,24.047682822802642,34.7963556001782,58.630994845394085,27.258384064043724,11.915091503195848,8.100692041843141
10:55:16.492534,4.956186180254924,11.535250924107377,23.40648074324351,33.48491038997337,56.290782542680276,25.90764985018656,11.466001072108982,7.755860931262126
10:55:16.507514,4.775695406048467,11.10480429997388,22.770448403218236,32.16976428375836,53.94119935469836,24.575410369609152,11.020071638791741,7.41638577502219
10:55:16.508879,4.599545088857235,10.676602268609923,22.143878784984263,30.855537328717535,51.590235168636504,23.266368246350584,10.579011519867475,7.083600121214275
10:55:16.522534,4.428404921489468,10.252441097088138,21.530841204003718,29.546749747840288,49.245763357240705,21.984941385467867,10.144438801975973,6.758745703391116
10:55:16.530311,4.2628884744278945,9.834033467966615,20.935145957662748,28.247799835722695,46.915495228444435,20.73524287555815,9.717872898271462,6.442966864390507
10:55:16.545007,4.1035499509244735,9.422997078351568,20.360312710956563,26.962942005123384,44.60693476973002,19.521063331409344,9.300726975537222,6.137305973414177
10:55:16.552556,3.9508814746559215,9.020844444723288,19.809542842641115,25.69626524849022,42.32733431670039,18.345855857805887,8.89430135413015,5.84269983819451
10:55:16.569021,3.8053109304222197,8.628974047759906,19.28569592645323,24.451672293550686,40.08365175182317,17.21272377355181,8.499777983904,5.559977107845285
10:55:16.570151,3.6672003795921437,8.248662919261255,18.79127047382392,23.232859748877974,37.882509822116255,16.124411204753194,8.118216091937953,5.28985665607879
10:55:16.582359,3.536845071893449,7.8810607396675145,18.32838901229508,22.043299540647762,35.730158145275695,15.083296625837892,7.7505490823267,5.032946927586087
10:55:16.597555,3.4144730709722895,7.5271854784838315,17.898787519660964,20.88622192477447,33.63243843395624,14.091389381730558,7.397582745034207,4.789746222568709
10:55:16.604926,3.3002455034645646,7.187920572790251,17.503809185311827,19.76460031721911,31.594753399098572,13.150329165318134,7.059994800478267,4.560643887135787
10:55:16.612607,3.1942574318938135,6.864013604368381,17.144402430805567,18.681138130769643,29.62203971172361,12.261388364639473,6.738335770527723,4.345922372090679
10:55:16.627782,3.096539341968552,6.556076408199446,16.821123087699338,17.638257758082133,27.718745332306828,11.425477148919423,6.433031127834571,4.145760119690679
10:55:16.628924,3.0070592253970885,6.264586528404865,16.53414059881128,16.63809180920711,25.88881145977526,10.643151138140638,6.144384637955662,3.96023523519284
10:55:16.642493,2.925725230110808,5.989889932702051,16.283248082271694,15.682476692935468,24.135659289053674,9.914621494733131,5.872582776173477,3.789329894402368
10:55:16.649995,2.852388840888188,5.732204897314183,16.06787607846156,14.77294861496808,22.462181683670785,9.239767280086758,5.617700074967291,3.632935429137633
10:55:16.672287,2.786848545255379,5.49162697211637,15.887109779803694,13.910742046063485,20.870739775174243,8.618149923357592,5.379705240015455,3.4908580214972704
10:55:16.673831,2.7288539325653782,5.268134925648333,15.739709507892512,13.096790686923057,19.363164408152922,8.049029647985966,5.158467866328085,3.3628249276816313
10:55:16.688083,2.678110168733948,5.061597552892319,15.624134148274242,12.331730920727388,17.94076226672859,7.531383689771578,4.953765595617371,3.2484911446255005
10:55:16.688978,2.6342827856262043,4.871781209939493,15.538567195045594,11.615907699024937,16.60432645091251,7.063926121290032,4.7652915782245495,3.147446428468245
10:55:16.702475,2.5970027220440945,4.6983579236070065,15.480945016547448,10.949382757027053,15.354151224067328,6.645129075135905,4.592662127509176,3.059222571841444
10:55:16.710157,2.565871551468926,4.540913915479086,15.448986939669462,10.331945006253461,14.190050621539333,6.2732451369601385,4.435424473816349,2.983300844730539
10:55:16.725789,2.5404668298487643,4.398958382191822,15.440226754577411,9.763122909602922,13.111380580933133,5.946330661785932,4.29306453945327,2.9191195001508157
10:55:16.732526,2.520347495602023,4.271932386157538,15.452045247704413,9.242198608397116,12.117064216125803,5.662269756810676,4.165014668216575,2.8660812431871174
10:55:16.747458,2.5050592539052876,4.159217728053928,15.48170337352975,8.768223544669238,11.205619813575735,5.418798673898215,4.0506612522452805,2.8235605641860873
10:55:16.748956,2.4941398774725707,4.06014568938533,15.526375680368927,8.340035306846154,10.375191092906167,5.213530366133241,3.949352205037347,2.790910846349463
10:55:16.762330,2.4871243563770675,3.9740055495870883,15.583183610469957,7.956275423964257,9.623579254482188,5.04397898118791,3.860404236050393,2.7674711725671717
10:55:16.770141,2.4835498315601465,3.900052799401551,15.649228289292127,7.615407841496216,8.948276338021634,4.907584081891001,3.7831098922846738,2.7525727717451884
10:55:16.792337,2.482960251964539,3.8375169909492444,15.721622401527899,7.315737828061603,8.346499433600487,4.801734394915084,3.7167443423625635,2.7455450591251656
10:55:16.793836,2.4849107035170457,3.785609182315746,15.797520741007926,7.055431084524597,7.815225310664101,4.723790891839672,3.6605718827147933,2.745721238950475
10:55:16.807377,2.48897136807321,3.743528947012803,15.874149044317571,6.832532853557702,7.351225055802453,4.6711090084952165,3.6138521415826577,2.7524434511740328
10:55:16.808834,2.4947310805747276,3.7104709255936528,15.948830782931275,6.64498685591172,6.951098338553554,4.641059815301709,3.575845948668382,2.765067454384622
10:55:16.822528,2.501800462274458,3.685630901079878,16.019011674710757,6.490653906449709,6.6113069636246165,4.631049967069505,3.5458208325457443,2.782966843145679
10:55:16.830029,2.5098146163067354,3.6682113852455074,16.082281746740065,6.3673300877814425,6.328207418893509,4.638540283245655,3.523056108011807,2.8055368003575976
10:55:16.844867,2.5184353783288165,3.6574267095202977,16.136394818239463,6.272764381727107,6.098082181023067,4.6610628330548405,3.5068475205515894,2.8321973854609577
10:55:16.852525,2.5273531195384824,3.6525076199737216,16.179285281626974,6.204675675263597,5.917169581869558,4.6962364218623325,3.4965114212681163,2.8623963575388904
10:55:16.867357,2.5362881040013274,3.6527053789412336,16.209082059374072,6.160769064003193,5.781692067839137,4.741780398332792,3.4913884497844356,2.8956115289726476
10:55:16.875736,2.5449914087471113,3.65729537721632,16.22411962313364,6.138751373969518,5.687882709905956,4.795526729158659,3.4908467040934825,2.9313526422793905
10:55:16.882343,2.553245422477751,3.665580262202141,16.22294600176464,6.136345818078847,5.632009850815931,4.85543031752271,3.4942843773672148,2.9691627631966178
10:55:16.890013,2.5608639439334775,3.6768925897162306,16.204327790639994,6.151305703841497,5.6103998071782275,4.919577570257734,3.5011318464665577,3.0086191889999157
10:55:16.904862,2.5676919027351057,3.690597009631645,16.16725229238536,6.181427115450242,5.619457573341654,4.986193245782643,3.5108532080055608,3.049333882094634
10:55:16.912534,2.573604725596603,3.706091997247369,16.110927028110282,6.224560503612977,5.655685497035777,5.05364563898588,3.522947273088855,3.090953452506997
10:55:16.927699,2.5785073712876443,3.7228111427393547,16.034776918584413,6.278621126685203,5.7156999120249665,5.120450177942222,3.5369480451318354,3.133158725300059
10:55:16.928930,2.5823330588086417,3.7402240114421055,15.93843943703981,6.341598299629563,5.796245723251827,5.185271519191987,3.552424712095355,3.1756639373504196
10:55:16.942520,2.585041714006242,3.7578365914824636,15.821758002528208,6.41156343149288,5.8942089499996095,5.246924233059852,3.568981186669002,3.218215612072737
10:55:16.950759,2.586618160436127,3.775191355385191,15.68477384833962,6.48667687068323,6.006627243111758,5.304372168863489,3.5862552310398472,3.260591161764214
10:55:16.964878,2.587070082228273,3.791866977238779,15.527716581983464,6.565193620373057,6.1306983988004236,5.356726584664365,3.603917210269724,3.3025972655120834
10:55:16.979822,2.5864257910573243,3.8074777613499946,15.350993648321637,6.645468017261578,6.26378689267348,5.403243122612052,3.6216685277439367,3.3440680654255757
10:55:16.995847,2.58473183485905,3.8216728468987813,15.155178904581241,6.725957476807719,6.40342846172338,5.443317713914291,3.6392398028385857,3.3848632157324214
10:55:16.995855,2.582050490143789,3.8341352542954614,14.941000510809365,6.805225401570182,6.5473327819882154,5.476481508366039,3.6563888529277224,3.424865809858761
10:55:17.009897,2.578457181231855,3.8445808341197405,14.709328333607976,6.881943337425317,6.693384329170099,5.502394938335465,3.6728985412729247,3.4639802023370656
10:55:17.010705,2.5740378691144534,3.852757171176526,14.461161053256893,6.954892451935309,6.839641556778483,5.5208410391048455,3.6885745520660977,3.5021297379078344
10:55:17.025692,2.5688864514870438,3.8584424866895772,14.197613148058556,7.0229644000605544,6.984334563808086,5.53171815097334,3.7032431545287903,3.5392544016868053
10:55:17.032491,2.563102214900199,3.861444572457568,13.919901900192535,7.085161633387861,7.125861444379317,5.535032122862849,3.716749018003318,3.5753084113486437
10:55:17.047590,2.5567873798625596,3.8615997819088053,13.629334526072562,7.140597200871191,7.262783520732329,5.530888125468049,3.728953137716066,3.610257781758546
10:55:17.048404,2.5500447787640517,3.8587720932590153,13.327295486902303,7.188494082180525,7.393819665222978,5.5194821679362756,3.739730926061519,3.644077901281486
10:55:17.069867,2.542975702803467,3.852852248819229,13.015233988479793,7.228184086858197,7.5178399164169525,5.501092398270114,3.748970517643956,3.6767511655735796
10:55:17.070606,2.5356779469331587,3.8437569633652204,12.694651640344807,7.259106340977364,7.63385858520171,5.476070255662859,3.7565713282878623,3.708264717841035
10:55:17.091295,2.528244072422599,3.8314281866222037,12.367090223579885,7.280805368224654,7.741027027932714,5.444831532843367,3.7624428983810976,3.7386083434808906
10:55:17.092511,2.520759897465652,3.81583240361798,12.034119528223302,7.2929287589381895,7.838626238758463,5.407847397356268,3.7665040393015308,3.767772562185272
10:55:17.108115,2.513303219290704,3.796959962584837,11.697325271470783,7.295224416655531,7.926059388394769,5.3656354137390485,3.768682289715682,3.7957469532155463
10:55:17.108971,2.5059427667091043,3.774824429577355,11.358297180114311,7.287537382769751,8.00284441561444,5.318750607933937,3.7689136782495503,3.822518740762398
10:55:17.129798,2.498737378770839,3.7494619755843845,11.018617382370872,7.269806261607791,8.068606760074355,5.267776623349904,3.767142781436573,3.848071657734578
10:55:17.130651,2.491735402325875,3.7209308008707356,10.67984928166095,7.2420592883590755,8.123072307891363,5.213317031093312,3.763323060228685,3.872385099805178
10:55:17.145028,2.484974299117835,3.689310592603565,10.343527076765948,7.204410092367032,8.166060603606072,5.155986868628067,3.7574174529613646,3.8954335775319455
10:55:17.152530,2.478480451687019,3.654701999169903,10.011146061540162,7.157053209498097,8.197478365777409,5.09640448821411,3.7493991961092883,3.9171864715596607
10:55:17.167304,2.4722691557892067,3.6172260921085484,9.684153795965202,7.100259393555169,8.21731332941156,5.035183798728713,3.7392528362432635,3.937608092388977
10:55:17.168356,2.4663447842993182,3.5770237776581104,9.363942198591529,7.034370768351604,8.225628424336039,4.972926982209404,3.7269753876118497,3.9566580403476372
10:55:17.190519,2.4607011041549587,3.534255117645574,9.051840575612633,6.95979584886046,8.222556282047801,4.910217760642147,3.7125775798837966,3.9742918526653255
10:55:17.191392,2.455321725324338,3.489098525564778,8.749109577423814,6.8770044462087165,8.208294047240063,4.84761528063062,3.696085130993724,3.990461914414973
10:55:17.205130,2.4501806604915584,3.4417498169885525,8.456936057387942,6.786522465604135,8.183098462235927,4.785648673795143,3.677539974214402,4.005118602123467
10:55:17.213167,2.4452429767917443,3.392421110301708,8.176428794300424,6.688926614524693,8.147281198733255,4.724812338569064,3.657001370255774,4.018211626293037
10:55:17.227408,2.4404655262957835,3.3413395900360507,7.908615027745066,6.584839057420289,8.10120442675073,4.665561974983858,3.6345468444006332,4.029691541272534
10:55:17.228276,2.435797749119367,3.2887461569353658,7.654437749598241,6.474922070779028,8.045276622154292,4.6083113884755,3.610272901487616,4.039511393285532
10:55:17.250513,2.4311825502063042,3.2348939929548437,7.414753702073477,6.3598727570653235,7.979948611223447,4.5534300610340415,3.5842954842442833,4.047628475816006
10:55:17.251657,2.4265572556629915,3.180047064609396,7.190332049895546,6.240417865326188,7.905709833461561,4.501241468206453,3.556750152314924,4.054006156112838
10:55:17.271542,2.4218546555025453,3.1244785767778556,6.981853708638356,6.117308747321079,7.823084781518268,4.4520221009525605,3.5277919703930336,4.0586157306642825
10:55:17.272604,2.4170041370451907,3.0684693757240793,6.789911312524091,5.991316460740609,7.7326295627424235,4.4060011358217315,3.4975951027319674,4.061438263961821
10:55:17.294805,2.4119329085271293,3.012306288821775,6.61500979297974,5.8632270207569235,7.634928530347404,4.3633606880504985,3.466352116748538,4.062466364363249
10:55:17.295937,2.4065673074742358,2.9562803821187362,6.4575675208503425,5.733836796697187,7.530590953071168,4.324236580655801,3.4342730015572234,4.061705852621437
10:55:17.310481,2.4008341841820857,2.90068511764291,6.3179179480996615,5.603948049175664,7.420247720060137,4.2887195676548755,3.4015839097865714,4.059177281120615
10:55:17.311365,2.3946623469639916,2.8458144013535174,6.196311673663219,5.474364604240111,7.30454810047487,4.256856959482719,3.3685256331318922,4.054917262882835
10:55:17.325725,2.3879840515697115,2.79196052812965,6.092918851796222,5.345887664915827,7.1841565886537095,4.228654610286977,3.3353518241312137,4.0489795678493135
10:55:17.332447,2.3807365117384363,2.739412047113933,6.007831855547975,5.219311763129014,7.059749864915987,4.204079235273401,3.3023269805805997,4.041435942156667
10:55:17.354942,2.37286340213027,2.6884515831711866,5.9410681027437535,5.095420851206791,6.932013892310328,4.183061027584873,3.2697242156636537,4.032376609379038
10:55:17.355628,2.364316320819488,2.6393536549307446,5.892572954084087,4.974984521503435,6.801641156265063,4.165496537881178,3.237822843698111,4.021910424548931
10:55:17.369868,2.3550561775388967,2.592382527859298,5.862222610222917,4.858754330241097,6.669328041275078,4.151251769126587,3.206905815354765,4.010164670040176
10:55:17.370653,2.345054475846144,2.5477901355687895,5.849826965404947,4.747460193209638,6.535772326014359,4.140165428960888,3.177257037451544,3.99728450035912
10:55:17.393071,2.334294461486547,2.505814096995464,5.855132408164398,4.64180681949588,6.401670763895063,4.132052277829378,3.1491586133306337,3.983432054106353
10:55:17.393880,2.3227721148910843,2.4666758522815733,5.877824583948784,4.5424701554301885,6.267716703295015,4.12670651776229,3.1228880417040705,3.968785254046944
10:55:17.407554,2.3104969721689126,2.4305789362739256,5.917531148074926,4.450093823679816,6.134597697945587,4.123905185181053,3.0987154145203455,3.9535363142186926
10:55:17.421274,2.2974927640711713,2.3977074051175986,5.9738245429129195,4.365285559244117,6.00299306720106,4.123411534989544,3.0769006575331996,3.93788997237041
10:55:17.430525,2.283797863864457,2.368224427595222,6.046224832154336,4.288613660743474,5.873571383167823,4.124978422030041,3.0576908602224186,3.922061469705764
10:55:17.431402,2.2694655324323363,2.3422710483089704,6.134202618014959,4.220603488348929,5.74698787720434,4.128351692646617,3.041317742961059,3.906274306100334
10:55:17.451379,2.2545639444261525,2.319965125222112,6.237182055733136,4.161734047676248,5.62388176534669,4.13327359394166,3.0279953073534887,3.8907578040180746
10:55:17.452598,2.2391759762639127,2.301400439893314,6.354543965587874,4.112434702143388,5.504873490117899,4.1394861964489245,3.017917710543006,3.875744515952553
10:55:17.468425,2.2233987372377007,2.286645974356357,6.485629028975205,4.073082056356087,5.39056186846033,4.1467348119020695,3.0112573975434196,3.861467508574311
10:55:17.481367,2.207342828099596,2.275745344038729,6.629741047401286,4.043997053542929,5.281521127623351,4.1547713733409735,3.0081635187485913,3.848157554411075
10:55:17.489841,2.1911313153701766,2.268716373547904,6.786150246167887,4.0254423333922595,5.178297808027793,4.163357730945363,3.0087606526359947,3.836040261437902
10:55:17.490715,2.174898414801679,2.2655508043861463,6.9540966165480524,4.017619900888167,5.081407516097426,4.172268805674377,3.0131478450278695,3.8253331725090547
10:55:17.506003,2.1587878866576626,2.2662141308653383,7.132793303499236,4.020669157144118,4.991331518041343,4.1812955361891655,3.0213979657463033,3.8162428681674343
10:55:17.512474,2.1429511593434114,2.270645569516504,7.321430051407117,4.034665337597366,4.908513175482958,4.190247553611684,3.033557372914526,3.8089621064662973
10:55:17.527501,2.12754521285154,2.278758174641016,7.5191767134850895,4.059618393888161,4.833354238410369,4.198955523173177,3.049645866922014,3.8036670321587156
10:55:17.541498,2.112730264821175,2.290439117413229,7.725186812505974,4.095472347503683,4.7662110338400785,4.207273101110954,3.0696569104572813,3.8005144867809735
10:55:17.549814,2.0986673080508904,2.305550148882557,7.938601115897677,4.142105137263434,4.707390617471367,4.215078468614535,3.093558085899471,3.799639453401252
10:55:17.550655,2.085515550684395,2.3239282681399107,8.158551162060634,4.19932897711789,4.657146981731658,4.222275420915887,3.121291755225535,3.80115267633299
10:55:17.571362,2.0734298111187854,2.345386614428139,8.384162652184715,4.266891233166842,4.615677428696985,4.22879400638796,3.1527758821100926,3.8051385048401674
10:55:17.572509,2.0625579193867223,2.3697155955298617,8.614558608031354,4.344475818667622,4.5831192186994,4.2345907246776795,3.1879049744107113,3.811653016221942
10:55:17.588106,2.05303817485771,2.396684255447617,8.84886219780709,4.431705094133352,4.559546599077628,4.239648301845921,3.2265511086925156,3.8207224739427064
10:55:17.595034,2.0449969070214356,2.426041873764226,9.086199157731949,4.528142247685127,4.544968306876817,4.243975064224942,3.2685650042939196,3.8323421705670415
10:55:17.609817,2.0385461829756246,2.457519778133371,9.325699789338463,4.633294118950619,4.539325625931934,4.247603935118396,3.3137771200674697,3.846475695706095
10:55:17.610742,2.0337817022684006,2.4908333408512044,9.566500580272217,4.746614417734321,4.542491062948185,4.250591084005773,3.3619987527969992,3.863054657836438
10:55:17.631325,2.0307809162400536,2.525684121837997,9.807745555082173,4.867507277546678,4.554267690049628,4.2530142659688766,3.4130231240558206,3.8819788758744185
10:55:17.632578,2.02960140481327,2.561762115952929,10.048587491575102,4.995331077345538,4.574389184914511,4.254970893994965,3.466626450992544,3.903117042434175
10:55:17.647624,2.0302795394960187,2.5987480643007483,10.28818913419508,5.129402465716022,4.602520586281432,4.256575884165989,3.522569003157169,3.9263078481601963
10:55:17.661457,2.032829457540519,2.6363157967486472,10.525724509197294,5.269000529730386,4.638259773428587,4.257959304415601,3.5805961508091255,3.951361547446616
10:55:17.677314,2.0372423682777256,2.6741345835716324,10.760380410849839,5.413371063155524,4.681139672247637,4.2592638458754655,3.6404394116750156,3.9780619394185712
10:55:17.678002,2.043486208121541,2.711871484801615,10.991358093998864,5.561730905052312,4.730631185917758,4.2606421257693485,3.701817504138188,4.0061687314137995
10:55:17.685002,2.051505655508039,2.7491936943357222,11.21787518151428,5.713272341284214,4.7861468442829,4.262253824984078,3.7644374154271807,4.035420243647749
10:55:17.692464,2.0612225110979865,2.7857708809008623,11.439167774966796,5.867167585168829,4.847045162673522,4.264262665046389,3.8279954937897522,4.0655364038682
10:55:17.708252,2.0725364418899574,2.8212775287229253,11.654492740794229,6.022573372635795,4.912635696882887,4.266833241375927,3.8921785742677844,4.0962219710665435
10:55:17.721414,2.0853260805252023,2.855395277601995,11.8631301337448,6.178635717442204,4.982184775097625,4.2701277505008735,3.9566651484995137,4.127169919380215
10:55:17.729898,2.09945046317354,2.887815257381784,12.064385718134508,6.334494873335126,5.0549218794940645,4.274302669983295,4.021126590650682,4.1580649097616655
10:55:17.730677,2.1147507811156077,2.9182404080237343,12.257593552205696,6.489290543518882,5.130046639738922,4.27950546286205,4.08522845530075,4.188586780370425
10:55:17.751278,2.1310524126507095,2.9463877737787207,12.442118600697986,6.642167364329806,5.206736387702463,4.2858713819250935,4.148631868177548,4.218413997102076
10:55:17.752589,2.148167193982041,2.9719907567937986,12.617359326727566,6.792280671666141,5.284154207736662,4.293520446029357,4.210995033977473,4.2472270204579265
10:55:17.767503,2.165895882113816,2.99480131191015,12.782750186820262,6.9388025373490505,5.361457400154611,4.302554653562234,4.271974884381086,4.274711560937085
10:55:17.781323,2.1840307617708374,3.014592062316721,12.937763920422137,7.080928039765398,5.437806257519664,4.313055489290177,4.331228883979743,4.300561710739031
10:55:17.789827,2.202358352221925,3.031158316147433,13.081913498106477,7.2178817126482775,5.512373036176385,4.325081773708792,4.388417005333077,4.324482953640063
10:55:17.790694,2.2206621758200424,3.044319965679931,13.214753585708147,7.348924103161955,5.584350992977943,4.338667900645436,4.443203879867744,4.346195064737359
10:55:17.811299,2.238725554402666,3.0539232512009757,13.335881413208805,7.473358367395299,5.652963352584231,4.35382250714753,4.495261128224369,4.36543491423641
10:55:17.812539,2.2563344012222726,3.0598423697719124,13.444937015226529,7.590536832670314,5.71747207372568,4.370527615058317,4.544269867978447,4.381959184352704
10:55:17.827434,2.2732799759413584,3.0619809058170686,13.541602914623606,7.699867452802586,5.777186288878893,4.388738273184283,4.589923385388538,4.395546999042197
10:55:17.841483,2.289361569331966,3.060273056866146,13.625603411610653,7.800820068970533,5.831470294712645,4.4083827128277395,4.631929942121569,4.406002456352012
10:55:17.849773,2.304389082418535,3.0546846242495866,13.696703686897386,7.89293236659817,5.879750966853103,4.4293630096410785,4.670015671712452,4.413157043530224
10:55:17.850621,2.3181854615978037,3.045213735030937,13.754708927348922,7.975815393604567,5.921524462820416,4.451556223403869,4.703927506935195,4.416871904593246
10:55:17.871245,2.3305889472329344,3.031891257988832,13.799463654132648,8.049158482713166,5.956362065020818,4.474815966863323,4.733436068713816,4.417039919400975
10:55:17.872586,2.3414550896875337,3.014780872621494,13.830851393226645,8.112733402868905,5.983915005392253,4.4989743380527045,4.758338438717725,4.41358754523167
10:55:17.887523,2.3506584856462185,2.9939787460854355,13.848794784441898,8.16639755506881,6.003918108251685,4.52384413930813,4.778460731253164,4.406476367919299
10:55:17.902325,2.3580941905761708,2.9696127718671637,13.85325618115121,8.210096031631553,6.016192093009912,4.5492213002648505,4.7936603766192585,4.395704308237243
10:55:17.910098,2.3636787713537433,2.941841331725933,13.844238752172323,8.243862381999138,6.020644402632608,4.574887421465968,4.8038280299904645,4.381306428886087
10:55:17.910733,2.367350976696827,2.910851563177593,13.821788064606007,8.267817976723952,6.017268476793653,4.600612362898165,4.808889031346131,4.36335528992122
10:55:17.930395,2.369072020636066,2.8768571464099604,13.785994103792964,8.282169930518863,6.006141469762453,4.626156820342183,4.808804366994503,4.341960808668092
10:55:17.939811,2.3688254916175686,2.8400956587967943,13.736993666969779,8.287207620725795,5.987420504050278,4.651274857520702,4.80357111919253,4.317269594501847
10:55:17.947514,2.366616912288804,2.800825572492035,13.67497303911036,8.283297900441275,5.961337626641189,4.675716383896938,4.793222426145747,4.289463746882281
10:55:17.961250,2.3624729816423895,2.7593229853234025,13.600170820073483,8.27087914465739,5.9281936807417726,4.6992295808485975,4.777826998308115,4.258759123040329
10:55:17.969851,2.3564405350371143,2.715878177731974,13.512880734970752,8.250454284912744,5.888351324002316,4.721563284910189,4.757488244135604,4.225403096273551
10:55:17.970667,2.348585261346122,2.6707920829907996,13.413454247537667,8.22258299275305,5.842227423769805,4.742469339626371,4.732343053504267,4.189671836304476
10:55:17.985683,2.3389902193855527,2.624372748694359,13.302302824942632,8.187873176451074,5.790285049780336,4.761704927492541,4.702560276848828,4.151867152569772
10:55:17.999933,2.327754195544869,2.5769318570526942,13.17989976493595,8.146971968424564,5.733025269330914,4.779034889858686,4.668338927360587,4.112312952569467
10:55:18.007478,2.314989940671701,2.528781361015128,13.04678156349654,8.10055640292508,5.670978930857635,4.794234037579795,4.629906124617186,4.071351379859901
10:55:18.022418,2.300822319020007,2.480230283504982,12.90354884156851,8.04932400314159,5.6046985993320755,4.807089450835299,4.587514792873164,4.029338706381293
10:55:18.029849,2.2853863983718834,2.431581718530097,12.750866849421106,7.99398350004155,5.534750781730858,4.817402762032521,4.541441127130356,3.9866410580383693
10:55:18.030671,2.268825509224729,2.3831300654054557,12.58946553488623,7.9352458887301,5.461708554999211,4.824992409063752,4.49198184392462,3.943630049854529
10:55:18.048500,2.251289300942148,2.3351585203586755,12.420139116956701,7.87381599937999,5.386144685398612,4.829695838204194,4.4394512397019,3.9006783999757006
10:55:18.059817,2.2329318227432013,2.2879368437158156,12.24374506845588,7.810384727864515,5.30862530930915,4.831371630020389,4.384178087075823,3.858155583629053
10:55:18.067490,2.2139096572754915,2.2417194166528605,12.061202394112774,7.745622040158903,5.229704230978891,4.829901519947318,4.326502407542822,3.8164235802809485
10:55:18.081397,2.194380134166554,2.196743599326908,11.873489098057592,7.680170834279316,5.149917878729274,4.825192285965411,4.266772166714979,3.775832759982353
10:55:18.089806,2.1744996495252233,2.1532284005000584,11.681638761308628,7.614641712825016,5.069780943907473,4.817177475259368,4.205339943273454,3.7367179496725784
10:55:18.090740,2.154422114483724,2.1113734653116105,11.48673618067953,7.549608687535981,4.989782705549603,4.8058189383227585,4.142559624999316,3.69939471869464
10:55:18.111304,2.1342975519636935,2.071358381758489,11.289912043015141,7.485605806224509,4.910384020573571,4.791108134860536,4.078783184314725,3.664155923982557
10:55:18.112467,2.1142708558903385,2.0333422986146243,11.092336621699685,7.423124666463194,4.832014938229502,4.77306717318173,4.014357582273007,3.631268555704894
10:55:18.127501,2.094480720391024,1.9974638392779829,10.895212494465804,7.362612763987431,4.755072882234329,4.751749542419603,3.9496218446491844,3.6009709203921183
10:55:18.141708,2.0750587382551897,1.9638412879953806,10.699766301462683,7.3044726158597975,4.679921336174315,4.727240493365096,3.884904346828654,3.57347019028912
10:55:18.150245,2.0561286598602644,1.9325730173947229,10.507239595249636,7.249061591649596,4.606888965789131,4.699657021586371,3.8205203354919646,3.5489403370398542
10:55:18.150878,2.037805798110944,1.9037381200687826,10.318878880337659,7.196692373055922,4.536269111979958,4.669147410657496,3.7567697057538307,3.527520458118626
10:55:18.166591,2.020196562596227,1.8773972030072332,10.135924991545059,7.147633943361941,4.468319588118951,4.635890304906983,3.6939350443443497,3.509313498287323
10:55:18.172521,2.003398106015557,1.8535933019987485,9.959602002494194,7.102112989043641,4.403262715340571,4.600093296702469,3.632279943506742,3.4943853663172733
10:55:18.187713,1.9874980660634214,1.8323528733226802,9.791105875753361,7.060315583341828,4.3412855339419405,4.561991029246495,3.5720475858399348,3.4827644476855064
10:55:18.201592,1.9725743858746103,1.813686822362464,9.631593064901741,7.022389017916419,4.28254014115025,4.5218428308291925,3.5134595961973973,3.4744415145767893
10:55:18.217606,1.9586951973343434,1.7975915335037256,9.482169266280554,6.98844365254675,4.227144124114596,4.479929910328631,3.4567151527676137,3.4693700333416633
10:55:18.225945,1.9459187558042246,1.784049871956401,9.343878504267307,6.958554664005065,4.175181076176055,4.436552156682746,3.4019903468297215,3.4674668658017738
10:55:18.233026,1.9342934218456223,1.773032134660743,9.21769272281499,6.932763596475139,4.126701198323581,4.392024597449623,3.3494377804041062,3.4686133558993393
10:55:18.233849,1.9238576926844588,1.7644969340177257,9.10450204604992,6.911079648640878,4.081721995436884,4.3466735823439935,3.299186391581239,3.472656790311141
10:55:18.247541,1.914640290199295,1.758392005233324,9.005105857002539,6.893480672240114,4.040229082503958,4.300832763991746,3.2513414958097795,3.4794122223386514
10:55:18.261279,1.906660311585692,1.7546549351926723,8.920204822864141,6.879913893856985,4.002177122400343,4.254838948960135,3.2059850274168373,3.4886646503671814
10:55:18.269936,1.899927444466579,1.7532138173307825,8.850393968619171,6.870296396671007,3.9674909218406533,4.209027890157266,3.1631759620978497,3.5001715418515906
10:55:18.270720,1.8944422421214948,1.7539878430902658,8.796156871648446,6.864515408555422,3.9360667120566193,4.163730090894469,3.1229509011584797,3.5136656899509915
10:55:18.284972,1.8901964484097038,1.756887846263316,8.757861020540638,6.862428442184415,3.907773635964033,4.119266692452594,3.0853248017793478,3.5288583838708942
10:55:18.300000,1.8871733573616865,1.7618168206354872,8.73575435396857,6.863863329604426,3.882455457612464,4.0759455183674715,3.050291841420438,3.545442867345381
10:55:18.307552,1.885348191102633,1.7686704328334852,8.72996297220905,6.868618193411465,3.859932504211921,4.034057346100352,3.01782640626472,3.563098053854627
10:55:18.321253,1.884688482740756,1.7773375516187764,8.74048999618798,6.876461402740336,3.840003844689935,3.9938724690544674,2.9878841939690233,3.581492462581834
10:55:18.337424,1.8851544566299863,1.78770081322952,8.767215537907687,6.887131576431995,3.8224497008147216,3.9556376015635926,2.960403421705173,3.600288334237256
10:55:18.337993,1.8866994037012872,1.799637240305634,8.809897744810744,6.900337713225833,3.807034078579689,3.9195731699028746,2.935306131379327,3.619145878256884
10:55:18.352381,1.8892700520147379,1.8130189295981018,8.868174892205923,6.915759539777241,3.7935075992891973,3.885871024328326,2.9124995833440286,3.6377275918610907
10:55:18.353209,1.8928069327174282,1.8277138214042201,8.941568518137252,6.933048166532612,3.7816105001215012,3.8546925988264857,2.891877727305413,3.6557025787296005
10:55:18.367502,1.8972447414294191,1.8435865616820677,9.029487612549561,6.951827132416481,3.7710757615656494,3.8261675351329667,2.87332273597072,3.672750782580651
10:55:18.381292,1.902512696523858,1.8604994656145215,9.13123388003426,6.971693908032628,3.761632305344405,3.8003927764669037,2.8567065854523532,3.6885670397584653
10:55:18.391072,1.908534898750662,1.8783135880676698,9.246008094987422,6.992221916649708,3.7530081947891616,3.77743212699466,2.8418926676082887,3.702864847113368
10:55:18.398607,1.9152306997736104,1.8968899012558935,9.372917562409244,7.01296312175986,3.744933763811085,3.75731626765896,2.8287374223610793,3.7153797426690627
10:55:18.412332,1.9225150894119447,1.9160905731853046,9.510984683583212,7.033451217407023,3.7371446030608513,3.7400432172071882,2.8170919801798666,3.7258722136371363
10:55:18.413227,1.9302991128038574,1.9357803330286343,9.659156599610403,7.0532054424653605,3.7293843430767377,3.7255792251803173,2.8068038047482196,3.734130080019246
10:55:18.427529,1.9384903297544585,1.9558279026554464,9.81631584882791,7.0717350233931455,3.721407191687607,3.713860077434456,2.7977183242119654,3.7399703431203504
10:55:18.442394,1.9469933289575765,1.9761074681634234,9.981291931925472,7.088544230700632,3.7129802013127806,3.704792784563152,2.789680538528555,3.7432405226175436
10:55:18.449988,1.9557103088621894,1.9965001619816232,10.152873635554194,7.103138010139871,3.7038852559080806,3.6982576132810965,2.782536591995373,3.7438195236769376
10:55:18.457897,1.9645417343683351,2.016895524464102,10.329821922751997,7.115028120303785,3.6939207755797314,3.6941104144357766,2.7761353042204022,3.7416180768475167
10:55:18.472413,1.9733870748336753,2.037192912610174,10.51088315617332,7.12373967742055,3.68290314129085,3.6921851997225907,2.770329657955719,3.736578785008227
10:55:18.473217,1.9821456249207903,2.0573028220360303,10.694802379324681,7.128817980936551,3.6706678453140067,3.6922969199137414,2.7649782451817755,3.7286758012664176
10:55:18.487498,1.9907174058907529,2.0771480877122976,10.880336349346187,7.129835474057501,3.657070376791359,3.6942443972172563,2.759946671053971,3.7179141540700615
10:55:18.501298,1.9990041406036079,2.0966649312030694,11.066266007874649,7.126398682552127,3.6419868563652646,3.697813362304578,2.7551089092599637,3.704328732776339
10:55:18.510047,2.0069102904479563,2.1158038276348097,11.251408110244009,7.118154970006755,3.6253144383165377,3.7027795445319627,2.750348595465192,3.687982949252599
10:55:18.517312,2.014344137503763,2.1345301723566985,11.434625807210864,7.104798943471629,3.606971500936848,3.7089117641874076,2.745560241565667,3.668967098289979
10:55:18.539945,2.0212188920745984,2.1528247327599392,11.614838061889767,7.086078336914078,3.586897644569972,3.7159749777858218,2.740650353296826,3.647396448807065
10:55:18.540753,2.0274538052539723,2.170683875073754,11.791027854311713,7.0617991934689215,3.565053512467709,3.723733228902284,2.7355384351866747,3.6234091045463206
10:55:18.548180,2.032975267414335,2.1881195615818996,11.962249163187035,7.031830167201863,3.5414204445077098,3.7319524567888003,2.7301578675683604,3.5971636745492246
10:55:18.556505,2.03771787394048,2.205159122090727,12.127632728638309,6.99610577461958,3.5159999701243017,3.740403115385831,2.7244566402600867,3.568836791323524
10:55:18.570246,2.041625437166625,2.221844813206347,12.28639060454005,6.95462844692415,3.4888131450679656,3.748862559105052,2.7183979278888506,3.538620511385201
10:55:18.577353,2.04465191845168,2.2382331870406467,12.437819511206197,6.907469271114017,3.4598997356629124,3.7571171596584536,2.7119604934562265,3.506719631280075
10:55:18.592357,2.0467622487961235,2.254394295059708,12.581303003891772,6.854767366266285,3.429317253246941,3.7649641297855303,2.7051389090302123,3.4733489539784212
10:55:18.593236,2.047933003175176,2.2704107524880857,12.716312486728096,6.796727912379261,3.397139841608034,3.772213043935887,2.697943583876794,3.43873054582487
10:55:18.607491,2.0481528950116754,2.286376685198276,12.842407126332327,6.733618912290228,3.36345702346924,3.778687060257986,2.6904005899286543,3.4030910301245503
10:55:18.615052,2.0474230633888615,2.3023965760960765,12.959232747786348,6.665766807242536,3.328372318571386,3.7842238599221982,2.6825512729958008,3.366658965964605
10:55:18.630209,2.0457571347612467,2.3185840230324497,13.06651981983897,6.593551085376911,3.292001752876608,3.7886763285425973,2.6744516372889664,3.329662358290591
10:55:18.637324,2.0431810501985908,2.3350604160058808,13.164080649832078,6.517398031569719,3.25447228231914,3.7919130112074217,2.666171492008277,3.2923263381413816
10:55:18.652340,2.039732657788873,2.3519535384914763,13.251805908592079,6.437773776647625,3.2159201545200125,3.793818376636243,2.657793353280105,3.254871041653996
10:55:18.653096,2.0354610790125194,2.3693960971301142,13.329660594285503,6.355176816115847,3.176489230335219,3.7942929253690036,2.649411103970719,3.2175097053146966
10:55:18.667521,2.0304258676855476,2.387524186302417,13.397679530012503,6.270130177895852,3.1363292866752754,3.793253171590429,2.641128427060678,3.1804469858382345
10:55:18.674992,2.024695988151053,2.4064756979509876,13.455962477112532,6.183173419486026,3.095594323253918,3.7906315206285033,2.6330570410826546,3.1438775070237157
10:55:18.690253,2.018348644029436,2.4263886897252513,13.504668933794175,6.094854627557073,3.0544408975614092,3.786376057415137,2.6253147737090075,3.107984631218602
10:55:18.697475,2.011467990385941,2.4473997247948303,13.544012679394596,6.005722581359507,3.013026512929448,3.7804502570768856,2.6180235104477934,3.0729394475873093
10:55:18.712308,2.0041437616632214,2.4696421955970336,13.574256126473035,5.9163192279561905,2.9715080834291423,3.772832627036269,2.6113070522175628,3.0388999633213545
10:55:18.713269,1.9964698458088517,2.4932446426954797,13.595704557900438,5.827172601966842,2.930040496901806,3.76351628894249,2.6052889123476555,3.0060104790029696
10:55:18.734882,1.9885428323497576,2.5183290784522168,13.608700342766625,5.738790304725087,2.888775294106616,3.752508507410291,2.600090082928928,2.974401127365649
10:55:18.735618,1.9804605593193418,2.54500932242191,13.613617229441811,5.651653638028591,2.8478594774513,3.7398301710315716,2.5958268028069025,2.9441875566495894
10:55:18.750432,1.972320680854087,2.5733893520506905,13.610854805333494,5.566212466848634,2.807434456808443,3.7255152295738077,2.5926083635633383,2.915470744771827
10:55:18.757430,1.9642192732737622,2.6035616708230465,13.600833202191318,5.4828808638372095,2.767635133569511,3.7096100898921116,2.590534993797456,2.888336935531028
10:55:18.772408,1.956249492433583,2.6356056986492153,13.583988121654349,5.402033566102684,2.72858911883976,3.6921729726738226,2.589695864711846,2.8628576898809377
10:55:18.773110,1.9485002907437932,2.6695861966618604,13.560766252898718,5.324003251167134,2.6904160778040946,3.6732732328256366,2.590167260922972,2.8390900435804194
10:55:18.787512,1.941055201436217,2.7055517489584604,13.531621142332515,5.2490786145196715,2.6532271892189296,3.6529906464227,2.592010959208646,2.817076759434734
10:55:18.795035,1.9339912020972236,2.7435333333535947,13.497009552475976,5.177503208070782,2.617124706500904,3.631414665007215,2.5952728543953523,2.7968466602139856
10:55:18.810026,1.9273776772953932,2.7835430185011973,13.457388319821858,5.1094749819530705,2.582201605141488,3.6086436343976294,2.599981866041132,2.77841502869188
10:55:18.817323,1.9212755067133722,2.8255728251025176,13.413211695713976,5.045146466178655,2.548541300520423,3.5847839726715804,2.6061491524076064,2.761784064496204
10:55:18.832369,1.9157363067606583,2.869593785540888,13.364929134366044,4.984625533399592,2.516217421502193,3.5599493023881816,2.6137676497481332,2.7469433920687396
10:55:18.833227,1.9108018496928847,2.9155552307840287,13.312983481733502,4.927976693136,2.4852936292987318,3.5342595349848867,2.62281194571243,2.7338706175247713
10:55:18.847440,1.906503676830147,2.9633843277082623,13.257809518034998,4.875222874897081,2.455823477452993,3.5078399091627155,2.6332384865758023,2.7225319337743694
10:55:18.862377,1.9028629138816149,3.0129858859053957,13.199832810269863,4.826347662001191,2.4278503155245166,3.480819988574744,2.644986109968936,2.7128827739532433
10:55:18.870132,1.8998902881298407,3.064242450330572,13.139468833314922,4.781297941985896,2.4014072440169594,3.4533326260384767,2.6579768886803476,2.704868513845566
10:55:18.885000,1.89758634028645,3.1170146924581936,13.077122316086975,4.739986942051582,2.376517130098045,3.4255129015603045,2.6721172673819193,2.698425224734701
10:55:18.892406,1.8959418190447355,3.1711421063633223,13.01318676182004,4.702297615000056,2.35319269282749,3.3974970407357397,2.687299471947319,2.693480479057309
10:55:18.893232,1.8949382438796205,3.2264440092991205,12.948044079316096,4.668086331734603,2.331436663790216,3.369421319245764,2.7034031682842925,2.68995421182979
10:55:18.907507,1.8945486203400934,3.282720842744013,12.88206425085528,4.637186823534383,2.311242025249738,3.341420958005104,2.7202973424264165,2.6877596399505332
10:55:18.914997,1.8947382902502925,3.3397557706781003,12.815604964107624,4.6094143040662905,2.2925923243464412,3.3136290127105585,2.7378423659052773,2.6868042385161086
10:55:18.937448,1.8954658963441393,3.3973165736738133,12.749011156853273,4.5845696892375365,2.2754620595268236,3.2861752624524003,2.7558922019658123,2.6869907682102268
10:55:18.938104,1.8966844380122394,3.455157835952195,12.682614454893743,4.5624438239160945,2.259817134642378,3.25918510431798,2.7742967020060743,2.688218340962332
10:55:18.952357,1.898342393163894,3.513023416831292,12.616732507144453,4.542821619889145,2.245615376772816,3.2327784628145286,2.792903940524053,2.690383503738655
10:55:18.953208,1.900384880333577,3.570649190051341,12.55166823162775,4.525486011143155,2.2328071153704214,3.207068724374362,2.8115625413999052,2.693381315258255
10:55:18.967522,1.9027548341983886,3.6277660263115,12.487708990398886,4.510221641457779,2.2213358217797485,3.1821617096897348,2.830123955902277,2.697106390472833
10:55:18.975060,1.9053941670354257,3.6841029864328405,12.425125715529562,4.496818213649567,2.2111388084386925,3.158154700306282,2.8484446593416752,2.7014538932403713
10:55:18.990115,1.908244889445627,3.7393906849994254,12.364172006724333,4.485073446723842,2.202147986213112,3.1351355387599718,2.8663882360437,2.7063204657809234
10:55:18.997322,1.9112501656997112,3.7933647779927435,12.305083210708212,4.474795604222943,2.194290677128905,3.113181821441788,2.8838273210058185,2.7116050903395656
10:55:19.012573,1.9143552812609725,3.8457695233267306,12.248075482116995,4.465805571085683,2.1874904778968056,3.0923602001351727,2.9006453633070732,2.7172098825568707
10:55:19.013172,1.917508502626685,3.896361359349406,12.193344828204847,4.457938464357259,2.181668166223131,3.0727258040666485,2.916738174294894,2.7230408185845043
10:55:19.027588,1.9206618136641511,3.9449124419688713,12.141066157961573,4.451044765781488,2.1767426378408996,3.0543217922849584,2.932015224984921,2.729008400273026
10:55:19.035030,1.923771517712346,3.9912140759516124,12.091392379496552,4.444990967553533,2.1726318597665215,3.0371790468759206,2.9464006620223295,2.7350282644072665
10:55:19.050715,1.9267986993811448,4.035079971508778,12.044453603198269,4.439659734307697,2.169253825390872,3.02131601877517,2.959834019233411,2.741021741954489
10:55:19.064841,1.9297095440795893,4.076349255618625,12.000356504404918,4.434949607837953,2.166527498065997,3.0067387375457924,2.9722706122298312,2.746916371886762
10:55:19.072383,1.9324755183193154,4.114889169239976,11.959183879408561,4.430774308926696,2.16437372969895,2.993440994145324,2.983681616114796,2.752646372525388
10:55:19.073183,1.9350734204244633,4.150597384293488,11.920994398342524,4.427061710228373,2.1627161388307976,2.9814047022593337,2.994053837935434,2.7581530716694873
10:55:19.087581,1.9374853177183677,4.183403875302062,11.885822523590406,4.423752558452352,2.1614819295659085,2.970600439829404,3.0033892023105726,2.7633852940697796
10:55:19.095038,1.9396983897452,4.213272280510171,11.85367852837283,4.420799016584331,2.1606026300084396,2.9609881677786563,3.0117039701383392,2.768299701021309
10:55:19.110217,1.9417046962575497,4.240200689316565,11.824548527017132,4.418163085864124,2.1600147285228273,2.952518116885151,3.0190277094028595,2.772861073129224
10:55:19.117478,1.9435008846191715,4.264221798928893,11.798394432632655,4.415814958896857,2.159660189919955,2.9451318261096087,3.025402036834592,2.777042524161731
10:55:19.132351,1.9450878461847698,4.285402392268374,11.77515380337374,4.413731351783531,2.1594868411800427,2.93876330809484,3.030879150637464,2.7808256303998133
10:55:19.133232,1.9464703270280623,4.303842098720528,11.75473962061107,4.4118938640217245,2.1594486243454387,2.9333403128728683,3.0355201774466507,2.784200455125466
10:55:19.147608,1.9476564962677971,4.319671408587879,11.737040134910364,4.410287418090703,2.1595057192658516,2.928785660981213,3.039393361184272,2.7871654427730377
10:55:19.155030,1.9486574755944541,4.333048924390354,11.72191898656655,4.408898832793554,2.159624539991285,2.9250186218138863,3.042572129365291,2.789727154819122
