timestamp,acc_x,acc_y,acc_z,gyro_x,gyro_y,gyro_z
10:53:48.885493,0.13519503816632011,-0.31568804652685023,0.8577273700629009,-4.049022903270219,1.8413296430934918,-0.8454338080427231
10:53:48.897794,0.13199499795585842,-0.3166202055047789,0.8592081782815171,-4.000980690648673,1.8096852936871992,-0.8221046572052179
10:53:48.904024,0.13029898579476484,-0.317090342057639,0.8605900111219813,-3.904507281218784,1.7799312133472691,-0.8234431639990418
10:53:48.914297,0.13041323861037724,-0.31640507132879186,0.8620218981425792,-3.7551756070113824,1.7487358869979914,-0.8513536775695228
10:53:48.923737,0.13129077987965626,-0.3139049530956288,0.8638595340120439,-3.5541671188829698,1.7094484096897096,-0.9058232804402595
10:53:48.934120,0.1313604379778427,-0.3095811673770033,0.8662897417564592,-3.308956257809931,1.6513397892994606,-0.9846896124938518
10:53:48.943708,0.12964298145416422,-0.30448397676315775,0.8690405315155529,-3.0335653861783025,1.5598850288112174,-1.0832834841901184
10:53:48.953776,0.1264037189474325,-0.3004794153590922,0.871577067506062,-2.7483087847668117,1.4179555718434214,-1.1941073635109076
10:53:48.963706,0.1229757076217263,-0.2994185307594812,0.8735996770775935,-2.4788585551531113,1.2075824409806122,-1.3067928407006657
10:53:48.973961,0.12083697491658077,-0.3021750359620902,0.8752759016488195,-2.2543374538589505,0.9118750986614356,-1.4086210917829662
10:53:48.983898,0.12047051826471394,-0.3080711417536591,0.8771077886941792,-2.10408331454385,0.516720287293064,-1.4858679521208236
10:53:48.994039,0.12081223205897022,-0.3150957577387847,0.8799707774626987,-2.052832888785142,0.011981286747051335,-1.526120496802112
10:53:49.004580,0.11992865445495504,-0.3209885379203396,0.8854034592174054,-2.1143990412983626,-0.6079824082463169,-1.5214861621145976
10:53:49.013723,0.11682131808258372,-0.32455191937330613,0.8950713687927074,-2.2844706600057645,-1.344572162941957,-1.4723009202342192
10:53:49.024038,0.1132063943615047,-0.3260192639789453,0.9085982931198128,-2.533853057023687,-2.1959924393403663,-1.3906132671718205
10:53:49.034043,0.1136071620533893,-0.3259965513804321,0.9213258787386167,-2.8040538764506473,-3.158947307425102,-1.3024789691300955
10:53:49.043906,0.122925161662395,-0.32415640200459034,0.9252843237260417,-3.0073059656887837,-4.230661307897305,-1.2480524781967288
10:53:49.054045,0.14258910313415707,-0.3195005151749671,0.9146740046711613,-3.032703900102349,-5.410708574632734,-1.2786909877387886
10:53:49.063908,0.1679784053088315,-0.3123655169661837,0.8925105640877217,-2.7591220749982193,-6.702082063390026,-1.4508335621197563
10:53:49.074357,0.18951996773662297,-0.3060275957002292,0.8724103811757669,-2.074152390315766,-8.11109656443951,-1.8172153212159858
10:53:49.083827,0.19745149381898502,-0.3055937805840073,0.872135385059468,-0.8966818972799601,-9.6460668330757,-2.4168257759741536
10:53:49.094286,0.18739172537855706,-0.3144624127027871,0.9020328541886403,0.8008138339374934,-11.315084937430408,-3.2656373084102714
10:53:49.104493,0.16294653449099553,-0.33137373262601744,0.9565887616924544,2.97530408756018,-13.123424280641778,-4.350261528121501
10:53:49.114416,0.1336240035787186,-0.3508115065878063,1.0160119565730141,5.506785919353146,-15.071006919472657,-5.626226812904961
10:53:49.124120,0.10974057658005772,-0.36627235138575814,1.0572816356188814,8.206327530020774,-17.150123004278907,-7.021598290945514
10:53:49.134502,0.09783952184734857,-0.3732605937567041,1.0667260103232394,10.839478301895628,-19.34348552571906,-8.44544643942593
10:53:49.144754,0.0990719625518867,-0.3698298386324806,1.045650248013813,13.161838875713734,-21.62287979117372,-9.79955550041269
10:53:49.154327,0.1104781371499149,-0.3556598821964125,1.0067870247685933,14.959724269729207,-23.94892607073207,-10.991060163489493
10:53:49.164441,0.12744649759928992,-0.33194287737506,0.9660168887118514,16.086784436126973,-26.2724892612777,-11.943609046811256
10:53:49.174406,0.14567689977911377,-0.3024623366980861,0.9353801976472522,16.488095412743604,-28.53792863475941,-12.605198186791887
10:53:49.184340,0.1620638670025511,-0.2740186840945967,0.9202157421514986,16.20644137157339,-30.687862903217383,-12.951802247060073
10:53:49.194430,0.17488816121208253,-0.25448299939112495,0.9195230507665378,15.370129844774192,-32.66870281269568,-12.98699976489613
10:53:49.204504,0.18381900714248864,-0.24887099004612834,0.9275195770149378,14.166164902659261,-34.436025712133784,-12.738577570039917
10:53:49.214330,0.18973206003014223,-0.2559290688218441,0.9355903146656656,12.805651605955916,-35.95891409181213,-12.253399618823678
10:53:49.224399,0.19410346107658258,-0.2681049630712928,0.9350848504788352,11.489269148261009,-37.222563994036705,-11.591661421035875
10:53:49.234394,0.198135793674297,-0.27573663690098166,0.9210402310322577,10.379551457806325,-38.22874548215239,-10.821233919459056
10:53:49.244312,0.2022632909154033,-0.2729739668872966,0.8953098703920399,9.584105654029013,-38.994080104360684,-10.012389150216332
10:53:49.255616,0.20648628771395539,-0.26112042900619964,0.8666355305166712,9.150686622395574,-39.54658400699285,-9.232967907583845
10:53:49.264593,0.2111288826426683,-0.24681081854477316,0.846466378717096,9.072248123577959,-39.921394233577,-8.54402709577077
10:53:49.274321,0.2170896298372559,-0.23669980676037006,0.8424232603508782,9.298500615053944,-40.15681037068321,-7.99609797506974
10:53:49.284408,0.2251934594716013,-0.2332930232381136,0.8537378143048505,9.750362606576356,-40.29152803937633,-7.626260636242757
10:53:49.294372,0.2352830940967061,-0.2350474981091269,0.8721069647728703,10.334579629144525,-40.36326477965608,-7.456218159416236
10:53:49.304447,0.24602461895024239,-0.23934301013477913,0.8873177952522876,10.956913560290198,-40.40826718902316,-7.491457882480732
10:53:49.314590,0.25568314159053546,-0.24453562066331247,0.8932977969078053,11.53304989954896,-40.46088674765397,-7.721486137594422
10:53:49.324453,0.2631625578291322,-0.24955688812983096,0.8904211814869643,11.99663843387227,-40.55265483838861,-8.121059836905564
10:53:49.334810,0.26844096480006713,-0.2529039414836857,0.8834059146007051,12.303997559034853,-40.710820247291714,-8.6523135626036
10:53:49.344456,0.27227836425383545,-0.2529932132843139,0.8773328423524813,12.435300085578108,-40.95675280232707,-9.267679713703298
10:53:49.354435,0.27575443328961363,-0.24940815066460872,0.8747798479400708,12.392565748456018,-41.30474612377457,-9.913503885951927
10:53:49.364487,0.28000818149822765,-0.24335707138395687,0.8754034585161213,12.19531153377337,-41.76159540510274,-10.534233630737967
10:53:49.374443,0.285977669449127,-0.2368179663524307,0.8773785261503737,11.875010574221593,-42.32704491723191,-11.07696534413502
10:53:49.384454,0.29394882797731375,-0.23123846101495926,0.8791284052841937,11.469484299531734,-42.99494654648568,-11.495976261599886
10:53:49.394467,0.3032228305860276,-0.22677696513192208,0.8800426977216153,11.01808488340491,-43.75480963210004,-11.756726529130722
10:53:49.404580,0.31232119911688055,-0.2224617086458044,0.8800193636578362,10.558154428231987,-44.593359355549445,-11.838789932016162
10:53:49.414553,0.31970446605166597,-0.2170470643453998,0.8787693379226648,10.122845578292555,-45.49577015082989,-11.737298535244578
10:53:49.428491,0.3245778305476496,-0.20994585690462697,0.8759774748206508,9.7400092348989,-46.44641770772756,-11.462725925784385
10:53:49.434470,0.327314648813463,-0.2016214415864925,0.872438977752516,9.431625355159351,-47.42923801613789,-11.039107672759343
10:53:49.444411,0.32927427603189113,-0.1932947765581402,0.870884769404539,9.213296206018079,-48.4279528607236,-10.50102825473451
10:53:49.454408,0.33219072406461275,-0.18631283753320008,0.8747399045251658,9.093600801503367,-49.42641632871201,-9.88983906044822
10:53:49.464415,0.33755186347556176,-0.18157207408264373,0.8847494108004782,9.073420015915,-50.40919174797946,-9.249599473109653
10:53:49.474497,0.3461915684837589,-0.1791487481332543,0.8963652780080791,9.145483554797906,-51.3622996816083,-8.6231709204304
10:53:49.484275,0.35799029459979853,-0.1782110607634261,0.9014611482236182,9.294323192628287,-52.27396593561492,-8.04877270140453
10:53:49.494418,0.3717122734732882,-0.17733971767520423,0.8941590584769056,9.496651341287299,-53.13516091697581,-7.557170273261356
10:53:49.504505,0.3854009600748492,-0.1751938910220265,0.8757931056238369,9.72205455644216,-53.9397613929738,-7.169569736185715
10:53:49.514327,0.39751963559790643,-0.17111344525372302,0.8541352139141476,9.933870653861408,-54.68428866032437,-6.896277833529769
10:53:49.524384,0.40809177162563504,-0.16525508397905456,0.8374475188524135,10.090211390869584,-55.36734366300622,-6.736229060486048
10:53:49.534378,0.4186713951881482,-0.15832080987785804,0.8287971250142498,10.145263850680887,-55.98896457442453,-6.677498877085062
10:53:49.544350,0.4309093509329638,-0.15126112467518396,0.8253120680365983,10.051187716376328,-56.55008439838681,-6.69885349848599
10:53:49.554297,0.44490655564360476,-0.14512072224030628,0.8220668199485742,9.761026577199999,-57.05209345932608,-6.772242937472808
10:53:49.564520,0.4588328372941333,-0.14087165556406828,0.8164377673506431,9.23296564763351,-57.49636116847589,-6.865984702881942
10:53:49.574463,0.47012090906207527,-0.13910779198230908,0.8092526710214387,8.435956476393633,-57.883577414465044,-6.948270844604642
10:53:49.584414,0.47722863837336826,-0.1396648436458235,0.8025229237158931,7.35627069003445,-58.21292913483427,-6.990595286732119
10:53:49.594446,0.48068373822345156,-0.14138166553344217,0.7965765957917926,6.004095885129194,-58.4812989350285,-6.970738322927291
10:53:49.604267,0.48278545174219245,-0.14236149370367157,0.7895585328481907,4.418967070707702,-58.68273660584679,-6.875015768406169
10:53:49.614419,0.48624473702266147,-0.14092420122400687,0.7795758684633731,2.6726549966220605,-58.808403061621114,-6.699550745046432
10:53:49.624572,0.4927038492768358,-0.13676832905597947,0.7669293468162243,0.8681006917620419,-58.847103378614115,-6.450359879994009
10:53:49.634452,0.5021177995016866,-0.13136519406931477,0.7538969121152463,-0.8668098851228766,-58.786473047446385,-6.142123985184409
10:53:49.644393,0.513272707994993,-0.12706532690356434,0.7423475336411023,-2.39120210110123,-58.614828856268254,-5.795687643562785
10:53:49.654430,0.5248153062468004,-0.1255353332309153,0.731930100907457,-3.568305910773405,-58.32357180924254,-5.434586771319308
10:53:49.664619,0.5359397417485885,-0.12684321307122898,0.7210654676141729,-4.285595749550055,-57.909820124749665,-5.081156254028469
10:53:49.674490,0.5464429118868147,-0.12995273352027173,0.7098901571057553,-4.474557979381539,-57.37873606588043,-4.752920685857447
10:53:49.684281,0.5564453245257881,-0.13399897092720067,0.7017440533621381,-4.126062607004637,-56.74492475928904,-4.459961149861404
10:53:49.694553,0.5661082139717224,-0.13892508954534005,0.7007571950240618,-3.2977275573467653,-56.03241845088169,-4.203786081674197
10:53:49.704382,0.575428387448911,-0.14476998025143123,0.7071486667909328,-2.1109750966096574,-55.2730747298098,-3.977955921533456
10:53:49.714488,0.5841185867003027,-0.15039923311315348,0.7149407298622641,-0.737312555836222,-54.50355224192406,-3.770364246050986
10:53:49.724453,0.5916667636204369,-0.15320878323214682,0.7153078100396553,0.6246581024506735,-53.761248619429296,-3.566717892573754
10:53:49.734337,0.5976501683413115,-0.15051110978074297,0.7035702045769521,1.7781508638421561,-53.079714353587036,-3.3544671218288062
10:53:49.744438,0.602201513327568,-0.14163978069413585,0.6837442075186412,2.558199718677462,-52.48421778303255,-3.1263090369496798
10:53:49.754431,0.6063195433886994,-0.1289071975526174,0.6659986791342452,2.8571950382157576,-51.98835500867972,-2.8824921741415963
10:53:49.764610,0.6116653541116435,-0.11646894050610086,0.6586838787510532,2.6408440759447465,-51.592676834368106,-2.6314784121469517
10:53:49.774394,0.6197832012238621,-0.10802657412217298,0.661816260780926,1.951290436965265,-51.28597311581128,-2.3889541029996733
10:53:49.784580,0.631204442706512,-0.10519658073819368,0.6676856827962907,0.8969882615080377,-51.049086239924044,-2.175550604337354
10:53:49.794405,0.6450638885379929,-0.10755119483022822,0.6678423850700627,-0.3681102514188745,-50.86026589515376,-2.013808965328323
10:53:49.804430,0.6594390130693796,-0.11380738552489428,0.6603366129379922,-1.6714184224860085,-50.70060785525928,-1.9249037541727996
10:53:49.814430,0.6721217060345395,-0.12278591448603855,0.6512558535870007,-2.8492969158431323,-50.55827595725286,-1.9255393121985054
10:53:49.824452,0.681419253058973,-0.13329846926598923,0.6495806231467077,-3.7705133330881475,-50.430817237733706,-2.0253769332779603
10:53:49.834580,0.6867249062988652,-0.14351951406935728,0.6597477042078317,-4.3518849677569245,-50.32553030921311,-2.225369501469783
10:53:49.845117,0.6887151428702389,-0.15101397236595157,0.6777767826871521,-4.563851240556108,-50.25819999617547,-2.5173632298664947
10:53:49.854338,0.6891167264470658,-0.15362451682441497,0.6935146629642455,-4.425479917309842,-50.250539409356115,-2.8851392446181867
10:53:49.864527,0.6901203644496372,-0.1503080425572636,0.6967286173591573,-3.9905908422840755,-50.32662969979235,-3.3066883047578655
10:53:49.874435,0.6936330156806605,-0.1413251523166153,0.6826699034496599,-3.329003448674578,-50.50876581532582,-3.757076622595999
10:53:49.884399,0.7005820747602473,-0.12821621478444717,0.6543460285723949,-2.508568882940516,-50.81340162863295,-4.210999438242426
10:53:49.894551,0.7104662627341062,-0.11402776322404566,0.6214326365017488,-1.583677593413621,-51.24809430858589,-4.6442240512592825
10:53:49.904518,0.7213920559300583,-0.10324729207857752,0.5968828152696064,-0.5938904578765235,-51.81022360653226,-5.033623029340601
10:53:49.914679,0.7308485116035779,-0.10044713783144849,0.5920404845336505,0.4272926840488091,-52.48777297725063,-5.356207439506628
10:53:49.924670,0.7370921966293998,-0.10770551335123268,0.6112251670232489,1.437444842802068,-53.261817892461586,-5.588165921554142
10:53:49.934581,0.7402500036124068,-0.12253362336831805,0.6479727995368882,2.37061618539624,-54.10986264963296,-5.705091592936192
10:53:49.944408,0.7420619849880302,-0.13835570888044824,0.6859060044285099,3.130110163648715,-55.00896462851482,-5.684197278216924
10:53:49.954420,0.7443224202189529,-0.14775532772899075,0.7054499407592784,3.5934346603845775,-55.93767850246402,-5.508486328077033
10:53:49.964338,0.7474944698887234,-0.14629113752199588,0.6935449513346144,3.6301939576821978,-56.87619686310683,-5.171889701294791
10:53:49.974480,0.7508786542399605,-0.13422167807657734,0.6505954290700955,3.1291122240533302,-57.80464713537007,-4.683726015274114
10:53:49.984439,0.7540707893659969,-0.11546107144896318,0.5901919004046661,2.02682708035039,-58.700244623046665,-4.070805111545902
10:53:49.994395,0.758098634272497,-0.0953210173741432,0.5318243472011935,0.3298456509018159,-59.534634336624286,-3.3761115998644122
10:53:50.004288,0.764982503416658,-0.078844820978322,0.49127875625001194,-1.8773656000794567,-60.27292215721981,-2.654026571121879
10:53:50.014445,0.7760546358420317,-0.07004685194071435,0.4744499913936046,-4.4412573091049135,-60.87540110879344,-1.9630938001837135
10:53:50.024623,0.7906023598701397,-0.07128147402856146,0.47728625005806674,-7.163188356132556,-61.30199018735109,-1.3580538086466702
10:53:50.034445,0.8060870227839366,-0.08244985875454572,0.4901514017244454,-9.832398126865595,-61.51838773189958,-0.8830126554892187
10:53:50.044544,0.8196613646881066,-0.1006143404675235,0.5027362032196909,-12.259601281100037,-61.50233454884425,-0.5671387134995832
10:53:50.054549,0.8295779440536734,-0.1205318513595257,0.5069273837326436,-14.303210511044256,-61.24832669754101,-0.42340801262131483
10:53:50.064520,0.8354865056394242,-0.13614007038685097,0.4977712411650587,-15.88273450414035,-60.769506947761705,-0.4500271879929019
10:53:50.074432,0.8378947281650311,-0.14271584926192693,0.47413743656074353,-16.97765066650282,-60.09613690978212,-0.6335590358402048
10:53:50.084456,0.8377175644986077,-0.13884945287091544,0.4397540837782678,-17.613941954374088,-59.27087477552938,-0.9525712807497283
10:53:50.094382,0.8363584000515427,-0.1269048084034798,0.4032778354614212,-17.843534590661985,-58.341899698530376,-1.3808093656961578
10:53:50.104337,0.8359135896967709,-0.11148417145375278,0.37565191714048096,-17.72329968674291,-57.35552014281919,-1.8893728595188075
10:53:50.114621,0.8388086339862343,-0.09711458453042125,0.36505833410623856,-17.299728473181112,-56.35006409458537,-2.4479660963454264
10:53:50.124483,0.846708267521634,-0.08687056373762123,0.3722161675217489,-16.603105637322695,-55.3524673725332,-3.0257441960838785
10:53:50.134479,0.8593741754025097,-0.08240885664722868,0.38932371395906773,-15.65177092908215,-54.378146325552486,-3.592402103339908
10:53:50.144732,0.8744615173449611,-0.08451937979521748,0.40405715313142576,-14.46391249507139,-53.43375121717192,-4.1199301648413265
10:53:50.154671,0.8886497025554368,-0.09313024248411855,0.40658432346186413,-13.072231486846938,-52.521614991851244,-4.585001254918812
10:53:50.164600,0.8994030176531493,-0.10665527593927156,0.3949064005333365,-11.536292034773375,-51.64441032899537,-4.9714772882305756
10:53:50.174566,0.9060554638963865,-0.12164325326787594,0.3748233518953403,-9.948333843627871,-50.8087380241274,-5.272266204946163
10:53:50.184456,0.9095345736494794,-0.1336633187951625,0.355064265532175,-8.430203829642325,-50.02689227224311,-5.489858247207138
10:53:50.194426,0.9113098152014381,-0.13911867477986697,0.34163903052287214,-7.121202964001943,-49.31661195264901,-5.63526915141898
10:53:50.204316,0.9126280594510526,-0.1366986391169817,0.33528418208930616,-6.158606996496879,-48.69905765936297,-5.725616445226337
10:53:50.214277,0.9143771251331457,-0.12756656302661123,0.33289338046330774,-5.6542228270839034,-48.195526563281994,-5.780918999973475
10:53:50.224405,0.9171402662336423,-0.11445557242849407,0.3308466914284128,-5.671513473380874,-47.82358956529215,-5.820791796960077
10:53:50.234527,0.9210476194396243,-0.10045622119128653,0.32726576350000797,-6.208399208056958,-47.59345041930279,-5.861519480164955
10:53:50.244379,0.9255275088208529,-0.0881429913582201,0.32181793214445426,-7.190493543609516,-47.50535283118578,-5.913687446916923
10:53:50.254343,0.9293859932937385,-0.07918400114938191,0.3143220710362285,-8.47795773357601,-47.548715104558276,-5.980327930797564
10:53:50.264598,0.9315318649125004,-0.07430520454323428,0.30455843336039484,-9.886389497160947,-47.70331245857852,-6.055535074853579
10:53:50.274419,0.9320431710753685,-0.07363543272082326,0.29402192609486183,-11.218752426470381,-47.94234455214011,-6.123711274616811
10:53:50.284582,0.93259127435627,-0.07740414835651367,0.2875129591184335,-12.302261801501551,-48.23680506282544,-6.159879118635352
10:53:50.294585,0.9354547897295116,-0.08628682616524355,0.29161462575941893,-13.022340773228285,-48.560342964613575,-6.131623254276784
10:53:50.304553,0.9416262544347834,-0.10043602796314556,0.3096048766609858,-13.345794314686794,-48.89374875399907,-6.003068772670765
10:53:50.314556,0.9495563588064928,-0.1175250401564278,0.3361948909297899,-13.327203632322702,-49.22820546157757,-5.74084093762133
10:53:50.324731,0.9556950444320379,-0.13183743899895836,0.35707002398114907,-13.095848483435661,-49.56648594403892,-5.3212965143945885
10:53:50.334442,0.9565825070653753,-0.13617572704079128,0.35547411871035767,-12.824700388855033,-49.9214753727663,-4.737667327290026
10:53:50.344319,0.9511461264908105,-0.12589279765542571,0.32256559773198135,-12.687503953339878,-50.31190535229862,-4.005345044474981
10:53:50.354488,0.9417746254292664,-0.10221103348982759,0.26451190503887617,-12.813683454096886,-50.75600942570801,-3.1635755225779105
10:53:50.364673,0.9334605111770125,-0.07240884780339113,0.20094559089258165,-13.252569957197817,-51.264711933586646,-2.2724315188320627
10:53:50.374439,0.931392768871817,-0.046817716502163056,0.1553520249149313,-13.957222947516554,-51.83651591917653,-1.4050132332987046
10:53:50.384714,0.9383363185641352,-0.03456345572719008,0.1432915205285592,-14.79365180120218,-52.45604865007186,-0.6361066575527272
10:53:50.394425,0.9532632029453083,-0.04023721691920184,0.16530459145491025,-15.574435582824275,-53.09714270809982,-0.029613970412983994
10:53:50.404437,0.9718543087206712,-0.06261672987990195,0.2079458576590763,-16.108632807334796,-53.729715808290734,0.37242970903044936
10:53:50.414491,0.9884400233227493,-0.09537162777667807,0.25132163513453315,-16.25491279585703,-54.32822656899897,0.5567485129106782
10:53:50.424674,0.9983870881103574,-0.12915335099105954,0.2780813419275136,-15.963802216081874,-54.87879334346097,0.5401737460256082
10:53:50.434628,0.9998617957821894,-0.15445458825801153,0.2791330433540094,-15.2981522721837,-55.38250327571924,0.36543399144613986
10:53:50.444493,0.9942011159158031,-0.16459487015998847,0.25459490940234875,-14.427201935373294,-55.853812000487395,0.09271834493514963
10:53:50.454413,0.9848576831091386,-0.15797985421441518,0.21158371923244831,-13.596788477919032,-56.31461339295027,-0.21082243294673506
10:53:50.464702,0.9757255117910266,-0.1386532750479884,0.1611482599687208,-13.084107377396222,-56.78586969942394,-0.4813449813297001
10:53:50.474563,0.9698839568345983,-0.11452231266457345,0.11531376616657514,-13.148440735378234,-57.27927143909546,-0.6665602088263953
10:53:50.484356,0.9691673241343013,-0.0937289007781934,0.08383368158848845,-13.989045294921695,-57.79124061684596,-0.7310077413602735
10:53:50.494328,0.974147992469461,-0.0809919415062156,0.0706415605217567,-15.718478069469047,-58.300877752388075,-0.6582621901000844
10:53:50.504353,0.9840098844205167,-0.07613142836244388,0.0717687003289651,-18.35515726172827,-58.77238990057051,-0.4505965800452396
10:53:50.514283,0.9964154903353735,-0.07565472968329855,0.07708865919594168,-21.834171216201337,-59.16135073641043,-0.12690905524819557
10:53:50.524618,1.0079307010792893,-0.07613204144500768,0.07596680345098566,-26.031396966860804,-59.42312660464403,0.28031335731585916
10:53:50.534448,1.0152510894440936,-0.07685423805254374,0.06337012825939077,-30.793691965058088,-59.52126742616271,0.728439419625435
10:53:50.544384,1.0167366402908222,-0.07984709342376684,0.04186484029046303,-35.96758205913826,-59.43379363161167,1.1682331714452452
10:53:50.554436,1.0133019264654959,-0.08727153455506605,0.018030113926851176,-41.420206334243325,-59.15602164022759,1.5473188036889263
10:53:50.564554,1.0079484739432807,-0.09825494909802113,-0.0033191686558546223,-47.048644284172326,-58.69950570343796,1.8134451052406877
10:53:50.574610,1.0041322547323779,-0.10781452658246068,-0.021962579771904012,-52.77649169032663,-58.08743681995464,1.9174559900958912
10:53:50.584540,1.0040212776382895,-0.10920091779027198,-0.040357201480503035,-58.539257378035245,-57.34728359968019,1.8159796923523503
10:53:50.594483,1.0077070000943438,-0.09852459908048432,-0.05999744272642577,-64.2626103579201,-56.501753406054796,1.4740217137474199
10:53:50.604525,1.0136817800865385,-0.0785541609981574,-0.08017619861418142,-69.83944669483634,-55.559535538468346,0.8677666811385641
10:53:50.614653,1.0200875077807892,-0.05864996414188443,-0.09983351966816618,-75.11263472790276,-54.50775856978669,-0.012191400348295134
10:53:50.624741,1.025829174929555,-0.05020555752982815,-0.11959483004736353,-79.8694867212149,-53.308307023066384,-1.1573100826361828
10:53:50.634770,1.030831808613357,-0.060140616184837965,-0.1414751577863971,-83.85125967724807,-51.89966368047941,-2.53783464358818
10:53:50.644871,1.0354432604916062,-0.08665293583178772,-0.16689442194899667,-86.77695239328999,-50.20467123795663,-4.100755844806151
10:53:50.654802,1.039685259781343,-0.12015151531991984,-0.19534802215721553,-88.37674563955105,-48.1429716247415,-5.770002733467283
10:53:50.664655,1.0431178189827484,-0.1485781340809267,-0.2247745137934342,-88.42807803470832,-45.64559683477758,-7.449592967669283
10:53:50.674494,1.0454060604591517,-0.1632520794419724,-0.25269677489192904,-86.78726544829456,-42.66876280470798,-9.029903344412583
10:53:50.684757,1.0468359894301296,-0.16188328413631345,-0.2768993554326031,-83.41142810261884,-39.20437068040066,-10.396570555133168
10:53:50.694647,1.0480351745585474,-0.14829090800651148,-0.29541082931903223,-78.36827039697538,-35.285656954512454,-11.440965114243264
10:53:50.704546,1.0491990389927104,-0.13010291611245323,-0.3063059527322956,-71.83385686412457,-30.987403109290792,-12.070847015946024
10:53:50.714831,1.0498323641163678,-0.11554948221941587,-0.3078380036536088,-64.08020261337369,-26.420889002228034,-12.219786100679078
10:53:50.724772,1.0493538146950885,-0.11008271938841832,-0.2991843503999653,-55.45506849396443,-21.72435326884666,-11.854167445959622
10:53:50.734943,1.047814822293139,-0.11372854228196906,-0.2817011601570724,-46.356135308507504,-17.050152414414118,-10.976983410064197
10:53:50.744793,1.0458704351793229,-0.12053993896960258,-0.2597847648112532,-37.20128063399215,-12.550090887181002,-9.628050868955226
10:53:50.754419,1.0440299904277155,-0.12143621507415467,-0.239963582324138,-28.396526520349664,-8.36053890454011,-7.880728397069477
10:53:50.764631,1.042072132888453,-0.10976582374569246,-0.22790136536649863,-20.303689457544046,-4.58899151265551,-5.835576330328506
10:53:50.774319,1.0394111384510165,-0.0860185474288847,-0.22511731160094328,-13.210777618733045,-1.3036566013622886,-3.6116608670620955
10:53:50.784196,1.0361429432623297,-0.05788554635352305,-0.22808411434932713,-7.309198464691021,1.472540277977714,-1.3363647217043566
10:53:50.793670,1.0335958815366968,-0.0355435982497426,-0.23064212051897995,-2.6820578841361464,3.7625446909516436,0.8653518748288281
10:53:50.803740,1.0335917863195412,-0.025898826495163476,-0.22801596936748958,0.6933550560654614,5.630022618565454,2.8813024109606538
10:53:50.813839,1.0369514219304172,-0.02976379329274859,-0.2196144057940761,2.9284126306637215,7.169030017469512,4.62118506581499
10:53:50.824423,1.0426024097609883,-0.04302974783612275,-0.2088348839546256,4.194191509269696,8.490027771401516,6.02371811635485
10:53:50.834358,1.0481296792941142,-0.05998785505189084,-0.20026030542947362,4.686555547755694,9.7045118535984,7.06117587836458
10:53:50.844598,1.0513292054454535,-0.07615839117210933,-0.19649488027272993,4.592636971270192,10.91075569350682,7.740826317044014
10:53:50.854700,1.051501902573242,-0.08909402483943665,-0.19705329072559227,4.065622951546813,12.182778026569064,8.10296710096179
10:53:50.864378,1.0495127607349914,-0.09743535501296581,-0.19980674035872206,3.2125602016884947,13.563860894363536,8.215555672124758
10:53:50.874301,1.0467191764007042,-0.09984488859977293,-0.20314313930752337,2.0967006253168217,15.065098480251105,8.165818895353455
10:53:50.884350,1.043826422027511,-0.09523513050264322,-0.20662670197302077,0.7525811192470523,16.668783312066985,8.04966456280907
10:53:50.894828,1.040711640434889,-0.08405678266929874,-0.2098729949236697,-0.7907711448087718,18.335909884884988,7.960119583091645
10:53:50.904303,1.0372357935425025,-0.06922711157106741,-0.21132193268891547,-2.48494468773653,20.016548165149818,7.976285139327203
10:53:50.914324,1.0340302010172868,-0.05574084648239737,-0.20852766036512974,-4.242543043853506,21.661275230912505,8.154348942437332
10:53:50.924590,1.032285660088436,-0.04897448700704455,-0.1998906534791587,-5.928929092091471,23.231453954021294,8.521989439537213
10:53:50.934417,1.0326640773659743,-0.05220619501317537,-0.18633087469361265,-7.368964442371583,24.706228770061916,9.077033950925378
10:53:50.944490,1.0344499878616,-0.06461292314856044,-0.17136958868090935,-8.368855642533408,26.084833032499528,9.790540171010848
10:53:50.954572,1.0359040166470974,-0.0816316936774378,-0.15916175078013134,-8.749308677704402,27.384000085691415,10.61370134967414
10:53:50.964446,1.0356265224372945,-0.09817105173138696,-0.15143418329496305,-8.382996755621726,28.631504817565464,11.487307440447259
10:53:50.974891,1.033747156685352,-0.11223867073687202,-0.1453924209438347,-7.227851811712667,29.857695278119174,12.352057214863377
10:53:50.984839,1.0318671200337817,-0.12564058849657841,-0.1346840005890779,-5.348317389358387,31.08710313957602,13.157896224687295
10:53:50.994445,1.031775457041111,-0.14102095593781577,-0.11375572166074895,-2.9191597861838265,32.33192903912601,13.870805672529453
10:53:51.004448,1.0340035979001567,-0.15794945537750013,-0.08301642309900305,-0.20995972972818217,33.58862118510508,14.476047718272419
10:53:51.014535,1.0373074757074345,-0.1716342140331738,-0.050614607275079423,2.4478645682697238,34.838117395216166,14.977635217040483
10:53:51.024558,1.0393184977622403,-0.17542814215116032,-0.02870795211387204,4.706379660166573,36.04968209699159,15.394559135202632
10:53:51.034432,1.0378440417999448,-0.16502595887834562,-0.02652549641772746,6.251264035842055,37.18760689760986,15.754914752037584
10:53:51.044789,1.032103293164972,-0.14139905451694093,-0.0448967923513127,6.847957839435843,38.21934895301849,16.089384445372197
10:53:51.054391,1.0233061991461616,-0.11124219659609022,-0.0752807148499765,6.375361831947926,39.12311699266768,16.425492269837918
10:53:51.064549,1.0142538562048022,-0.0850925323010164,-0.1032830492902166,4.840764107754735,39.89279798617119,16.783663639068568
10:53:51.074433,1.0080874839712544,-0.07336790628102514,-0.11492481177327972,2.373559225454287,40.53871720622503,17.175491811911535
10:53:51.084602,1.0067607276573638,-0.081330546357744,-0.10327337424315337,-0.7998141248857314,41.08400487567057,17.60390579010867
10:53:51.094739,1.0099844628526622,-0.10571150879845068,-0.07250283638695235,-4.392839187321207,41.55787323469566,18.064406234947825
10:53:51.104847,1.0151908652949868,-0.13586345686463316,-0.036681888513953036,-8.098431821361146,41.98824871270922,18.546404714907975
10:53:51.114414,1.018601420751887,-0.15943947736936806,-0.012858331234121388,-11.622128323635227,42.39643469642576,19.034004680906254
10:53:51.124293,1.0170280650839514,-0.16901945105886196,-0.011669845197783853,-14.703435330642177,42.79564088071373,19.506131244318105
10:53:51.134643,1.0096935873403392,-0.16536758984583633,-0.031007857229306338,-17.124787288810854,43.19356184167759,19.936484683138023
10:53:51.144586,0.9991074992825021,-0.1557406121032013,-0.05690894208610547,-18.71222707531043,43.597338867247664,20.294134883942586
10:53:51.154439,0.9901896759548728,-0.14914392189232345,-0.07128913540746173,-19.33449207375273,44.01802485100087,20.545567192492506
10:53:51.164741,0.9877486279915592,-0.15186365650412356,-0.06159848294323287,-18.906611967141114,44.47177478189737,20.658609846279735
10:53:51.174517,0.9936585423245076,-0.16544823812884155,-0.026625492231386327,-17.400622616561293,44.97647474312419,20.608004867262682
10:53:51.184295,1.0055547700170369,-0.1870535350817801,0.023972506489173626,-14.861104239707439,45.54470840405504,20.381636688371266
10:53:51.194443,1.017960170448233,-0.21086739460962525,0.07473092837896539,-11.419209524757555,46.17577465107283,19.98589727260931
10:53:51.204488,1.0250836412065747,-0.22995089074660746,0.11087816401275621,-7.297535498632207,46.85009636544582,19.44860701860359
10:53:51.214588,1.0235038444242652,-0.23868617539407286,0.12401377714515559,-2.8001768348755527,47.52861506402078,18.818412011255642
10:53:51.224260,1.0133546998547358,-0.23546854755868243,0.11553167704582483,1.7133729523351933,48.15804921081676,18.160458175281992
10:53:51.234445,0.997835241026802,-0.22402745039874916,0.09634194863853195,5.866991382084923,48.680897304092625,17.549049184698944
10:53:51.244231,0.9817083449793731,-0.21177534707256915,0.082065390220287,9.312391306576076,49.04750358513933,17.05862246097348
10:53:51.254774,0.9695296615543034,-0.20550495178225273,0.08508110563267847,11.771138507742858,49.226903763963996,16.754604676261835
10:53:51.264719,0.964086793345,-0.20709510978393852,0.10737804155609801,13.067234182126965,49.21369738771449,16.685572806091876
10:53:51.274571,0.9653987254461367,-0.21240576416118098,0.1388757885410331,13.145915354534962,49.02958904111484,16.877762648331316
10:53:51.284717,0.9706783688052704,-0.21432688559102853,0.1632165374148849,12.077280686669289,48.719921458409,17.332471970194167
10:53:51.294491,0.9755616602411639,-0.20768911445725952,0.16787147821510892,10.045626651610293,48.34681388731098,18.026428872237343
10:53:51.304382,0.9762797379415525,-0.1926068012062991,0.15184806949169732,7.326597676931331,47.9809254873851,18.914819986090567
10:53:51.314550,0.9715835279317767,-0.17469089739282304,0.12602090269063035,4.254754235446771,47.69335822588131,19.936419990643223
10:53:51.324214,0.9631598719126783,-0.16270878183628304,0.1065987405539061,1.1846837860139117,47.548293899189105,21.020103350966828
10:53:51.334369,0.9543884834885221,-0.16461345027928362,0.10640966036387818,-1.5501374401212316,47.596314841043345,22.091896100148702
10:53:51.344568,0.9484437580015643,-0.18299637258432525,0.12885213836391335,-3.6750097666985564,47.86837772497082,23.08163176802152
10:53:51.354477,0.9468169118969196,-0.2124374735229694,0.16697502890920202,-5.001406441072996,48.37096145545685,23.928299477689436
10:53:51.364511,0.948714226886512,-0.24165905382489133,0.20751322508967554,-5.437848643004439,49.083518125277884,24.583425259877014
10:53:51.374303,0.9514418520318433,-0.26012853463797103,0.2375011289064309,-4.980898141793829,49.95954153156165,25.012304488853893
10:53:51.384432,0.9517721611149154,-0.26418276125414203,0.24973630102007818,-3.687821176425925,50.93206886632071,25.193445037937288
10:53:51.394414,0.9477454490881557,-0.2575912953866156,0.2442613842296937,-1.6379853382399567,51.92329784456996,25.116998518616256
10:53:51.404782,0.9397008383033709,-0.24681849475129242,0.22620407533095016,1.1058317837622242,52.85662604956288,24.78316044604636
10:53:51.414739,0.9297036301697575,-0.23618798809379987,0.20289734607058582,4.524002600076728,53.66840190170192,24.201484529995696
10:53:51.424420,0.9199734028560637,-0.22732942581291601,0.18261950944924557,8.644963572030866,54.31649379169993,23.39172589680262
10:53:51.434260,0.9118133019991113,-0.22225685063179682,0.1745953850531059,13.524817394419506,54.78350825070622,22.3861644190111
10:53:51.444567,0.9057803700947507,-0.22582174961798948,0.18819196445985512,19.20532691640298,55.07382286016709,21.23248898619076
10:53:51.454279,0.9023496248843277,-0.24421087672649383,0.2298627810612088,25.660847803174832,55.205146305217816,19.995566973231668
10:53:51.464266,0.9018504908878879,-0.2799539216475909,0.2983630524947073,32.74921063485001,55.19675688087785,18.756145604310383
10:53:51.474324,0.9034565820901158,-0.327070120822331,0.38101569338218544,40.18235828740539,55.057630070612944,17.60495650990732
10:53:51.484426,0.9043587375362271,-0.3705493904407845,0.4551587734501924,47.529117859250874,54.77805223514354,16.63181875648719
10:53:51.494245,0.9005494989062415,-0.3920698265895534,0.4968208779005761,54.255169193278014,54.32775539592922,15.910936805239668
10:53:51.504336,0.889418422017035,-0.3795390673611872,0.49273622628002484,59.79543149577538,53.66197400256421,15.485236609857825
10:53:51.514664,0.8724275260143897,-0.33452765557748937,0.4474633782512898,63.64416637970029,52.73435180502659,15.35369604892199
10:53:51.524414,0.8553591390241077,-0.272407721192676,0.3806206913037785,65.44127219491338,51.513076696511625,15.465684579971002
10:53:51.534406,0.8453071825299876,-0.21493972012088183,0.31762666395418976,65.03245325938775,49.99511789547457,15.725121350477968
10:53:51.544455,0.8464696647504795,-0.17986803650020913,0.2814235553615782,62.487378077542154,48.213840166459086,16.005009896732403
10:53:51.554435,0.8579233491524234,-0.17316315260948914,0.28815936488482335,58.071948246380785,46.237516412802044,16.17020006773478
10:53:51.567122,0.874705150208066,-0.1874770449449884,0.3436167209290089,52.184244878711546,44.15934905254286,16.103841890329935
10:53:51.574620,0.8906905833860055,-0.20748255813898092,0.4382368340478918,45.27378545249367,42.08223188585952,15.7316626048198
10:53:51.584375,0.9007861762189775,-0.219482085244286,0.5452961285456394,37.76706940134959,40.102768985293075,15.038368374145861
10:53:51.594447,0.9014819859671885,-0.21930441639396506,0.6287813017017195,30.018363737750537,38.29887144214764,14.072154099560192
10:53:51.604449,0.890825877355819,-0.2125300725562869,0.6599203270987516,22.295201434909444,36.723901074074064,12.936063723407047
10:53:51.614394,0.8691127677183251,-0.20715213031229923,0.6319341579034856,14.796574736397945,35.408264579155954,11.768076417774079
10:53:51.624148,0.8400790376897084,-0.20593676832568264,0.5621254664878454,7.69191446500521,34.36708106263255,10.714515379374346
10:53:51.634305,0.8110894016282267,-0.20557373623770062,0.47996456515871183,1.1633738349859002,33.61066692811319,9.90293405895696
10:53:51.644915,0.7910508914807188,-0.2021721123475802,0.41045608672567274,-4.566024371418898,33.15372156071036,9.420510518233845
10:53:51.654241,0.7864100594091467,-0.19675108564187527,0.36458668470433897,-9.230457328197431,33.01963086986139,9.30219345971412
10:53:51.664491,0.7974732394173364,-0.19576494890310436,0.34160866772124854,-12.548804344961955,33.23814231995986,9.530058949522244
10:53:51.674467,0.8178133085026098,-0.20673708429954696,0.3378510362550642,-14.275292302238892,33.837133422438626,10.042547932437909
10:53:51.684407,0.8376735286635884,-0.2322857576204009,0.35231861521611263,-14.259746105543034,34.8312783437719,10.750266287838125
10:53:51.694566,0.8492064082945091,-0.26648718297695906,0.38417413487680335,-12.500785299336895,36.21133617285343,11.554178121802789
10:53:51.704613,0.8498453638187411,-0.2966534027123348,0.4264987306557447,-9.176720974349141,37.937439699651414,12.362246791908884
10:53:51.714516,0.8417408750038393,-0.31041889091611863,0.464988941587534,-4.644097225713394,39.93860037417035,13.101602708965348
10:53:51.724300,0.8286122533140758,-0.3032964527748268,0.484773197476827,0.5985843897730692,42.119149252450235,13.724777255809181
10:53:51.734496,0.8132193604791017,-0.28049165951889393,0.47945575435960286,5.976110914674288,44.371226401923515,14.210057240298857
10:53:51.744537,0.7971848970783905,-0.25179619804402986,0.45425934303937426,10.917825985101947,46.5908437801596,14.557264237687736
10:53:51.754598,0.7820955164913423,-0.22491212774822336,0.4216525490217679,14.937972979553688,48.69385060467355,14.781026687263772
10:53:51.764593,0.7699068854546127,-0.20315244945565675,0.3946299197353647,17.69855815080961,50.62789136823874,14.903756618148963
10:53:51.774648,0.7621176792923552,-0.18790657759670162,0.38270501539818214,19.042961901615442,52.37746340577637,14.95005782523083
10:53:51.784486,0.7587620969745744,-0.1813346591151665,0.39099512849567686,18.996168262757816,53.961131335266124,14.943373498919982
10:53:51.794150,0.7583607042803383,-0.18560158885321068,0.41999134048346076,17.73547189690208,55.42205813898531,14.904700908427014
10:53:51.804311,0.7588557584394646,-0.19980713011612694,0.4648651399301632,15.541522986893696,56.814527029692776,14.852528084493514
10:53:51.814336,0.7585478078235354,-0.21871482491899868,0.5155002762810534,12.742331822450632,58.18973947754996,14.802971296518944
10:53:51.824643,0.7562243683278841,-0.235214365095062,0.5586768162594026,9.662292296595172,59.58399143936006,14.769366557943403
10:53:51.834467,0.7507858166204981,-0.2441909233288148,0.5821343145209927,6.585044032274461,61.011594967710465,14.761085117016485
10:53:51.844500,0.7412931071797905,-0.24434831203955512,0.5788710706985902,3.734096404568768,62.46377127908644,14.78187306283355
10:53:51.854295,0.7277019482387023,-0.23736471979319376,0.5500745304472988,1.2698429158684228,63.91329178402294,14.828406261601929
10:53:51.864339,0.7114972341326831,-0.22652563238742182,0.5058151206885022,-0.7027042794201277,65.32313696824725,14.88990728905062
10:53:51.874435,0.6953084624875585,-0.21640433209421933,0.46316899872221484,-2.1231666472144495,66.65634818038981,14.949505929745834
10:53:51.884503,0.6815690160739533,-0.21258511082643508,0.44158307817806,-2.9688439552551076,67.88404278140351,14.987514319124726
10:53:51.894550,0.6713255615768916,-0.21962830385232743,0.4557874408922737,-3.254848459063971,68.98940667562141,14.986062466205325
10:53:51.904514,0.6641983212677313,-0.23774096267207184,0.5083183600308999,-3.039874394260843,69.96705455895356,14.933888300196923
10:53:51.914524,0.6592429990844271,-0.2611620788995084,0.5859758120246856,-2.4320907256654745,70.81883650549113,14.82980809018972
10:53:51.924712,0.6554675709366315,-0.2806789683178763,0.6642709264870649,-1.5880361247846182,71.54837252232798,14.683665716156671
10:53:51.934355,0.6513210396662898,-0.2889627320534235,0.7190345317789375,-0.6990866373192544,72.15694678279547,14.514292372433152
10:53:51.944636,0.6440932617618601,-0.2844099184032585,0.7381218906435982,0.035398834845431854,72.64276489556441,14.34492062427423
10:53:51.954252,0.6307490685440595,-0.270602108844793,0.7253493618783968,0.4434703719119754,73.00410672194523,14.197251786806536
10:53:51.964610,0.61020866123457,-0.25292986746878005,0.695190950285463,0.41525113228242605,73.24508599936122,14.085743040155611
10:53:51.974408,0.5851259589438933,-0.23608734601455963,0.6637876150118119,-0.07367563401431651,73.38132750480032,14.013587124580924
10:53:51.984105,0.5611541915725762,-0.2239208906591461,0.6426550727068719,-0.9580939146396208,73.44257032411764,13.971360870267027
10:53:51.994397,0.5437957180074029,-0.21997479069409617,0.6369740976499563,-2.10057802049991,73.47018940913681,13.938604901236602
10:53:52.004489,0.5352066267836029,-0.2267595761278906,0.6464869593566493,-3.326515886647581,73.50948268766211,13.887929022434403
10:53:52.014620,0.5334230114608148,-0.24397516403768688,0.6670565325318583,-4.467765472164027,73.59850222577839,13.790808479584788
10:53:52.024510,0.5341847245001756,-0.26767283756333626,0.6926889249301942,-5.403788346840218,73.75646302596226,13.624058691155088
10:53:52.034481,0.5333309354077677,-0.2916070432281637,0.7179965866512733,-6.089960790410741,73.9750023235524,13.375931193947716
10:53:52.044383,0.5279191469717702,-0.30980024276233675,0.7399375383004021,-6.566135925717,74.21489149330954,13.050753111842209
10:53:52.054352,0.5160959625601679,-0.3183388022789145,0.7577785950373008,-6.943503313144651,74.40951797663541,12.671050710596939
10:53:52.064630,0.49697588537319237,-0.3156526469558675,0.7718972788659917,-7.373234208326059,74.4748511483822,12.276285099672783
10:53:52.074527,0.4713362542414647,-0.30222726625864976,0.7828586233966718,-8.005029967561342,74.32399764398505,11.917810991519616
10:53:52.084236,0.44257158915866796,-0.2809280442146266,0.7912206397697309,-8.946282867124124,73.88322488141705,11.650439909311562
10:53:52.093870,0.41644170853478335,-0.25783745258724516,0.7974880883897022,-10.232345371354942,73.10587203636432,11.521879017520225
10:53:52.104296,0.398818723836731,-0.2419674251737968,0.8018993735439794,-11.815416346027789,71.98107715292555,11.562065880437512
10:53:52.114703,0.3925498022277644,-0.24218304693734635,0.8046082617799991,-13.574611377221379,70.53558963614468,11.77476697267441
10:53:52.124636,0.3957079697645839,-0.2620668971257309,0.806856759207046,-15.344192450187384,68.82866028220866,12.133579978899522
10:53:52.134484,0.4026114465133694,-0.2962873010718363,0.8123610855883288,-16.952147706645768,66.94156514519815,12.583662034164243
10:53:52.144415,0.4069926887908201,-0.3319478262379632,0.8267526308322732,-18.258653881097082,64.96432105601579,13.04926034066703
10:53:52.154377,0.40528944739064154,-0.3548674819121199,0.8538616204583805,-19.18423683155948,62.98242012321842,13.445752634605489
10:53:52.164476,0.39805353834926704,-0.35689587702378167,0.8909314393684333,-19.72064768323164,61.06600772671629,13.693785170718659
10:53:52.174485,0.3887535551738013,-0.33959512950261844,0.9271313198022303,-19.92266537595216,59.2630893414095,13.732558109893947
10:53:52.184518,0.38092866998613667,-0.3123742311927496,0.9478321805327685,-19.884646006493387,57.59737227058099,13.529538491124695
10:53:52.194507,0.37565410575101826,-0.2869533656286534,0.9424336812313885,-19.709928401970497,56.07045401227173,13.08483494536993
10:53:52.204369,0.3709398475897688,-0.2719841816384599,0.910791333316155,-19.482814412643652,54.667387005871646,12.429842297945902
10:53:52.214257,0.36328610408500384,-0.27061427622889495,0.8645044427636239,-19.251257064214155,53.36425068584781,11.62109140716396
10:53:52.224603,0.3502138772190089,-0.2809945211385355,0.8222161866307508,-19.024207237304836,52.1362380025152,10.73109854000831
10:53:52.234622,0.33207303947487815,-0.298022517489518,0.8008024590352976,-18.782349216929436,50.96482949918777,9.838208501100633
10:53:52.244408,0.3120134253892648,-0.3153482178743072,0.8069267551340643,-18.49660483526329,49.84284900389905,9.01706186735107
10:53:52.254336,0.29430215852569647,-0.32776534304738136,0.834283780560531,-18.146787763358887,48.776636315575765,8.330687661832968
10:53:52.264371,0.2822519214528737,-0.3334848870036173,0.8684508956897613,-17.73364284176544,47.78522552661091,7.824658181494216
10:53:52.274489,0.2770023724981463,-0.3347289151569723,0.895453436468685,-17.280599942064192,46.89707492730797,7.523431557923011
10:53:52.284336,0.2774993385046535,-0.33574858039232225,0.9075696473243064,-16.825548307524443,46.14530319242389,7.428930571655944
10:53:52.294256,0.281287779812141,-0.3393806784907889,0.9032577673843052,-16.406331457609085,45.56246582798559,7.521405262018211
10:53:52.304275,0.285588993692364,-0.34465685821997644,0.8838288067847482,-16.04546888061329,45.17575296970831,7.762543465211838
10:53:52.314589,0.2882047442822044,-0.3474983862691581,0.8517465762453915,-15.739539225956175,45.003243765692616,8.100566093098747
10:53:52.324409,0.28793962085659014,-0.3442940699967377,0.8121865403951929,-15.457067808172605,45.051583115327276,8.476719532843822
10:53:52.334616,0.28457066061154784,-0.335687135664355,0.774656542710749,-15.146328802602948,45.31512774428762,8.832268357743166
10:53:52.344415,0.2786513085452881,-0.32732898630142165,0.7507645082732844,-14.75182080479739,45.77621467964676,9.114922171618373
10:53:52.354469,0.2712869852836862,-0.3265716738019172,0.748528402601204,-14.235705369911917,46.405867195904264,9.283693367350523
10:53:52.364402,0.26374258135544026,-0.33739550036911997,0.7678459714425975,-13.598546118493127,47.164254042675765,9.311503479106184
10:53:52.374638,0.25683142443394974,-0.35737616766733704,0.8009792199137127,-12.892758058949607,48.00071066714317,9.185360277612824
10:53:52.384422,0.2504007801212965,-0.37890427358274087,0.8373502701780644,-12.222925225765948,48.85386524260436,8.904440300516184
10:53:52.394333,0.24334145204384972,-0.3936544441747588,0.8686294350624876,-11.729945299743656,49.65285092167853,8.47674162712723
10:53:52.404105,0.23418832329610678,-0.39706559660915647,0.8907750534327549,-11.560402671911099,50.32035510064539,7.915047044192583
10:53:52.413887,0.2219127016280504,-0.3899968645158329,0.9029706568059056,-11.827347991582897,50.77746427879583,7.23285118381859
10:53:52.424607,0.2064632512868022,-0.37726178504487656,0.9060140630264525,-12.572050202084604,50.9493996694971,6.44082081903051
10:53:52.434238,0.18899617864029472,-0.36491892188118064,0.9022322877008161,-13.736978334806345,50.77079632792053,5.5443608967671265
10:53:52.444414,0.17191597324478478,-0.35805741389986373,0.896207020643647,-15.158014437825734,50.1893332856671,4.542883990205961
10:53:52.454506,0.15848538872789744,-0.3593691958262864,0.8940827636088142,-16.57953919274611,49.16712615124231,3.4312804767181753
10:53:52.464243,0.15156701688918134,-0.36833598334001794,0.9010107625498139,-17.690958314338573,47.68008949210657,2.203769695329998
10:53:52.474600,0.1517908381744895,-0.38152305280163107,0.9188635336009258,-18.178705004666206,45.71622096319829,0.8597990357542685
10:53:52.484724,0.15646411454547068,-0.39445598221312067,0.9461809776634174,-17.784529540002012,43.2741935028819,-0.5889587905348157
10:53:52.494389,0.16045192931462093,-0.4041673860804466,0.9797448378498905,-16.35933067961679,40.3635379828045,-2.1120381660192127
10:53:52.504544,0.1588055784428518,-0.41037434229744296,1.0156157149455611,-13.902060678996314,37.00702102376265,-3.655908851427978
10:53:52.514456,0.14938856150551139,-0.4142229920349155,1.0486451904068304,-10.575372820974952,33.24480110804326,-5.143750343795152
10:53:52.524424,0.13363567313909536,-0.41594774425219366,1.071860912462712,-6.693455924853289,29.13899686049584,-6.48034654966254
10:53:52.534510,0.11513546579737399,-0.4138761661686513,1.0779512724923508,-2.6823664442779327,24.77685956279824,-7.5620469711080895
10:53:52.544828,0.09750774945794849,-0.40561458924083793,1.062995230311351,0.9816892847389111,20.271019429894615,-8.290470105956619
10:53:52.554599,0.08323886074492362,-0.38993751610445543,1.0295249112566576,3.846197635035369,15.756075526607534,-8.58759274666737
10:53:52.564362,0.07375784685721629,-0.3675932589294088,0.9858359376241872,5.555506258345827,11.381649835398324,-8.409374649958949
10:53:52.574332,0.06989022669573783,-0.3408935206833771,0.9419090462829669,5.9099765613010415,7.302577618673161,-7.755237424537964
10:53:52.584262,0.07199537319165308,-0.31315436489566534,0.9053053647952612,4.899880064699817,3.667165165663274,-6.671483174168103
10:53:52.594147,0.07982371412112203,-0.28850062445464086,0.8795652492603905,2.707295752385846,0.604611300918802,-5.24789045347762
10:53:52.604296,0.0923864771796504,-0.27156516463714625,0.8647313172008059,-0.32464750065794656,-1.787127510450202,-3.6079885167524206
10:53:52.614452,0.10796221231120004,-0.2666214254351343,0.8583520088248763,-3.7494113924993866,-3.451592879831432,-1.894617842728879
10:53:52.624400,0.12429984300636794,-0.2761447031774662,0.8563203881300588,-7.090496313868744,-4.380740991574982,-0.2531197393947529
10:53:52.634394,0.13908930274999962,-0.29907048527341923,0.8539718312610858,-9.916705408933465,-4.617255366855624,1.1852569348294815
10:53:52.644335,0.15054571015282,-0.32968056055776446,0.8476934111620028,-11.90534422894108,-4.25146064011947,2.3173844806818265
10:53:52.654516,0.1577265816588793,-0.35873255593895764,0.836570234862481,-12.882511880386105,-3.4127663257026,3.077988724353434
10:53:52.664349,0.16044779952578989,-0.37743666515838153,0.823190656317675,-12.834856400979781,-2.256431407779984,3.444157992868776
10:53:52.674070,0.15911958150827551,-0.38224223194664586,0.8128329670654458,-11.893319286936231,-0.9472655935506669,3.4344970693347854
10:53:52.683919,0.15476555215545848,-0.37683209558010533,0.810915648170705,-10.29498024524914,0.3574967134493953,3.103455040215088
10:53:52.693924,0.1489812955151741,-0.36935376105635337,0.8197645760650765,-8.332793360688449,1.5236521476346656,2.531858035501901
10:53:52.703703,0.1434503423774458,-0.3667094190192084,0.8366977185686704,-6.304023503942075,2.4515603287443493,1.8150465712627224
10:53:52.714327,0.13913511268962872,-0.37031209517873187,0.8550150436856919,-4.466607224156431,3.0822955708345035,1.0502561030399318
10:53:52.724398,0.1357776598303836,-0.37644500738307624,0.8675560464601945,-3.0093113799516136,3.398118022407847,0.3249417048834077
10:53:52.734295,0.13225354337946457,-0.38022468445203883,0.870539618995615,-2.0377041114488663,3.4180673783662328,-0.29243658474146383
10:53:52.744546,0.1276293974570564,-0.37928563627922535,0.8651809394969978,-1.5747173500496463,3.190148558476145,-0.7581030515217388
10:53:52.754604,0.1220970264450853,-0.37441825282414704,0.8562539956977917,-1.5725511613106953,2.7816962129524003,-1.05469699325804
10:53:52.764121,0.11699741296212034,-0.3677475049767001,0.8488521425230111,-1.9318446225557486,2.2692596780642282,-1.189255605951396
10:53:52.774416,0.11392922852120853,-0.3608888558519279,0.8455253939525862,-2.524078933043363,1.7290352088714824,-1.1881707630082516
10:53:52.784578,0.11370421717675054,-0.3545505443393458,0.8454130548476918,-3.2137037477667825,1.2286597630243552,-1.0901623073656606
10:53:52.794146,0.115956444828812,-0.34913254614894335,0.8456465410552059,-3.8772295318866075,0.8210365266109082,-0.9384539474690355
10:53:52.803903,0.11957715885627063,-0.3451606552199086,0.8439348043308027,-4.417401893902541,0.5406519996742664,-0.7733273910417274
10:53:52.814069,0.1234836391718629,-0.34307404504430594,0.8404667906361653,-4.771532984206689,0.402503115063193,-0.6260751147755899
10:53:52.824126,0.1270968510861202,-0.34278056355494835,0.8377023978048189,-4.914026794550416,0.40336154630361115,-0.5150878001339215
10:53:52.833893,0.13030256082740563,-0.3436119741044134,0.8382835641349295,-4.853926689726885,0.5248133814311248,-0.44444507193195726
10:53:52.844049,0.13315546357067198,-0.34481240385189105,0.8428631146095711,-4.62876599493739,0.737411068593492,-0.4049951577660628
10:53:52.854441,0.13567612065862247,-0.34608178518064286,0.8495668876515248,-4.296093929516222,1.0053171663377554,-0.3775652768601021
10:53:52.864328,0.13779508195978774,-0.34766277611740837,0.8552466245609677,-3.923925762824176,1.29090325659233,-0.337663487042328
10:53:52.874375,0.1393196444034868,-0.3499786363686212,0.8573584679472108,-3.581198973576097,1.55884677643225,-0.26082853721742216
10:53:52.884546,0.139950941303096,-0.35318768327275735,0.8552374513829467,-3.3291614887253766,1.779379930910869,-0.12769149275320327
10:53:52.894118,0.1394645927124969,-0.356877625920861,0.8502254416615143,-3.214431849667734,1.9305188266203808,0.07212688471310419
10:53:52.904324,0.13794578532141494,-0.35992725677982046,0.8448024306377813,-3.2642300976750063,1.9992900236577893,0.33793726408223174
10:53:52.914070,0.13582179592811222,-0.36067483442073006,0.8413357154696972,-3.4840228446234405,1.9820920473422172,0.6580286132172731
10:53:52.923826,0.13365615229385183,-0.357623808282137,0.8411416884549356,-3.8576148195373405,1.8843433274240975,1.0117368294664038
10:53:52.933664,0.1319043128794729,-0.3505572012554858,0.8441821408467283,-4.349576730205558,1.7195026052728521,1.3730294908621608
10:53:52.943865,0.13076730443642098,-0.34129681469319695,0.8492667938677302,-4.909806082346208,1.5074701439569576,1.7147989258761382
10:53:52.953744,0.1301809491200537,-0.33315985494128525,0.8545398002519823,-5.479914256372246,1.2723701261975262,2.0129443406733274
10:53:52.964135,0.1299782998784157,-0.3290447244807735,0.858177811311149,-6.000936618910987,1.0398229253146147,2.249448736605026
10:53:52.973847,0.1301123896146795,-0.32950897424348763,0.8591668143274529,-6.421539117162042,0.8339946468424138,2.413980265780844
10:53:52.983865,0.13067351760968965,-0.3325629704217619,0.8577539789367765,-6.705552160529085,0.6748451219206406,2.5039599168685407
10:53:52.993794,0.13166443035731756,-0.3354497224482522,0.8552260295882853,-6.837519680659732,0.5759960971756283,2.5234016351257313
10:53:53.004021,0.13284291808496848,-0.3368539979502415,0.8531523431606336,-6.825166975599415,0.5435075672464206,2.4810406392830697
10:53:53.013663,0.13386692433656872,-0.33767174527402305,0.8525631480730465,-6.698229087166937,0.5756460372257319,2.3882878042761924
10:53:53.023827,0.13458224465254512,-0.33984141682299823,0.8534415538570664,-6.503749038095445,0.663536492057641,2.2574288995175738
10:53:53.034051,0.13510282066984347,-0.3444134873625951,0.8547140075832738,-6.298548996603357,0.7924811887779513,2.100310513271593
10:53:53.043853,0.13555968231444887,-0.3505731397973968,0.85478502488137,-6.139995705262584,0.9437330456401898,1.9275856737689046
10:53:53.054417,0.13577030536351825,-0.35634937273768086,0.8524623817236939,-6.076428604331604,1.096588872928257,1.7484597247184284
10:53:53.063883,0.13521153683920553,-0.36020502201359583,0.8478579444808151,-6.138727283200752,1.2307225588298498,1.5707854765774139
10:53:53.073634,0.13342152840304788,-0.3620727998618278,0.8426779144710755,-6.334448187961502,1.3286287900560763,1.4013085056786572
10:53:53.084098,0.13053226449097688,-0.3631377211315192,0.8394913093711698,-6.645688198793967,1.3778931820357148,1.245868584368879
10:53:53.093974,0.1274355231200348,-0.3647769592393312,0.8402100734359652,-7.031274832846312,1.372844143372062,1.109427139838925
10:53:53.103845,0.12532918044218289,-0.36746957107115596,0.8447177031129823,-7.433078504616502,1.315128663521014,0.9958939602407542
10:53:53.114475,0.12492807467977875,-0.3702469012337791,0.8506831717049425,-7.785372867140851,1.2129858566096334,0.9078268156334033
10:53:53.124409,0.1259976211958811,-0.37100745309069366,0.8548670230007384,-8.025504482692982,1.0793983276443626,0.8461377728943568
10:53:53.134120,0.12764565499110583,-0.3677638427877114,0.8551146581976831,-8.10390019382928,0.9296551213261107,0.8099440115399064
10:53:53.144336,0.12910698601220677,-0.36023698228807083,0.8516364598310049,-7.991705479757503,0.7789505699029909,0.7966488514277604
10:53:53.153830,0.13029813078701763,-0.35058194974921597,0.8467058397387821,-7.684980179620605,0.6404557836944909,0.802248867948321
10:53:53.163700,0.13168918452074466,-0.3424106655355726,0.8431061907301937,-7.205122208108895,0.524011250704247,0.8217827111229196
10:53:53.174424,0.1336798836688711,-0.33866112499847995,0.8424546743590214,-6.595799696913098,0.43540404531425525,0.8498158440389595
10:53:53.184397,0.13605622704329257,-0.3399260070327533,0.844442767499445,-5.917040235018436,0.3761840752186889,0.8808928130724649
10:53:53.194313,0.1380093598587059,-0.34448105801154905,0.8473532314054365,-5.237310071047145,0.3440493710567882,0.9099346612714716
10:53:53.203862,0.13870862538988774,-0.3498061429365349,0.8493954741057341,-4.624550278566238,0.3338333597741507,0.9325718397488283
10:53:53.213980,0.13791041214191987,-0.3542480896570264,0.8498904196138523,-4.1373003737840675,0.33898172455820325,0.9453895318759243
10:53:53.224111,0.1360889830776609,-0.3575853606419864,0.849509854250433,-3.8171755109222127,0.35319254247702436,0.9460576457485338
10:53:53.234035,0.13407706727166624,-0.3603314927374551,0.8495166963426671,-3.6839064002749247,0.3717758403372479,0.9333417098005274
10:53:53.243730,0.1325669730431405,-0.3626334504318016,0.8506491551316488,-3.733767462674176,0.3923702346727634,0.9070323365145347
10:53:53.253645,0.1317747588409486,-0.3638195228052676,0.8524672659987816,-3.9415500675710753,0.41489454836752115,0.8678603298409799
10:53:53.264293,0.13141197302588756,-0.36298787227964474,0.8536184834097016,-4.265512301004069,0.4408780616906897,0.8174561454952295
10:53:53.274402,0.13097467927929543,-0.3600688360795923,0.8528411329875878,-4.65422508135096,0.47248239673635656,0.7583637090189228
10:53:53.283849,0.13016979237074147,-0.3563356812281195,0.8499748005549169,-5.054075988646944,0.5115470023121503,0.6940550119021422
10:53:53.293755,0.12918188229255237,-0.35378325953272494,0.8461667818923037,-5.416329459307993,0.5588786263532788,0.6288499916901553
10:53:53.303853,0.1285839532377859,-0.3537552120581515,0.8430589575746532,-5.702896891395901,0.6138475331409208,0.5676498656378349
10:53:53.314385,0.12894229296345058,-0.3558780534227354,0.8416515691064177,-5.890192987968945,0.6742565131151586,0.5154425260743167
10:53:53.324037,0.1304017428950891,-0.3582268509451912,0.8418471294546396,-5.970634691852081,0.7364580898628298,0.4766190170502576
10:53:53.333805,0.13256741025342605,-0.35873255473025695,0.8429399311481539,-5.951591709521629,0.795750162701571,0.4542230998543495
10:53:53.343927,0.13474115849568938,-0.3567617025357757,0.8443731187914473,-5.852025375832766,0.8470789750521907,0.4493088326305595
10:53:53.353900,0.13628982098166034,-0.3535442148601451,0.8460025871026154,-5.697594192497893,0.8859815585748001,0.46057782396377617
10:53:53.364167,0.13690035762717478,-0.35113940135754335,0.8477965339948049,-5.5154243056175885,0.9095616347254776,0.48440766234153565
10:53:53.373880,0.13662829153027062,-0.3509635083851836,0.8494729444133862,-5.32978781831247,0.9172086711020296,0.5152933916356012
10:53:53.384104,0.1357755557216722,-0.35309160712026255,0.8505096531113091,-5.159521546845542,0.910805526944913,0.5466361708841029
10:53:53.394034,0.13471412109837402,-0.35654254190711837,0.8504701083041379,-5.017327259843093,0.8943248279626826,0.5717431415529187
10:53:53.403844,0.13377669186467891,-0.3599467717570291,0.8492575587761971,-4.910453969297418,0.8729243760730631,0.5848580003158488
10:53:53.413925,0.13321782292688128,-0.36213464832031156,0.8470836188386677,-4.841957535966486,0.8518211764032619,0.582034050726518
10:53:53.423864,0.13314610105773728,-0.3625685633291903,0.8443503166988457,-4.81183412866166,0.8352710044032998,0.5616972420377819
10:53:53.433643,0.133430755195648,-0.36152654394603295,0.8417161055830117,-4.81768488458245,0.8258954920244304,0.5248165231240917
10:53:53.443676,0.1337504805665484,-0.3598627218523214,0.8401795438797841,-4.854950968318602,0.8244484885996126,0.47467976405679346
10:53:53.453695,0.1338448596532841,-0.35843236411954793,0.8407057529705966,-4.916982863558643,0.8299809410816593,0.4163424736546494
10:53:53.463881,0.13372751309089434,-0.3575990911344699,0.8434170697580952,-4.99523719816294,0.8402898172984489,0.35586147913534744
10:53:53.473903,0.13359504007542639,-0.35719113170435324,0.8471779941787653,-5.079799428967573,0.8525167547913799,0.2994443193363445
10:53:53.484040,0.1335330420700932,-0.3568670914921511,0.8502799701321289,-5.160294516668757,0.8637688732919473,0.25263870067294314
10:53:53.493792,0.13339406988223074,-0.356490092504815,0.8517527336239411,-5.227107744255421,0.8716439841104567,0.21966170149127637
10:53:53.504114,0.13301749258509005,-0.3561363306631133,0.8520191048871986,-5.272707183583524,0.8745593269457275,0.20293957239864924
10:53:53.514367,0.13254284023207724,-0.355771795326112,0.8522415631087817,-5.292765812121677,0.8718333595386454,0.20290598163609622
10:53:53.523847,0.13244040167784304,-0.35503797479177074,0.8530566370424255,-5.286767381564689,0.8635569708426423,0.21808272520518548
10:53:53.533780,0.1331628496565156,-0.35353646735771943,0.8539310907993318,-5.25787897792102,0.8503679618921879,0.24542736436246138
10:53:53.543810,0.13471361153909336,-0.35142558553543785,0.8536728086079732,-5.212078634585826,0.8332589471334209,0.2808762486223757
10:53:53.553891,0.1365547325877122,-0.34963570240895964,0.85159884396859,-5.156765516121605,0.8134999098173917,0.3199607653732973
10:53:53.563721,0.137988510088525,-0.3492895299570638,0.8483854429521049,-5.099235091342317,0.7926820582586596,0.3583587152424467
10:53:53.573793,0.1386833455168467,-0.35076360815215096,0.8458321954067053,-5.045395013205336,0.7728285350393389,0.39227607950812815
10:53:53.583914,0.13883866951154533,-0.3532664910315039,0.8455380790446453,-4.998960136793556,0.7564811291142942,0.41862644775248087
10:53:53.593842,0.13883068695521136,-0.3553900605293996,0.8474833787149532,-4.9612042347038265,0.7466588966635167,0.4350558553523284
10:53:53.603828,0.13873972914345412,-0.3562401753007619,0.8498390673847686,-4.931242696560902,0.7466054242526201,0.43991522966975766
10:53:53.613993,0.13831684411436912,-0.3561510961109083,0.8503463650255317,-4.906766460453289,0.7593043158186918,0.4322863830144344
10:53:53.623678,0.13746790745559684,-0.3562299378090929,0.848145969500022,-4.885079613697886,0.7868246908352033,0.4121169302357722
10:53:53.633914,0.13670329425601327,-0.3570865437317058,0.8445023904115815,-4.8641818003147135,0.8296261851041522,0.38043874948766604
10:53:53.643874,0.13692567710189343,-0.3580437660302703,0.8418302349938177,-4.843538279577338,0.8859929649592094,0.3395759481224891
10:53:53.654066,0.1385766731967522,-0.35772351504539984,0.8418261987082984,-4.824209459943846,0.9517763703196853,0.2932272781841005
10:53:53.663708,0.14093468759847694,-0.3554610906501829,0.8442405746118801,-4.808240975741144,1.0205957823617626,0.24634212191311852
10:53:53.673721,0.14238437332963252,-0.3521289755207509,0.8473220242533521,-4.797574285479742,1.0845648621664814,0.20477407020158547
10:53:53.683678,0.14158725646501058,-0.3496023096945753,0.8494950576362494,-4.793014895987171,1.1354750408855696,0.1747521571254768
10:53:53.693865,0.13856182254112295,-0.3494152480215786,0.8506303258350789,-4.7937868813352145,1.1662091428810488,0.16223239890744562
10:53:53.703812,0.13470135332409724,-0.3517344121306994,0.8516770319996133,-4.797886526152462,1.1720461162471567,0.17218955329917782
10:53:53.714223,0.13169066032961133,-0.35531626649042414,0.8531987492820665,-4.803014290668214,1.1515320675888547,0.20790924355818705
10:53:53.723833,0.1302754083404324,-0.3582972128451347,0.854536548008223,-4.807573845013196,1.1067469455704875,0.27036116331533705
10:53:53.733867,0.129990775374613,-0.35917197038235804,0.8545064366550107,-4.8112333130851646,1.0430023139548534,0.3577627054335665
10:53:53.744358,0.1300194459417894,-0.3574147804292054,0.8527387384124224,-4.81481132896347,0.9681318347327877,0.46545055236354976
10:53:53.753993,0.1301890816832454,-0.3536206484966098,0.8501400468896607,-4.819604106558059,0.891522755295991,0.5861480634312679
10:53:53.763695,0.1310289890610358,-0.3492729499310858,0.8480619034804361,-4.826519281948559,0.8229556425584624,0.7106505431503597
10:53:53.774107,0.13291941238175523,-0.3461966888967036,0.8471502424763565,-4.83542677634566,0.771298161943648,0.8288626089886125
10:53:53.783813,0.13538916642666438,-0.3457727518297404,0.8470426613194056,-4.844992663083083,0.7431827113032249,0.9310351105739405
10:53:53.793906,0.1373921674709515,-0.34819604602905785,0.847058041407842,-4.8530230481051495,0.7419086274567422,1.008991763767562
10:53:53.803999,0.13824856521420337,-0.3522488577172542,0.8469836229618422,-4.85712254984216,0.7668369886426571,1.0571280896065465
10:53:53.814811,0.1382154532890425,-0.3559313503523383,0.847110859621159,-4.85535520589422,0.8134555133276007,1.073008587854654
10:53:53.825547,0.13811739164671627,-0.35769649553394284,0.8476567754413773,-4.846632287077309,0.8741361421791021,1.0574661304784316
10:53:53.833860,0.1384943120416052,-0.35738700486311215,0.8484011186345186,-4.8307226928288864,0.9394611316331446,1.0141996745086064
10:53:53.843799,0.13914584134514815,-0.35607974432691814,0.8489560034985828,-4.80798988359012,0.9998837269500347,0.9489584025569447
10:53:53.853848,0.1394072388458533,-0.35502101541588854,0.8492281499484059,-4.779078888793833,1.0474091463547166,0.8684805536804617
10:53:53.864104,0.13873048022485304,-0.35467267152460596,0.8494999673892751,-4.7447444431841665,1.0769468436320206,0.7794060357227532
10:53:53.873629,0.13700547224580645,-0.3546554467427201,0.8501356743185764,-4.705868910027495,1.0870448464626594,0.6873842443688635
10:53:53.885998,0.13448953405787872,-0.35441051395935097,0.8512847126972621,-4.6635712601324775,1.0798767777122888,0.596543761587912
10:53:53.894188,0.13158348112470064,-0.353806092945497,0.8527940275735435,-4.619248662817902,1.0605376224341099,0.5093908929792136
